ComfyUI: http://127.0.0.1:8188; checkpoint: RealVisXL_V5.0_fp16.safetensors
Prompts: 2953; samples/prompt: 1; total images: 2953
Output: /home/hm/Projects/Tests/2026-09-02/image-generation/realvisxl_full; manifest: /home/hm/Projects/Tests/2026-09-02/image-generation/realvisxl_full/manifest.jsonl
[1/2953] sample 0: OK 31.1s -> /home/hm/Projects/Tests/2026-09-02/image-generation/realvisxl_full/geneval/0000/samples/0000.png
[2/2953] sample 0: OK 31.1s -> /home/hm/Projects/Tests/2026-09-02/image-generation/realvisxl_full/geneval/0001/samples/0000.png
[3/2953] sample 0: OK 31.2s -> /home/hm/Projects/Tests/2026-09-02/image-generation/realvisxl_full/geneval/0002/samples/0000.png
ComfyUI: http://127.0.0.1:8188; checkpoint: RealVisXL_V5.0_fp16.safetensors
Prompts: 2953; samples/prompt: 1; total images: 2953
Output: /home/hm/Projects/Tests/2026-09-02/image-generation/realvisxl_full; manifest: /home/hm/Projects/Tests/2026-09-02/image-generation/realvisxl_full/manifest.jsonl
[1/2953] sample 0: skip geneval:0000:0
[2/2953] sample 0: skip geneval:0001:0
[3/2953] sample 0: skip geneval:0002:0
[4/2953] sample 0: OK 0.5s -> /home/hm/Projects/Tests/2026-09-02/image-generation/realvisxl_full/geneval/0003/samples/0000.png
[5/2953] sample 0: OK 32.1s -> /home/hm/Projects/Tests/2026-09-02/image-generation/realvisxl_full/geneval/0004/samples/0000.png
[6/2953] sample 0: OK 31.6s -> /home/hm/Projects/Tests/2026-09-02/image-generation/realvisxl_full/geneval/0005/samples/0000.png
[7/2953] sample 0: OK 31.7s -> /home/hm/Projects/Tests/2026-09-02/image-generation/realvisxl_full/geneval/0006/samples/0000.png
[8/2953] sample 0: OK 32.6s -> /home/hm/Projects/Tests/2026-09-02/image-generation/realvisxl_full/geneval/0007/samples/0000.png
[9/2953] sample 0: OK 31.7s -> /home/hm/Projects/Tests/2026-09-02/image-generation/realvisxl_full/geneval/0008/samples/0000.png
[10/2953] sample 0: OK 31.7s -> /home/hm/Projects/Tests/2026-09-02/image-generation/realvisxl_full/geneval/0009/samples/0000.png
[11/2953] sample 0: OK 31.6s -> /home/hm/Projects/Tests/2026-09-02/image-generation/realvisxl_full/geneval/0010/samples/0000.png
[12/2953] sample 0: OK 32.8s -> /home/hm/Projects/Tests/2026-09-02/image-generation/realvisxl_full/geneval/0011/samples/0000.png
[13/2953] sample 0: OK 32.1s -> /home/hm/Projects/Tests/2026-09-02/image-generation/realvisxl_full/geneval/0012/samples/0000.png
[14/2953] sample 0: OK 31.6s -> /home/hm/Projects/Tests/2026-09-02/image-generation/realvisxl_full/geneval/0013/samples/0000.png
[15/2953] sample 0: OK 31.6s -> /home/hm/Projects/Tests/2026-09-02/image-generation/realvisxl_full/geneval/0014/samples/0000.png
[16/2953] sample 0: OK 32.6s -> /home/hm/Projects/Tests/2026-09-02/image-generation/realvisxl_full/geneval/0015/samples/0000.png
[17/2953] sample 0: OK 32.1s -> /home/hm/Projects/Tests/2026-09-02/image-generation/realvisxl_full/geneval/0016/samples/0000.png
[18/2953] sample 0: OK 31.6s -> /home/hm/Projects/Tests/2026-09-02/image-generation/realvisxl_full/geneval/0017/samples/0000.png
[19/2953] sample 0: OK 31.6s -> /home/hm/Projects/Tests/2026-09-02/image-generation/realvisxl_full/geneval/0018/samples/0000.png
[20/2953] sample 0: OK 31.6s -> /home/hm/Projects/Tests/2026-09-02/image-generation/realvisxl_full/geneval/0019/samples/0000.png
[21/2953] sample 0: OK 31.6s -> /home/hm/Projects/Tests/2026-09-02/image-generation/realvisxl_full/geneval/0020/samples/0000.png
[22/2953] sample 0: OK 31.7s -> /home/hm/Projects/Tests/2026-09-02/image-generation/realvisxl_full/geneval/0021/samples/0000.png
[23/2953] sample 0: OK 31.6s -> /home/hm/Projects/Tests/2026-09-02/image-generation/realvisxl_full/geneval/0022/samples/0000.png
[24/2953] sample 0: OK 31.6s -> /home/hm/Projects/Tests/2026-09-02/image-generation/realvisxl_full/geneval/0023/samples/0000.png
[25/2953] sample 0: OK 31.7s -> /home/hm/Projects/Tests/2026-09-02/image-generation/realvisxl_full/geneval/0024/samples/0000.png
[26/2953] sample 0: OK 31.7s -> /home/hm/Projects/Tests/2026-09-02/image-generation/realvisxl_full/geneval/0025/samples/0000.png
[27/2953] sample 0: OK 31.8s -> /home/hm/Projects/Tests/2026-09-02/image-generation/realvisxl_full/geneval/0026/samples/0000.png
[28/2953] sample 0: OK 31.8s -> /home/hm/Projects/Tests/2026-09-02/image-generation/realvisxl_full/geneval/0027/samples/0000.png
[29/2953] sample 0: OK 31.8s -> /home/hm/Projects/Tests/2026-09-02/image-generation/realvisxl_full/geneval/0028/samples/0000.png
[30/2953] sample 0: OK 32.1s -> /home/hm/Projects/Tests/2026-09-02/image-generation/realvisxl_full/geneval/0029/samples/0000.png
[31/2953] sample 0: OK 31.6s -> /home/hm/Projects/Tests/2026-09-02/image-generation/realvisxl_full/geneval/0030/samples/0000.png
[32/2953] sample 0: OK 31.6s -> /home/hm/Projects/Tests/2026-09-02/image-generation/realvisxl_full/geneval/0031/samples/0000.png
[33/2953] sample 0: OK 31.6s -> /home/hm/Projects/Tests/2026-09-02/image-generation/realvisxl_full/geneval/0032/samples/0000.png
[34/2953] sample 0: OK 31.6s -> /home/hm/Projects/Tests/2026-09-02/image-generation/realvisxl_full/geneval/0033/samples/0000.png
[35/2953] sample 0: OK 31.6s -> /home/hm/Projects/Tests/2026-09-02/image-generation/realvisxl_full/geneval/0034/samples/0000.png
[36/2953] sample 0: OK 31.6s -> /home/hm/Projects/Tests/2026-09-02/image-generation/realvisxl_full/geneval/0035/samples/0000.png
[37/2953] sample 0: OK 31.6s -> /home/hm/Projects/Tests/2026-09-02/image-generation/realvisxl_full/geneval/0036/samples/0000.png
[38/2953] sample 0: OK 31.6s -> /home/hm/Projects/Tests/2026-09-02/image-generation/realvisxl_full/geneval/0037/samples/0000.png
[39/2953] sample 0: OK 31.6s -> /home/hm/Projects/Tests/2026-09-02/image-generation/realvisxl_full/geneval/0038/samples/0000.png
[40/2953] sample 0: OK 31.6s -> /home/hm/Projects/Tests/2026-09-02/image-generation/realvisxl_full/geneval/0039/samples/0000.png
[41/2953] sample 0: OK 31.6s -> /home/hm/Projects/Tests/2026-09-02/image-generation/realvisxl_full/geneval/0040/samples/0000.png
[42/2953] sample 0: OK 31.6s -> /home/hm/Projects/Tests/2026-09-02/image-generation/realvisxl_full/geneval/0041/samples/0000.png
[43/2953] sample 0: OK 31.6s -> /home/hm/Projects/Tests/2026-09-02/image-generation/realvisxl_full/geneval/0042/samples/0000.png
[44/2953] sample 0: OK 31.6s -> /home/hm/Projects/Tests/2026-09-02/image-generation/realvisxl_full/geneval/0043/samples/0000.png
[45/2953] sample 0: OK 31.6s -> /home/hm/Projects/Tests/2026-09-02/image-generation/realvisxl_full/geneval/0044/samples/0000.png
[46/2953] sample 0: OK 31.6s -> /home/hm/Projects/Tests/2026-09-02/image-generation/realvisxl_full/geneval/0045/samples/0000.png
[47/2953] sample 0: OK 31.6s -> /home/hm/Projects/Tests/2026-09-02/image-generation/realvisxl_full/geneval/0046/samples/0000.png
[48/2953] sample 0: OK 31.6s -> /home/hm/Projects/Tests/2026-09-02/image-generation/realvisxl_full/geneval/0047/samples/0000.png
[49/2953] sample 0: OK 31.6s -> /home/hm/Projects/Tests/2026-09-02/image-generation/realvisxl_full/geneval/0048/samples/0000.png
[50/2953] sample 0: OK 31.6s -> /home/hm/Projects/Tests/2026-09-02/image-generation/realvisxl_full/geneval/0049/samples/0000.png
[51/2953] sample 0: OK 31.6s -> /home/hm/Projects/Tests/2026-09-02/image-generation/realvisxl_full/geneval/0050/samples/0000.png
[52/2953] sample 0: OK 31.6s -> /home/hm/Projects/Tests/2026-09-02/image-generation/realvisxl_full/geneval/0051/samples/0000.png
[53/2953] sample 0: OK 31.6s -> /home/hm/Projects/Tests/2026-09-02/image-generation/realvisxl_full/geneval/0052/samples/0000.png
[54/2953] sample 0: OK 31.6s -> /home/hm/Projects/Tests/2026-09-02/image-generation/realvisxl_full/geneval/0053/samples/0000.png
[55/2953] sample 0: OK 31.6s -> /home/hm/Projects/Tests/2026-09-02/image-generation/realvisxl_full/geneval/0054/samples/0000.png
[56/2953] sample 0: OK 31.6s -> /home/hm/Projects/Tests/2026-09-02/image-generation/realvisxl_full/geneval/0055/samples/0000.png
[57/2953] sample 0: OK 31.6s -> /home/hm/Projects/Tests/2026-09-02/image-generation/realvisxl_full/geneval/0056/samples/0000.png
[58/2953] sample 0: OK 31.6s -> /home/hm/Projects/Tests/2026-09-02/image-generation/realvisxl_full/geneval/0057/samples/0000.png
[59/2953] sample 0: OK 31.6s -> /home/hm/Projects/Tests/2026-09-02/image-generation/realvisxl_full/geneval/0058/samples/0000.png
[60/2953] sample 0: OK 31.6s -> /home/hm/Projects/Tests/2026-09-02/image-generation/realvisxl_full/geneval/0059/samples/0000.png
[61/2953] sample 0: OK 31.6s -> /home/hm/Projects/Tests/2026-09-02/image-generation/realvisxl_full/geneval/0060/samples/0000.png
[62/2953] sample 0: OK 31.6s -> /home/hm/Projects/Tests/2026-09-02/image-generation/realvisxl_full/geneval/0061/samples/0000.png
[63/2953] sample 0: OK 31.6s -> /home/hm/Projects/Tests/2026-09-02/image-generation/realvisxl_full/geneval/0062/samples/0000.png
[64/2953] sample 0: OK 31.6s -> /home/hm/Projects/Tests/2026-09-02/image-generation/realvisxl_full/geneval/0063/samples/0000.png
[65/2953] sample 0: OK 31.6s -> /home/hm/Projects/Tests/2026-09-02/image-generation/realvisxl_full/geneval/0064/samples/0000.png
[66/2953] sample 0: OK 31.6s -> /home/hm/Projects/Tests/2026-09-02/image-generation/realvisxl_full/geneval/0065/samples/0000.png
[67/2953] sample 0: OK 31.6s -> /home/hm/Projects/Tests/2026-09-02/image-generation/realvisxl_full/geneval/0066/samples/0000.png
[68/2953] sample 0: OK 31.6s -> /home/hm/Projects/Tests/2026-09-02/image-generation/realvisxl_full/geneval/0067/samples/0000.png
[69/2953] sample 0: OK 31.6s -> /home/hm/Projects/Tests/2026-09-02/image-generation/realvisxl_full/geneval/0068/samples/0000.png
[70/2953] sample 0: OK 31.6s -> /home/hm/Projects/Tests/2026-09-02/image-generation/realvisxl_full/geneval/0069/samples/0000.png
[71/2953] sample 0: OK 31.6s -> /home/hm/Projects/Tests/2026-09-02/image-generation/realvisxl_full/geneval/0070/samples/0000.png
[72/2953] sample 0: OK 31.6s -> /home/hm/Projects/Tests/2026-09-02/image-generation/realvisxl_full/geneval/0071/samples/0000.png
[73/2953] sample 0: OK 31.6s -> /home/hm/Projects/Tests/2026-09-02/image-generation/realvisxl_full/geneval/0072/samples/0000.png
[74/2953] sample 0: OK 31.6s -> /home/hm/Projects/Tests/2026-09-02/image-generation/realvisxl_full/geneval/0073/samples/0000.png
[75/2953] sample 0: OK 31.6s -> /home/hm/Projects/Tests/2026-09-02/image-generation/realvisxl_full/geneval/0074/samples/0000.png
[76/2953] sample 0: OK 31.6s -> /home/hm/Projects/Tests/2026-09-02/image-generation/realvisxl_full/geneval/0075/samples/0000.png
[77/2953] sample 0: OK 31.6s -> /home/hm/Projects/Tests/2026-09-02/image-generation/realvisxl_full/geneval/0076/samples/0000.png
[78/2953] sample 0: OK 31.6s -> /home/hm/Projects/Tests/2026-09-02/image-generation/realvisxl_full/geneval/0077/samples/0000.png
[79/2953] sample 0: OK 31.6s -> /home/hm/Projects/Tests/2026-09-02/image-generation/realvisxl_full/geneval/0078/samples/0000.png
[80/2953] sample 0: OK 31.6s -> /home/hm/Projects/Tests/2026-09-02/image-generation/realvisxl_full/geneval/0079/samples/0000.png
[81/2953] sample 0: OK 31.6s -> /home/hm/Projects/Tests/2026-09-02/image-generation/realvisxl_full/geneval/0080/samples/0000.png
[82/2953] sample 0: OK 31.6s -> /home/hm/Projects/Tests/2026-09-02/image-generation/realvisxl_full/geneval/0081/samples/0000.png
[83/2953] sample 0: OK 31.6s -> /home/hm/Projects/Tests/2026-09-02/image-generation/realvisxl_full/geneval/0082/samples/0000.png
[84/2953] sample 0: OK 31.6s -> /home/hm/Projects/Tests/2026-09-02/image-generation/realvisxl_full/geneval/0083/samples/0000.png
[85/2953] sample 0: OK 31.6s -> /home/hm/Projects/Tests/2026-09-02/image-generation/realvisxl_full/geneval/0084/samples/0000.png
[86/2953] sample 0: OK 31.6s -> /home/hm/Projects/Tests/2026-09-02/image-generation/realvisxl_full/geneval/0085/samples/0000.png
[87/2953] sample 0: OK 31.6s -> /home/hm/Projects/Tests/2026-09-02/image-generation/realvisxl_full/geneval/0086/samples/0000.png
[88/2953] sample 0: OK 31.6s -> /home/hm/Projects/Tests/2026-09-02/image-generation/realvisxl_full/geneval/0087/samples/0000.png
[89/2953] sample 0: OK 31.6s -> /home/hm/Projects/Tests/2026-09-02/image-generation/realvisxl_full/geneval/0088/samples/0000.png
[90/2953] sample 0: OK 31.6s -> /home/hm/Projects/Tests/2026-09-02/image-generation/realvisxl_full/geneval/0089/samples/0000.png
[91/2953] sample 0: OK 31.6s -> /home/hm/Projects/Tests/2026-09-02/image-generation/realvisxl_full/geneval/0090/samples/0000.png
[92/2953] sample 0: OK 31.6s -> /home/hm/Projects/Tests/2026-09-02/image-generation/realvisxl_full/geneval/0091/samples/0000.png
[93/2953] sample 0: OK 31.6s -> /home/hm/Projects/Tests/2026-09-02/image-generation/realvisxl_full/geneval/0092/samples/0000.png
[94/2953] sample 0: OK 31.6s -> /home/hm/Projects/Tests/2026-09-02/image-generation/realvisxl_full/geneval/0093/samples/0000.png
[95/2953] sample 0: OK 31.6s -> /home/hm/Projects/Tests/2026-09-02/image-generation/realvisxl_full/geneval/0094/samples/0000.png
[96/2953] sample 0: OK 31.6s -> /home/hm/Projects/Tests/2026-09-02/image-generation/realvisxl_full/geneval/0095/samples/0000.png
[97/2953] sample 0: OK 31.6s -> /home/hm/Projects/Tests/2026-09-02/image-generation/realvisxl_full/geneval/0096/samples/0000.png
[98/2953] sample 0: OK 31.6s -> /home/hm/Projects/Tests/2026-09-02/image-generation/realvisxl_full/geneval/0097/samples/0000.png
[99/2953] sample 0: OK 31.6s -> /home/hm/Projects/Tests/2026-09-02/image-generation/realvisxl_full/geneval/0098/samples/0000.png
[100/2953] sample 0: OK 31.6s -> /home/hm/Projects/Tests/2026-09-02/image-generation/realvisxl_full/geneval/0099/samples/0000.png
[101/2953] sample 0: OK 31.6s -> /home/hm/Projects/Tests/2026-09-02/image-generation/realvisxl_full/geneval/0100/samples/0000.png
[102/2953] sample 0: OK 31.6s -> /home/hm/Projects/Tests/2026-09-02/image-generation/realvisxl_full/geneval/0101/samples/0000.png
[103/2953] sample 0: OK 31.6s -> /home/hm/Projects/Tests/2026-09-02/image-generation/realvisxl_full/geneval/0102/samples/0000.png
[104/2953] sample 0: OK 31.6s -> /home/hm/Projects/Tests/2026-09-02/image-generation/realvisxl_full/geneval/0103/samples/0000.png
[105/2953] sample 0: OK 31.6s -> /home/hm/Projects/Tests/2026-09-02/image-generation/realvisxl_full/geneval/0104/samples/0000.png
[106/2953] sample 0: OK 31.6s -> /home/hm/Projects/Tests/2026-09-02/image-generation/realvisxl_full/geneval/0105/samples/0000.png
[107/2953] sample 0: OK 31.6s -> /home/hm/Projects/Tests/2026-09-02/image-generation/realvisxl_full/geneval/0106/samples/0000.png
[108/2953] sample 0: OK 31.6s -> /home/hm/Projects/Tests/2026-09-02/image-generation/realvisxl_full/geneval/0107/samples/0000.png
[109/2953] sample 0: OK 31.6s -> /home/hm/Projects/Tests/2026-09-02/image-generation/realvisxl_full/geneval/0108/samples/0000.png
[110/2953] sample 0: OK 31.6s -> /home/hm/Projects/Tests/2026-09-02/image-generation/realvisxl_full/geneval/0109/samples/0000.png
[111/2953] sample 0: OK 31.6s -> /home/hm/Projects/Tests/2026-09-02/image-generation/realvisxl_full/geneval/0110/samples/0000.png
[112/2953] sample 0: OK 31.6s -> /home/hm/Projects/Tests/2026-09-02/image-generation/realvisxl_full/geneval/0111/samples/0000.png
[113/2953] sample 0: OK 31.6s -> /home/hm/Projects/Tests/2026-09-02/image-generation/realvisxl_full/geneval/0112/samples/0000.png
[114/2953] sample 0: OK 31.6s -> /home/hm/Projects/Tests/2026-09-02/image-generation/realvisxl_full/geneval/0113/samples/0000.png
[115/2953] sample 0: OK 31.6s -> /home/hm/Projects/Tests/2026-09-02/image-generation/realvisxl_full/geneval/0114/samples/0000.png
[116/2953] sample 0: OK 31.6s -> /home/hm/Projects/Tests/2026-09-02/image-generation/realvisxl_full/geneval/0115/samples/0000.png
[117/2953] sample 0: OK 31.6s -> /home/hm/Projects/Tests/2026-09-02/image-generation/realvisxl_full/geneval/0116/samples/0000.png
[118/2953] sample 0: OK 31.6s -> /home/hm/Projects/Tests/2026-09-02/image-generation/realvisxl_full/geneval/0117/samples/0000.png
[119/2953] sample 0: OK 31.6s -> /home/hm/Projects/Tests/2026-09-02/image-generation/realvisxl_full/geneval/0118/samples/0000.png
[120/2953] sample 0: OK 31.6s -> /home/hm/Projects/Tests/2026-09-02/image-generation/realvisxl_full/geneval/0119/samples/0000.png
[121/2953] sample 0: OK 31.6s -> /home/hm/Projects/Tests/2026-09-02/image-generation/realvisxl_full/geneval/0120/samples/0000.png
[122/2953] sample 0: OK 31.6s -> /home/hm/Projects/Tests/2026-09-02/image-generation/realvisxl_full/geneval/0121/samples/0000.png
[123/2953] sample 0: OK 31.6s -> /home/hm/Projects/Tests/2026-09-02/image-generation/realvisxl_full/geneval/0122/samples/0000.png
[124/2953] sample 0: OK 31.6s -> /home/hm/Projects/Tests/2026-09-02/image-generation/realvisxl_full/geneval/0123/samples/0000.png
[125/2953] sample 0: OK 31.6s -> /home/hm/Projects/Tests/2026-09-02/image-generation/realvisxl_full/geneval/0124/samples/0000.png
[126/2953] sample 0: OK 31.6s -> /home/hm/Projects/Tests/2026-09-02/image-generation/realvisxl_full/geneval/0125/samples/0000.png
[127/2953] sample 0: OK 31.6s -> /home/hm/Projects/Tests/2026-09-02/image-generation/realvisxl_full/geneval/0126/samples/0000.png
[128/2953] sample 0: OK 31.6s -> /home/hm/Projects/Tests/2026-09-02/image-generation/realvisxl_full/geneval/0127/samples/0000.png
[129/2953] sample 0: OK 31.6s -> /home/hm/Projects/Tests/2026-09-02/image-generation/realvisxl_full/geneval/0128/samples/0000.png
[130/2953] sample 0: OK 31.6s -> /home/hm/Projects/Tests/2026-09-02/image-generation/realvisxl_full/geneval/0129/samples/0000.png
[131/2953] sample 0: OK 31.6s -> /home/hm/Projects/Tests/2026-09-02/image-generation/realvisxl_full/geneval/0130/samples/0000.png
[132/2953] sample 0: OK 31.6s -> /home/hm/Projects/Tests/2026-09-02/image-generation/realvisxl_full/geneval/0131/samples/0000.png
[133/2953] sample 0: OK 31.6s -> /home/hm/Projects/Tests/2026-09-02/image-generation/realvisxl_full/geneval/0132/samples/0000.png
[134/2953] sample 0: OK 31.6s -> /home/hm/Projects/Tests/2026-09-02/image-generation/realvisxl_full/geneval/0133/samples/0000.png
[135/2953] sample 0: OK 31.6s -> /home/hm/Projects/Tests/2026-09-02/image-generation/realvisxl_full/geneval/0134/samples/0000.png
[136/2953] sample 0: OK 31.6s -> /home/hm/Projects/Tests/2026-09-02/image-generation/realvisxl_full/geneval/0135/samples/0000.png
[137/2953] sample 0: OK 31.6s -> /home/hm/Projects/Tests/2026-09-02/image-generation/realvisxl_full/geneval/0136/samples/0000.png
[138/2953] sample 0: OK 31.6s -> /home/hm/Projects/Tests/2026-09-02/image-generation/realvisxl_full/geneval/0137/samples/0000.png
[139/2953] sample 0: OK 31.6s -> /home/hm/Projects/Tests/2026-09-02/image-generation/realvisxl_full/geneval/0138/samples/0000.png
[140/2953] sample 0: OK 31.6s -> /home/hm/Projects/Tests/2026-09-02/image-generation/realvisxl_full/geneval/0139/samples/0000.png
[141/2953] sample 0: OK 31.6s -> /home/hm/Projects/Tests/2026-09-02/image-generation/realvisxl_full/geneval/0140/samples/0000.png
[142/2953] sample 0: OK 31.6s -> /home/hm/Projects/Tests/2026-09-02/image-generation/realvisxl_full/geneval/0141/samples/0000.png
[143/2953] sample 0: OK 31.6s -> /home/hm/Projects/Tests/2026-09-02/image-generation/realvisxl_full/geneval/0142/samples/0000.png
[144/2953] sample 0: OK 31.6s -> /home/hm/Projects/Tests/2026-09-02/image-generation/realvisxl_full/geneval/0143/samples/0000.png
[145/2953] sample 0: OK 31.6s -> /home/hm/Projects/Tests/2026-09-02/image-generation/realvisxl_full/geneval/0144/samples/0000.png
[146/2953] sample 0: OK 31.6s -> /home/hm/Projects/Tests/2026-09-02/image-generation/realvisxl_full/geneval/0145/samples/0000.png
[147/2953] sample 0: OK 31.6s -> /home/hm/Projects/Tests/2026-09-02/image-generation/realvisxl_full/geneval/0146/samples/0000.png
[148/2953] sample 0: OK 31.6s -> /home/hm/Projects/Tests/2026-09-02/image-generation/realvisxl_full/geneval/0147/samples/0000.png
[149/2953] sample 0: OK 31.6s -> /home/hm/Projects/Tests/2026-09-02/image-generation/realvisxl_full/geneval/0148/samples/0000.png
[150/2953] sample 0: OK 31.6s -> /home/hm/Projects/Tests/2026-09-02/image-generation/realvisxl_full/geneval/0149/samples/0000.png
[151/2953] sample 0: OK 31.6s -> /home/hm/Projects/Tests/2026-09-02/image-generation/realvisxl_full/geneval/0150/samples/0000.png
[152/2953] sample 0: OK 31.6s -> /home/hm/Projects/Tests/2026-09-02/image-generation/realvisxl_full/geneval/0151/samples/0000.png
[153/2953] sample 0: OK 31.6s -> /home/hm/Projects/Tests/2026-09-02/image-generation/realvisxl_full/geneval/0152/samples/0000.png
[154/2953] sample 0: OK 31.6s -> /home/hm/Projects/Tests/2026-09-02/image-generation/realvisxl_full/geneval/0153/samples/0000.png
[155/2953] sample 0: OK 31.6s -> /home/hm/Projects/Tests/2026-09-02/image-generation/realvisxl_full/geneval/0154/samples/0000.png
[156/2953] sample 0: OK 31.7s -> /home/hm/Projects/Tests/2026-09-02/image-generation/realvisxl_full/geneval/0155/samples/0000.png
[157/2953] sample 0: OK 31.7s -> /home/hm/Projects/Tests/2026-09-02/image-generation/realvisxl_full/geneval/0156/samples/0000.png
[158/2953] sample 0: OK 31.6s -> /home/hm/Projects/Tests/2026-09-02/image-generation/realvisxl_full/geneval/0157/samples/0000.png
[159/2953] sample 0: OK 31.6s -> /home/hm/Projects/Tests/2026-09-02/image-generation/realvisxl_full/geneval/0158/samples/0000.png
[160/2953] sample 0: OK 31.6s -> /home/hm/Projects/Tests/2026-09-02/image-generation/realvisxl_full/geneval/0159/samples/0000.png
[161/2953] sample 0: OK 31.6s -> /home/hm/Projects/Tests/2026-09-02/image-generation/realvisxl_full/geneval/0160/samples/0000.png
[162/2953] sample 0: OK 31.6s -> /home/hm/Projects/Tests/2026-09-02/image-generation/realvisxl_full/geneval/0161/samples/0000.png
[163/2953] sample 0: OK 31.6s -> /home/hm/Projects/Tests/2026-09-02/image-generation/realvisxl_full/geneval/0162/samples/0000.png
[164/2953] sample 0: OK 31.6s -> /home/hm/Projects/Tests/2026-09-02/image-generation/realvisxl_full/geneval/0163/samples/0000.png
[165/2953] sample 0: OK 31.6s -> /home/hm/Projects/Tests/2026-09-02/image-generation/realvisxl_full/geneval/0164/samples/0000.png
[166/2953] sample 0: OK 31.6s -> /home/hm/Projects/Tests/2026-09-02/image-generation/realvisxl_full/geneval/0165/samples/0000.png
[167/2953] sample 0: OK 31.6s -> /home/hm/Projects/Tests/2026-09-02/image-generation/realvisxl_full/geneval/0166/samples/0000.png
[168/2953] sample 0: OK 31.6s -> /home/hm/Projects/Tests/2026-09-02/image-generation/realvisxl_full/geneval/0167/samples/0000.png
[169/2953] sample 0: OK 31.6s -> /home/hm/Projects/Tests/2026-09-02/image-generation/realvisxl_full/geneval/0168/samples/0000.png
[170/2953] sample 0: OK 31.6s -> /home/hm/Projects/Tests/2026-09-02/image-generation/realvisxl_full/geneval/0169/samples/0000.png
[171/2953] sample 0: OK 31.6s -> /home/hm/Projects/Tests/2026-09-02/image-generation/realvisxl_full/geneval/0170/samples/0000.png
[172/2953] sample 0: OK 31.6s -> /home/hm/Projects/Tests/2026-09-02/image-generation/realvisxl_full/geneval/0171/samples/0000.png
[173/2953] sample 0: OK 31.6s -> /home/hm/Projects/Tests/2026-09-02/image-generation/realvisxl_full/geneval/0172/samples/0000.png
[174/2953] sample 0: OK 31.6s -> /home/hm/Projects/Tests/2026-09-02/image-generation/realvisxl_full/geneval/0173/samples/0000.png
[175/2953] sample 0: OK 31.6s -> /home/hm/Projects/Tests/2026-09-02/image-generation/realvisxl_full/geneval/0174/samples/0000.png
[176/2953] sample 0: OK 31.6s -> /home/hm/Projects/Tests/2026-09-02/image-generation/realvisxl_full/geneval/0175/samples/0000.png
[177/2953] sample 0: OK 31.6s -> /home/hm/Projects/Tests/2026-09-02/image-generation/realvisxl_full/geneval/0176/samples/0000.png
[178/2953] sample 0: OK 31.6s -> /home/hm/Projects/Tests/2026-09-02/image-generation/realvisxl_full/geneval/0177/samples/0000.png
[179/2953] sample 0: OK 31.6s -> /home/hm/Projects/Tests/2026-09-02/image-generation/realvisxl_full/geneval/0178/samples/0000.png
[180/2953] sample 0: OK 31.6s -> /home/hm/Projects/Tests/2026-09-02/image-generation/realvisxl_full/geneval/0179/samples/0000.png
[181/2953] sample 0: OK 32.6s -> /home/hm/Projects/Tests/2026-09-02/image-generation/realvisxl_full/geneval/0180/samples/0000.png
[182/2953] sample 0: OK 31.7s -> /home/hm/Projects/Tests/2026-09-02/image-generation/realvisxl_full/geneval/0181/samples/0000.png
[183/2953] sample 0: OK 31.6s -> /home/hm/Projects/Tests/2026-09-02/image-generation/realvisxl_full/geneval/0182/samples/0000.png
[184/2953] sample 0: OK 31.6s -> /home/hm/Projects/Tests/2026-09-02/image-generation/realvisxl_full/geneval/0183/samples/0000.png
[185/2953] sample 0: OK 31.6s -> /home/hm/Projects/Tests/2026-09-02/image-generation/realvisxl_full/geneval/0184/samples/0000.png
[186/2953] sample 0: OK 31.6s -> /home/hm/Projects/Tests/2026-09-02/image-generation/realvisxl_full/geneval/0185/samples/0000.png
[187/2953] sample 0: OK 31.6s -> /home/hm/Projects/Tests/2026-09-02/image-generation/realvisxl_full/geneval/0186/samples/0000.png
[188/2953] sample 0: OK 31.6s -> /home/hm/Projects/Tests/2026-09-02/image-generation/realvisxl_full/geneval/0187/samples/0000.png
[189/2953] sample 0: OK 31.6s -> /home/hm/Projects/Tests/2026-09-02/image-generation/realvisxl_full/geneval/0188/samples/0000.png
[190/2953] sample 0: OK 31.6s -> /home/hm/Projects/Tests/2026-09-02/image-generation/realvisxl_full/geneval/0189/samples/0000.png
[191/2953] sample 0: OK 31.6s -> /home/hm/Projects/Tests/2026-09-02/image-generation/realvisxl_full/geneval/0190/samples/0000.png
[192/2953] sample 0: OK 31.6s -> /home/hm/Projects/Tests/2026-09-02/image-generation/realvisxl_full/geneval/0191/samples/0000.png
[193/2953] sample 0: OK 31.6s -> /home/hm/Projects/Tests/2026-09-02/image-generation/realvisxl_full/geneval/0192/samples/0000.png
[194/2953] sample 0: OK 31.6s -> /home/hm/Projects/Tests/2026-09-02/image-generation/realvisxl_full/geneval/0193/samples/0000.png
[195/2953] sample 0: OK 31.6s -> /home/hm/Projects/Tests/2026-09-02/image-generation/realvisxl_full/geneval/0194/samples/0000.png
[196/2953] sample 0: OK 31.6s -> /home/hm/Projects/Tests/2026-09-02/image-generation/realvisxl_full/geneval/0195/samples/0000.png
[197/2953] sample 0: OK 31.6s -> /home/hm/Projects/Tests/2026-09-02/image-generation/realvisxl_full/geneval/0196/samples/0000.png
[198/2953] sample 0: OK 31.6s -> /home/hm/Projects/Tests/2026-09-02/image-generation/realvisxl_full/geneval/0197/samples/0000.png
[199/2953] sample 0: OK 31.6s -> /home/hm/Projects/Tests/2026-09-02/image-generation/realvisxl_full/geneval/0198/samples/0000.png
[200/2953] sample 0: OK 31.6s -> /home/hm/Projects/Tests/2026-09-02/image-generation/realvisxl_full/geneval/0199/samples/0000.png
[201/2953] sample 0: OK 31.6s -> /home/hm/Projects/Tests/2026-09-02/image-generation/realvisxl_full/geneval/0200/samples/0000.png
[202/2953] sample 0: OK 31.6s -> /home/hm/Projects/Tests/2026-09-02/image-generation/realvisxl_full/geneval/0201/samples/0000.png
[203/2953] sample 0: OK 31.6s -> /home/hm/Projects/Tests/2026-09-02/image-generation/realvisxl_full/geneval/0202/samples/0000.png
[204/2953] sample 0: OK 31.6s -> /home/hm/Projects/Tests/2026-09-02/image-generation/realvisxl_full/geneval/0203/samples/0000.png
[205/2953] sample 0: OK 31.6s -> /home/hm/Projects/Tests/2026-09-02/image-generation/realvisxl_full/geneval/0204/samples/0000.png
[206/2953] sample 0: OK 31.6s -> /home/hm/Projects/Tests/2026-09-02/image-generation/realvisxl_full/geneval/0205/samples/0000.png
[207/2953] sample 0: OK 31.6s -> /home/hm/Projects/Tests/2026-09-02/image-generation/realvisxl_full/geneval/0206/samples/0000.png
[208/2953] sample 0: OK 31.6s -> /home/hm/Projects/Tests/2026-09-02/image-generation/realvisxl_full/geneval/0207/samples/0000.png
[209/2953] sample 0: OK 31.6s -> /home/hm/Projects/Tests/2026-09-02/image-generation/realvisxl_full/geneval/0208/samples/0000.png
[210/2953] sample 0: OK 31.6s -> /home/hm/Projects/Tests/2026-09-02/image-generation/realvisxl_full/geneval/0209/samples/0000.png
[211/2953] sample 0: OK 31.6s -> /home/hm/Projects/Tests/2026-09-02/image-generation/realvisxl_full/geneval/0210/samples/0000.png
[212/2953] sample 0: OK 31.6s -> /home/hm/Projects/Tests/2026-09-02/image-generation/realvisxl_full/geneval/0211/samples/0000.png
[213/2953] sample 0: OK 31.6s -> /home/hm/Projects/Tests/2026-09-02/image-generation/realvisxl_full/geneval/0212/samples/0000.png
[214/2953] sample 0: OK 31.6s -> /home/hm/Projects/Tests/2026-09-02/image-generation/realvisxl_full/geneval/0213/samples/0000.png
[215/2953] sample 0: OK 31.6s -> /home/hm/Projects/Tests/2026-09-02/image-generation/realvisxl_full/geneval/0214/samples/0000.png
[216/2953] sample 0: OK 31.6s -> /home/hm/Projects/Tests/2026-09-02/image-generation/realvisxl_full/geneval/0215/samples/0000.png
[217/2953] sample 0: OK 31.6s -> /home/hm/Projects/Tests/2026-09-02/image-generation/realvisxl_full/geneval/0216/samples/0000.png
[218/2953] sample 0: OK 31.6s -> /home/hm/Projects/Tests/2026-09-02/image-generation/realvisxl_full/geneval/0217/samples/0000.png
[219/2953] sample 0: OK 31.6s -> /home/hm/Projects/Tests/2026-09-02/image-generation/realvisxl_full/geneval/0218/samples/0000.png
[220/2953] sample 0: OK 31.6s -> /home/hm/Projects/Tests/2026-09-02/image-generation/realvisxl_full/geneval/0219/samples/0000.png
[221/2953] sample 0: OK 31.6s -> /home/hm/Projects/Tests/2026-09-02/image-generation/realvisxl_full/geneval/0220/samples/0000.png
[222/2953] sample 0: OK 31.6s -> /home/hm/Projects/Tests/2026-09-02/image-generation/realvisxl_full/geneval/0221/samples/0000.png
[223/2953] sample 0: OK 31.6s -> /home/hm/Projects/Tests/2026-09-02/image-generation/realvisxl_full/geneval/0222/samples/0000.png
[224/2953] sample 0: OK 31.6s -> /home/hm/Projects/Tests/2026-09-02/image-generation/realvisxl_full/geneval/0223/samples/0000.png
[225/2953] sample 0: OK 31.6s -> /home/hm/Projects/Tests/2026-09-02/image-generation/realvisxl_full/geneval/0224/samples/0000.png
[226/2953] sample 0: OK 31.6s -> /home/hm/Projects/Tests/2026-09-02/image-generation/realvisxl_full/geneval/0225/samples/0000.png
[227/2953] sample 0: OK 31.6s -> /home/hm/Projects/Tests/2026-09-02/image-generation/realvisxl_full/geneval/0226/samples/0000.png
[228/2953] sample 0: OK 31.6s -> /home/hm/Projects/Tests/2026-09-02/image-generation/realvisxl_full/geneval/0227/samples/0000.png
[229/2953] sample 0: OK 31.6s -> /home/hm/Projects/Tests/2026-09-02/image-generation/realvisxl_full/geneval/0228/samples/0000.png
[230/2953] sample 0: OK 31.6s -> /home/hm/Projects/Tests/2026-09-02/image-generation/realvisxl_full/geneval/0229/samples/0000.png
[231/2953] sample 0: OK 31.6s -> /home/hm/Projects/Tests/2026-09-02/image-generation/realvisxl_full/geneval/0230/samples/0000.png
[232/2953] sample 0: OK 31.6s -> /home/hm/Projects/Tests/2026-09-02/image-generation/realvisxl_full/geneval/0231/samples/0000.png
[233/2953] sample 0: OK 31.6s -> /home/hm/Projects/Tests/2026-09-02/image-generation/realvisxl_full/geneval/0232/samples/0000.png
[234/2953] sample 0: OK 31.6s -> /home/hm/Projects/Tests/2026-09-02/image-generation/realvisxl_full/geneval/0233/samples/0000.png
[235/2953] sample 0: OK 31.6s -> /home/hm/Projects/Tests/2026-09-02/image-generation/realvisxl_full/geneval/0234/samples/0000.png
[236/2953] sample 0: OK 31.6s -> /home/hm/Projects/Tests/2026-09-02/image-generation/realvisxl_full/geneval/0235/samples/0000.png
[237/2953] sample 0: OK 31.6s -> /home/hm/Projects/Tests/2026-09-02/image-generation/realvisxl_full/geneval/0236/samples/0000.png
[238/2953] sample 0: OK 31.6s -> /home/hm/Projects/Tests/2026-09-02/image-generation/realvisxl_full/geneval/0237/samples/0000.png
[239/2953] sample 0: OK 31.6s -> /home/hm/Projects/Tests/2026-09-02/image-generation/realvisxl_full/geneval/0238/samples/0000.png
[240/2953] sample 0: OK 31.6s -> /home/hm/Projects/Tests/2026-09-02/image-generation/realvisxl_full/geneval/0239/samples/0000.png
[241/2953] sample 0: OK 31.6s -> /home/hm/Projects/Tests/2026-09-02/image-generation/realvisxl_full/geneval/0240/samples/0000.png
[242/2953] sample 0: OK 31.6s -> /home/hm/Projects/Tests/2026-09-02/image-generation/realvisxl_full/geneval/0241/samples/0000.png
[243/2953] sample 0: OK 31.6s -> /home/hm/Projects/Tests/2026-09-02/image-generation/realvisxl_full/geneval/0242/samples/0000.png
[244/2953] sample 0: OK 31.6s -> /home/hm/Projects/Tests/2026-09-02/image-generation/realvisxl_full/geneval/0243/samples/0000.png
[245/2953] sample 0: OK 31.6s -> /home/hm/Projects/Tests/2026-09-02/image-generation/realvisxl_full/geneval/0244/samples/0000.png
[246/2953] sample 0: OK 31.6s -> /home/hm/Projects/Tests/2026-09-02/image-generation/realvisxl_full/geneval/0245/samples/0000.png
[247/2953] sample 0: OK 31.6s -> /home/hm/Projects/Tests/2026-09-02/image-generation/realvisxl_full/geneval/0246/samples/0000.png
[248/2953] sample 0: OK 31.6s -> /home/hm/Projects/Tests/2026-09-02/image-generation/realvisxl_full/geneval/0247/samples/0000.png
[249/2953] sample 0: OK 31.6s -> /home/hm/Projects/Tests/2026-09-02/image-generation/realvisxl_full/geneval/0248/samples/0000.png
[250/2953] sample 0: OK 31.6s -> /home/hm/Projects/Tests/2026-09-02/image-generation/realvisxl_full/geneval/0249/samples/0000.png
[251/2953] sample 0: OK 31.6s -> /home/hm/Projects/Tests/2026-09-02/image-generation/realvisxl_full/geneval/0250/samples/0000.png
[252/2953] sample 0: OK 31.6s -> /home/hm/Projects/Tests/2026-09-02/image-generation/realvisxl_full/geneval/0251/samples/0000.png
[253/2953] sample 0: OK 31.6s -> /home/hm/Projects/Tests/2026-09-02/image-generation/realvisxl_full/geneval/0252/samples/0000.png
[254/2953] sample 0: OK 31.6s -> /home/hm/Projects/Tests/2026-09-02/image-generation/realvisxl_full/geneval/0253/samples/0000.png
[255/2953] sample 0: OK 31.6s -> /home/hm/Projects/Tests/2026-09-02/image-generation/realvisxl_full/geneval/0254/samples/0000.png
[256/2953] sample 0: OK 31.6s -> /home/hm/Projects/Tests/2026-09-02/image-generation/realvisxl_full/geneval/0255/samples/0000.png
[257/2953] sample 0: OK 31.6s -> /home/hm/Projects/Tests/2026-09-02/image-generation/realvisxl_full/geneval/0256/samples/0000.png
[258/2953] sample 0: OK 31.6s -> /home/hm/Projects/Tests/2026-09-02/image-generation/realvisxl_full/geneval/0257/samples/0000.png
[259/2953] sample 0: OK 31.6s -> /home/hm/Projects/Tests/2026-09-02/image-generation/realvisxl_full/geneval/0258/samples/0000.png
[260/2953] sample 0: OK 31.6s -> /home/hm/Projects/Tests/2026-09-02/image-generation/realvisxl_full/geneval/0259/samples/0000.png
[261/2953] sample 0: OK 31.6s -> /home/hm/Projects/Tests/2026-09-02/image-generation/realvisxl_full/geneval/0260/samples/0000.png
[262/2953] sample 0: OK 31.6s -> /home/hm/Projects/Tests/2026-09-02/image-generation/realvisxl_full/geneval/0261/samples/0000.png
[263/2953] sample 0: OK 31.6s -> /home/hm/Projects/Tests/2026-09-02/image-generation/realvisxl_full/geneval/0262/samples/0000.png
[264/2953] sample 0: OK 31.6s -> /home/hm/Projects/Tests/2026-09-02/image-generation/realvisxl_full/geneval/0263/samples/0000.png
[265/2953] sample 0: OK 31.6s -> /home/hm/Projects/Tests/2026-09-02/image-generation/realvisxl_full/geneval/0264/samples/0000.png
[266/2953] sample 0: OK 31.6s -> /home/hm/Projects/Tests/2026-09-02/image-generation/realvisxl_full/geneval/0265/samples/0000.png
[267/2953] sample 0: OK 31.6s -> /home/hm/Projects/Tests/2026-09-02/image-generation/realvisxl_full/geneval/0266/samples/0000.png
[268/2953] sample 0: OK 31.6s -> /home/hm/Projects/Tests/2026-09-02/image-generation/realvisxl_full/geneval/0267/samples/0000.png
[269/2953] sample 0: OK 31.6s -> /home/hm/Projects/Tests/2026-09-02/image-generation/realvisxl_full/geneval/0268/samples/0000.png
[270/2953] sample 0: OK 31.6s -> /home/hm/Projects/Tests/2026-09-02/image-generation/realvisxl_full/geneval/0269/samples/0000.png
[271/2953] sample 0: OK 31.7s -> /home/hm/Projects/Tests/2026-09-02/image-generation/realvisxl_full/geneval/0270/samples/0000.png
[272/2953] sample 0: OK 31.7s -> /home/hm/Projects/Tests/2026-09-02/image-generation/realvisxl_full/geneval/0271/samples/0000.png
[273/2953] sample 0: OK 31.6s -> /home/hm/Projects/Tests/2026-09-02/image-generation/realvisxl_full/geneval/0272/samples/0000.png
[274/2953] sample 0: OK 31.6s -> /home/hm/Projects/Tests/2026-09-02/image-generation/realvisxl_full/geneval/0273/samples/0000.png
[275/2953] sample 0: OK 31.6s -> /home/hm/Projects/Tests/2026-09-02/image-generation/realvisxl_full/geneval/0274/samples/0000.png
[276/2953] sample 0: OK 31.6s -> /home/hm/Projects/Tests/2026-09-02/image-generation/realvisxl_full/geneval/0275/samples/0000.png
[277/2953] sample 0: OK 31.7s -> /home/hm/Projects/Tests/2026-09-02/image-generation/realvisxl_full/geneval/0276/samples/0000.png
[278/2953] sample 0: OK 32.1s -> /home/hm/Projects/Tests/2026-09-02/image-generation/realvisxl_full/geneval/0277/samples/0000.png
[279/2953] sample 0: OK 32.9s -> /home/hm/Projects/Tests/2026-09-02/image-generation/realvisxl_full/geneval/0278/samples/0000.png
[280/2953] sample 0: OK 32.4s -> /home/hm/Projects/Tests/2026-09-02/image-generation/realvisxl_full/geneval/0279/samples/0000.png
[281/2953] sample 0: OK 32.6s -> /home/hm/Projects/Tests/2026-09-02/image-generation/realvisxl_full/geneval/0280/samples/0000.png
[282/2953] sample 0: OK 32.8s -> /home/hm/Projects/Tests/2026-09-02/image-generation/realvisxl_full/geneval/0281/samples/0000.png
[283/2953] sample 0: OK 32.1s -> /home/hm/Projects/Tests/2026-09-02/image-generation/realvisxl_full/geneval/0282/samples/0000.png
[284/2953] sample 0: OK 31.8s -> /home/hm/Projects/Tests/2026-09-02/image-generation/realvisxl_full/geneval/0283/samples/0000.png
[285/2953] sample 0: OK 32.1s -> /home/hm/Projects/Tests/2026-09-02/image-generation/realvisxl_full/geneval/0284/samples/0000.png
[286/2953] sample 0: OK 31.7s -> /home/hm/Projects/Tests/2026-09-02/image-generation/realvisxl_full/geneval/0285/samples/0000.png
[287/2953] sample 0: OK 31.8s -> /home/hm/Projects/Tests/2026-09-02/image-generation/realvisxl_full/geneval/0286/samples/0000.png
[288/2953] sample 0: OK 32.2s -> /home/hm/Projects/Tests/2026-09-02/image-generation/realvisxl_full/geneval/0287/samples/0000.png
[289/2953] sample 0: OK 32.1s -> /home/hm/Projects/Tests/2026-09-02/image-generation/realvisxl_full/geneval/0288/samples/0000.png
[290/2953] sample 0: OK 32.1s -> /home/hm/Projects/Tests/2026-09-02/image-generation/realvisxl_full/geneval/0289/samples/0000.png
[291/2953] sample 0: OK 32.1s -> /home/hm/Projects/Tests/2026-09-02/image-generation/realvisxl_full/geneval/0290/samples/0000.png
[292/2953] sample 0: OK 32.1s -> /home/hm/Projects/Tests/2026-09-02/image-generation/realvisxl_full/geneval/0291/samples/0000.png
[293/2953] sample 0: OK 32.1s -> /home/hm/Projects/Tests/2026-09-02/image-generation/realvisxl_full/geneval/0292/samples/0000.png
[294/2953] sample 0: OK 32.1s -> /home/hm/Projects/Tests/2026-09-02/image-generation/realvisxl_full/geneval/0293/samples/0000.png
[295/2953] sample 0: OK 32.1s -> /home/hm/Projects/Tests/2026-09-02/image-generation/realvisxl_full/geneval/0294/samples/0000.png
[296/2953] sample 0: OK 32.2s -> /home/hm/Projects/Tests/2026-09-02/image-generation/realvisxl_full/geneval/0295/samples/0000.png
[297/2953] sample 0: OK 32.2s -> /home/hm/Projects/Tests/2026-09-02/image-generation/realvisxl_full/geneval/0296/samples/0000.png
[298/2953] sample 0: OK 32.2s -> /home/hm/Projects/Tests/2026-09-02/image-generation/realvisxl_full/geneval/0297/samples/0000.png
[299/2953] sample 0: OK 31.7s -> /home/hm/Projects/Tests/2026-09-02/image-generation/realvisxl_full/geneval/0298/samples/0000.png
[300/2953] sample 0: OK 31.7s -> /home/hm/Projects/Tests/2026-09-02/image-generation/realvisxl_full/geneval/0299/samples/0000.png
[301/2953] sample 0: OK 32.1s -> /home/hm/Projects/Tests/2026-09-02/image-generation/realvisxl_full/geneval/0300/samples/0000.png
[302/2953] sample 0: OK 32.1s -> /home/hm/Projects/Tests/2026-09-02/image-generation/realvisxl_full/geneval/0301/samples/0000.png
[303/2953] sample 0: OK 31.7s -> /home/hm/Projects/Tests/2026-09-02/image-generation/realvisxl_full/geneval/0302/samples/0000.png
[304/2953] sample 0: OK 31.7s -> /home/hm/Projects/Tests/2026-09-02/image-generation/realvisxl_full/geneval/0303/samples/0000.png
[305/2953] sample 0: OK 31.7s -> /home/hm/Projects/Tests/2026-09-02/image-generation/realvisxl_full/geneval/0304/samples/0000.png
[306/2953] sample 0: OK 32.1s -> /home/hm/Projects/Tests/2026-09-02/image-generation/realvisxl_full/geneval/0305/samples/0000.png
[307/2953] sample 0: OK 31.8s -> /home/hm/Projects/Tests/2026-09-02/image-generation/realvisxl_full/geneval/0306/samples/0000.png
[308/2953] sample 0: OK 31.6s -> /home/hm/Projects/Tests/2026-09-02/image-generation/realvisxl_full/geneval/0307/samples/0000.png
[309/2953] sample 0: OK 32.1s -> /home/hm/Projects/Tests/2026-09-02/image-generation/realvisxl_full/geneval/0308/samples/0000.png
[310/2953] sample 0: OK 32.1s -> /home/hm/Projects/Tests/2026-09-02/image-generation/realvisxl_full/geneval/0309/samples/0000.png
[311/2953] sample 0: OK 31.6s -> /home/hm/Projects/Tests/2026-09-02/image-generation/realvisxl_full/geneval/0310/samples/0000.png
[312/2953] sample 0: OK 31.6s -> /home/hm/Projects/Tests/2026-09-02/image-generation/realvisxl_full/geneval/0311/samples/0000.png
[313/2953] sample 0: OK 31.8s -> /home/hm/Projects/Tests/2026-09-02/image-generation/realvisxl_full/geneval/0312/samples/0000.png
[314/2953] sample 0: OK 31.6s -> /home/hm/Projects/Tests/2026-09-02/image-generation/realvisxl_full/geneval/0313/samples/0000.png
[315/2953] sample 0: OK 31.6s -> /home/hm/Projects/Tests/2026-09-02/image-generation/realvisxl_full/geneval/0314/samples/0000.png
[316/2953] sample 0: OK 31.6s -> /home/hm/Projects/Tests/2026-09-02/image-generation/realvisxl_full/geneval/0315/samples/0000.png
[317/2953] sample 0: OK 31.7s -> /home/hm/Projects/Tests/2026-09-02/image-generation/realvisxl_full/geneval/0316/samples/0000.png
[318/2953] sample 0: OK 31.7s -> /home/hm/Projects/Tests/2026-09-02/image-generation/realvisxl_full/geneval/0317/samples/0000.png
[319/2953] sample 0: OK 31.8s -> /home/hm/Projects/Tests/2026-09-02/image-generation/realvisxl_full/geneval/0318/samples/0000.png
[320/2953] sample 0: OK 32.1s -> /home/hm/Projects/Tests/2026-09-02/image-generation/realvisxl_full/geneval/0319/samples/0000.png
[321/2953] sample 0: OK 32.1s -> /home/hm/Projects/Tests/2026-09-02/image-generation/realvisxl_full/geneval/0320/samples/0000.png
[322/2953] sample 0: OK 31.6s -> /home/hm/Projects/Tests/2026-09-02/image-generation/realvisxl_full/geneval/0321/samples/0000.png
[323/2953] sample 0: OK 31.6s -> /home/hm/Projects/Tests/2026-09-02/image-generation/realvisxl_full/geneval/0322/samples/0000.png
[324/2953] sample 0: OK 31.6s -> /home/hm/Projects/Tests/2026-09-02/image-generation/realvisxl_full/geneval/0323/samples/0000.png
[325/2953] sample 0: OK 31.7s -> /home/hm/Projects/Tests/2026-09-02/image-generation/realvisxl_full/geneval/0324/samples/0000.png
[326/2953] sample 0: OK 31.6s -> /home/hm/Projects/Tests/2026-09-02/image-generation/realvisxl_full/geneval/0325/samples/0000.png
[327/2953] sample 0: OK 31.6s -> /home/hm/Projects/Tests/2026-09-02/image-generation/realvisxl_full/geneval/0326/samples/0000.png
[328/2953] sample 0: OK 31.6s -> /home/hm/Projects/Tests/2026-09-02/image-generation/realvisxl_full/geneval/0327/samples/0000.png
[329/2953] sample 0: OK 31.6s -> /home/hm/Projects/Tests/2026-09-02/image-generation/realvisxl_full/geneval/0328/samples/0000.png
[330/2953] sample 0: OK 31.6s -> /home/hm/Projects/Tests/2026-09-02/image-generation/realvisxl_full/geneval/0329/samples/0000.png
[331/2953] sample 0: OK 31.6s -> /home/hm/Projects/Tests/2026-09-02/image-generation/realvisxl_full/geneval/0330/samples/0000.png
[332/2953] sample 0: OK 31.6s -> /home/hm/Projects/Tests/2026-09-02/image-generation/realvisxl_full/geneval/0331/samples/0000.png
[333/2953] sample 0: OK 31.6s -> /home/hm/Projects/Tests/2026-09-02/image-generation/realvisxl_full/geneval/0332/samples/0000.png
[334/2953] sample 0: OK 31.6s -> /home/hm/Projects/Tests/2026-09-02/image-generation/realvisxl_full/geneval/0333/samples/0000.png
[335/2953] sample 0: OK 31.6s -> /home/hm/Projects/Tests/2026-09-02/image-generation/realvisxl_full/geneval/0334/samples/0000.png
[336/2953] sample 0: OK 31.6s -> /home/hm/Projects/Tests/2026-09-02/image-generation/realvisxl_full/geneval/0335/samples/0000.png
[337/2953] sample 0: OK 31.6s -> /home/hm/Projects/Tests/2026-09-02/image-generation/realvisxl_full/geneval/0336/samples/0000.png
[338/2953] sample 0: OK 31.6s -> /home/hm/Projects/Tests/2026-09-02/image-generation/realvisxl_full/geneval/0337/samples/0000.png
[339/2953] sample 0: OK 31.6s -> /home/hm/Projects/Tests/2026-09-02/image-generation/realvisxl_full/geneval/0338/samples/0000.png
[340/2953] sample 0: OK 31.6s -> /home/hm/Projects/Tests/2026-09-02/image-generation/realvisxl_full/geneval/0339/samples/0000.png
[341/2953] sample 0: OK 31.6s -> /home/hm/Projects/Tests/2026-09-02/image-generation/realvisxl_full/geneval/0340/samples/0000.png
[342/2953] sample 0: OK 31.6s -> /home/hm/Projects/Tests/2026-09-02/image-generation/realvisxl_full/geneval/0341/samples/0000.png
[343/2953] sample 0: OK 31.6s -> /home/hm/Projects/Tests/2026-09-02/image-generation/realvisxl_full/geneval/0342/samples/0000.png
[344/2953] sample 0: OK 31.6s -> /home/hm/Projects/Tests/2026-09-02/image-generation/realvisxl_full/geneval/0343/samples/0000.png
[345/2953] sample 0: OK 31.6s -> /home/hm/Projects/Tests/2026-09-02/image-generation/realvisxl_full/geneval/0344/samples/0000.png
[346/2953] sample 0: OK 31.6s -> /home/hm/Projects/Tests/2026-09-02/image-generation/realvisxl_full/geneval/0345/samples/0000.png
[347/2953] sample 0: OK 31.6s -> /home/hm/Projects/Tests/2026-09-02/image-generation/realvisxl_full/geneval/0346/samples/0000.png
[348/2953] sample 0: OK 31.6s -> /home/hm/Projects/Tests/2026-09-02/image-generation/realvisxl_full/geneval/0347/samples/0000.png
[349/2953] sample 0: OK 31.6s -> /home/hm/Projects/Tests/2026-09-02/image-generation/realvisxl_full/geneval/0348/samples/0000.png
[350/2953] sample 0: OK 31.6s -> /home/hm/Projects/Tests/2026-09-02/image-generation/realvisxl_full/geneval/0349/samples/0000.png
[351/2953] sample 0: OK 31.6s -> /home/hm/Projects/Tests/2026-09-02/image-generation/realvisxl_full/geneval/0350/samples/0000.png
[352/2953] sample 0: OK 31.6s -> /home/hm/Projects/Tests/2026-09-02/image-generation/realvisxl_full/geneval/0351/samples/0000.png
[353/2953] sample 0: OK 31.6s -> /home/hm/Projects/Tests/2026-09-02/image-generation/realvisxl_full/geneval/0352/samples/0000.png
[354/2953] sample 0: OK 31.6s -> /home/hm/Projects/Tests/2026-09-02/image-generation/realvisxl_full/geneval/0353/samples/0000.png
[355/2953] sample 0: OK 31.6s -> /home/hm/Projects/Tests/2026-09-02/image-generation/realvisxl_full/geneval/0354/samples/0000.png
[356/2953] sample 0: OK 31.6s -> /home/hm/Projects/Tests/2026-09-02/image-generation/realvisxl_full/geneval/0355/samples/0000.png
[357/2953] sample 0: OK 31.6s -> /home/hm/Projects/Tests/2026-09-02/image-generation/realvisxl_full/geneval/0356/samples/0000.png
[358/2953] sample 0: OK 31.6s -> /home/hm/Projects/Tests/2026-09-02/image-generation/realvisxl_full/geneval/0357/samples/0000.png
[359/2953] sample 0: OK 31.6s -> /home/hm/Projects/Tests/2026-09-02/image-generation/realvisxl_full/geneval/0358/samples/0000.png
[360/2953] sample 0: OK 31.6s -> /home/hm/Projects/Tests/2026-09-02/image-generation/realvisxl_full/geneval/0359/samples/0000.png
[361/2953] sample 0: OK 31.6s -> /home/hm/Projects/Tests/2026-09-02/image-generation/realvisxl_full/geneval/0360/samples/0000.png
[362/2953] sample 0: OK 31.6s -> /home/hm/Projects/Tests/2026-09-02/image-generation/realvisxl_full/geneval/0361/samples/0000.png
[363/2953] sample 0: OK 31.6s -> /home/hm/Projects/Tests/2026-09-02/image-generation/realvisxl_full/geneval/0362/samples/0000.png
[364/2953] sample 0: OK 31.6s -> /home/hm/Projects/Tests/2026-09-02/image-generation/realvisxl_full/geneval/0363/samples/0000.png
[365/2953] sample 0: OK 31.6s -> /home/hm/Projects/Tests/2026-09-02/image-generation/realvisxl_full/geneval/0364/samples/0000.png
[366/2953] sample 0: OK 31.6s -> /home/hm/Projects/Tests/2026-09-02/image-generation/realvisxl_full/geneval/0365/samples/0000.png
[367/2953] sample 0: OK 31.6s -> /home/hm/Projects/Tests/2026-09-02/image-generation/realvisxl_full/geneval/0366/samples/0000.png
[368/2953] sample 0: OK 31.6s -> /home/hm/Projects/Tests/2026-09-02/image-generation/realvisxl_full/geneval/0367/samples/0000.png
[369/2953] sample 0: OK 31.6s -> /home/hm/Projects/Tests/2026-09-02/image-generation/realvisxl_full/geneval/0368/samples/0000.png
[370/2953] sample 0: OK 31.6s -> /home/hm/Projects/Tests/2026-09-02/image-generation/realvisxl_full/geneval/0369/samples/0000.png
[371/2953] sample 0: OK 31.6s -> /home/hm/Projects/Tests/2026-09-02/image-generation/realvisxl_full/geneval/0370/samples/0000.png
[372/2953] sample 0: OK 31.6s -> /home/hm/Projects/Tests/2026-09-02/image-generation/realvisxl_full/geneval/0371/samples/0000.png
[373/2953] sample 0: OK 31.6s -> /home/hm/Projects/Tests/2026-09-02/image-generation/realvisxl_full/geneval/0372/samples/0000.png
[374/2953] sample 0: OK 31.6s -> /home/hm/Projects/Tests/2026-09-02/image-generation/realvisxl_full/geneval/0373/samples/0000.png
[375/2953] sample 0: OK 31.6s -> /home/hm/Projects/Tests/2026-09-02/image-generation/realvisxl_full/geneval/0374/samples/0000.png
[376/2953] sample 0: OK 31.6s -> /home/hm/Projects/Tests/2026-09-02/image-generation/realvisxl_full/geneval/0375/samples/0000.png
[377/2953] sample 0: OK 31.6s -> /home/hm/Projects/Tests/2026-09-02/image-generation/realvisxl_full/geneval/0376/samples/0000.png
[378/2953] sample 0: OK 31.6s -> /home/hm/Projects/Tests/2026-09-02/image-generation/realvisxl_full/geneval/0377/samples/0000.png
[379/2953] sample 0: OK 31.6s -> /home/hm/Projects/Tests/2026-09-02/image-generation/realvisxl_full/geneval/0378/samples/0000.png
[380/2953] sample 0: OK 31.6s -> /home/hm/Projects/Tests/2026-09-02/image-generation/realvisxl_full/geneval/0379/samples/0000.png
[381/2953] sample 0: OK 31.6s -> /home/hm/Projects/Tests/2026-09-02/image-generation/realvisxl_full/geneval/0380/samples/0000.png
[382/2953] sample 0: OK 31.6s -> /home/hm/Projects/Tests/2026-09-02/image-generation/realvisxl_full/geneval/0381/samples/0000.png
[383/2953] sample 0: OK 31.6s -> /home/hm/Projects/Tests/2026-09-02/image-generation/realvisxl_full/geneval/0382/samples/0000.png
[384/2953] sample 0: OK 31.6s -> /home/hm/Projects/Tests/2026-09-02/image-generation/realvisxl_full/geneval/0383/samples/0000.png
[385/2953] sample 0: OK 31.6s -> /home/hm/Projects/Tests/2026-09-02/image-generation/realvisxl_full/geneval/0384/samples/0000.png
[386/2953] sample 0: OK 31.6s -> /home/hm/Projects/Tests/2026-09-02/image-generation/realvisxl_full/geneval/0385/samples/0000.png
[387/2953] sample 0: OK 31.6s -> /home/hm/Projects/Tests/2026-09-02/image-generation/realvisxl_full/geneval/0386/samples/0000.png
[388/2953] sample 0: OK 31.6s -> /home/hm/Projects/Tests/2026-09-02/image-generation/realvisxl_full/geneval/0387/samples/0000.png
[389/2953] sample 0: OK 31.6s -> /home/hm/Projects/Tests/2026-09-02/image-generation/realvisxl_full/geneval/0388/samples/0000.png
[390/2953] sample 0: OK 31.6s -> /home/hm/Projects/Tests/2026-09-02/image-generation/realvisxl_full/geneval/0389/samples/0000.png
[391/2953] sample 0: OK 31.6s -> /home/hm/Projects/Tests/2026-09-02/image-generation/realvisxl_full/geneval/0390/samples/0000.png
[392/2953] sample 0: OK 31.6s -> /home/hm/Projects/Tests/2026-09-02/image-generation/realvisxl_full/geneval/0391/samples/0000.png
[393/2953] sample 0: OK 31.6s -> /home/hm/Projects/Tests/2026-09-02/image-generation/realvisxl_full/geneval/0392/samples/0000.png
[394/2953] sample 0: OK 31.6s -> /home/hm/Projects/Tests/2026-09-02/image-generation/realvisxl_full/geneval/0393/samples/0000.png
[395/2953] sample 0: OK 31.6s -> /home/hm/Projects/Tests/2026-09-02/image-generation/realvisxl_full/geneval/0394/samples/0000.png
[396/2953] sample 0: OK 31.6s -> /home/hm/Projects/Tests/2026-09-02/image-generation/realvisxl_full/geneval/0395/samples/0000.png
[397/2953] sample 0: OK 31.6s -> /home/hm/Projects/Tests/2026-09-02/image-generation/realvisxl_full/geneval/0396/samples/0000.png
[398/2953] sample 0: OK 31.6s -> /home/hm/Projects/Tests/2026-09-02/image-generation/realvisxl_full/geneval/0397/samples/0000.png
[399/2953] sample 0: OK 31.6s -> /home/hm/Projects/Tests/2026-09-02/image-generation/realvisxl_full/geneval/0398/samples/0000.png
[400/2953] sample 0: OK 31.6s -> /home/hm/Projects/Tests/2026-09-02/image-generation/realvisxl_full/geneval/0399/samples/0000.png
[401/2953] sample 0: OK 31.6s -> /home/hm/Projects/Tests/2026-09-02/image-generation/realvisxl_full/geneval/0400/samples/0000.png
[402/2953] sample 0: OK 31.6s -> /home/hm/Projects/Tests/2026-09-02/image-generation/realvisxl_full/geneval/0401/samples/0000.png
[403/2953] sample 0: OK 31.6s -> /home/hm/Projects/Tests/2026-09-02/image-generation/realvisxl_full/geneval/0402/samples/0000.png
[404/2953] sample 0: OK 31.6s -> /home/hm/Projects/Tests/2026-09-02/image-generation/realvisxl_full/geneval/0403/samples/0000.png
[405/2953] sample 0: OK 31.6s -> /home/hm/Projects/Tests/2026-09-02/image-generation/realvisxl_full/geneval/0404/samples/0000.png
[406/2953] sample 0: OK 31.6s -> /home/hm/Projects/Tests/2026-09-02/image-generation/realvisxl_full/geneval/0405/samples/0000.png
[407/2953] sample 0: OK 31.6s -> /home/hm/Projects/Tests/2026-09-02/image-generation/realvisxl_full/geneval/0406/samples/0000.png
[408/2953] sample 0: OK 31.6s -> /home/hm/Projects/Tests/2026-09-02/image-generation/realvisxl_full/geneval/0407/samples/0000.png
[409/2953] sample 0: OK 31.6s -> /home/hm/Projects/Tests/2026-09-02/image-generation/realvisxl_full/geneval/0408/samples/0000.png
[410/2953] sample 0: OK 31.6s -> /home/hm/Projects/Tests/2026-09-02/image-generation/realvisxl_full/geneval/0409/samples/0000.png
[411/2953] sample 0: OK 31.6s -> /home/hm/Projects/Tests/2026-09-02/image-generation/realvisxl_full/geneval/0410/samples/0000.png
[412/2953] sample 0: OK 31.6s -> /home/hm/Projects/Tests/2026-09-02/image-generation/realvisxl_full/geneval/0411/samples/0000.png
[413/2953] sample 0: OK 31.6s -> /home/hm/Projects/Tests/2026-09-02/image-generation/realvisxl_full/geneval/0412/samples/0000.png
[414/2953] sample 0: OK 31.6s -> /home/hm/Projects/Tests/2026-09-02/image-generation/realvisxl_full/geneval/0413/samples/0000.png
[415/2953] sample 0: OK 31.6s -> /home/hm/Projects/Tests/2026-09-02/image-generation/realvisxl_full/geneval/0414/samples/0000.png
[416/2953] sample 0: OK 31.6s -> /home/hm/Projects/Tests/2026-09-02/image-generation/realvisxl_full/geneval/0415/samples/0000.png
[417/2953] sample 0: OK 31.6s -> /home/hm/Projects/Tests/2026-09-02/image-generation/realvisxl_full/geneval/0416/samples/0000.png
[418/2953] sample 0: OK 31.6s -> /home/hm/Projects/Tests/2026-09-02/image-generation/realvisxl_full/geneval/0417/samples/0000.png
[419/2953] sample 0: OK 31.6s -> /home/hm/Projects/Tests/2026-09-02/image-generation/realvisxl_full/geneval/0418/samples/0000.png
[420/2953] sample 0: OK 31.6s -> /home/hm/Projects/Tests/2026-09-02/image-generation/realvisxl_full/geneval/0419/samples/0000.png
[421/2953] sample 0: OK 31.6s -> /home/hm/Projects/Tests/2026-09-02/image-generation/realvisxl_full/geneval/0420/samples/0000.png
[422/2953] sample 0: OK 31.6s -> /home/hm/Projects/Tests/2026-09-02/image-generation/realvisxl_full/geneval/0421/samples/0000.png
[423/2953] sample 0: OK 31.6s -> /home/hm/Projects/Tests/2026-09-02/image-generation/realvisxl_full/geneval/0422/samples/0000.png
[424/2953] sample 0: OK 31.6s -> /home/hm/Projects/Tests/2026-09-02/image-generation/realvisxl_full/geneval/0423/samples/0000.png
[425/2953] sample 0: OK 31.6s -> /home/hm/Projects/Tests/2026-09-02/image-generation/realvisxl_full/geneval/0424/samples/0000.png
[426/2953] sample 0: OK 31.6s -> /home/hm/Projects/Tests/2026-09-02/image-generation/realvisxl_full/geneval/0425/samples/0000.png
[427/2953] sample 0: OK 31.6s -> /home/hm/Projects/Tests/2026-09-02/image-generation/realvisxl_full/geneval/0426/samples/0000.png
[428/2953] sample 0: OK 31.6s -> /home/hm/Projects/Tests/2026-09-02/image-generation/realvisxl_full/geneval/0427/samples/0000.png
[429/2953] sample 0: OK 31.6s -> /home/hm/Projects/Tests/2026-09-02/image-generation/realvisxl_full/geneval/0428/samples/0000.png
[430/2953] sample 0: OK 31.6s -> /home/hm/Projects/Tests/2026-09-02/image-generation/realvisxl_full/geneval/0429/samples/0000.png
[431/2953] sample 0: OK 31.6s -> /home/hm/Projects/Tests/2026-09-02/image-generation/realvisxl_full/geneval/0430/samples/0000.png
[432/2953] sample 0: OK 31.6s -> /home/hm/Projects/Tests/2026-09-02/image-generation/realvisxl_full/geneval/0431/samples/0000.png
[433/2953] sample 0: OK 31.6s -> /home/hm/Projects/Tests/2026-09-02/image-generation/realvisxl_full/geneval/0432/samples/0000.png
[434/2953] sample 0: OK 31.6s -> /home/hm/Projects/Tests/2026-09-02/image-generation/realvisxl_full/geneval/0433/samples/0000.png
[435/2953] sample 0: OK 31.6s -> /home/hm/Projects/Tests/2026-09-02/image-generation/realvisxl_full/geneval/0434/samples/0000.png
[436/2953] sample 0: OK 31.6s -> /home/hm/Projects/Tests/2026-09-02/image-generation/realvisxl_full/geneval/0435/samples/0000.png
[437/2953] sample 0: OK 31.6s -> /home/hm/Projects/Tests/2026-09-02/image-generation/realvisxl_full/geneval/0436/samples/0000.png
[438/2953] sample 0: OK 31.6s -> /home/hm/Projects/Tests/2026-09-02/image-generation/realvisxl_full/geneval/0437/samples/0000.png
[439/2953] sample 0: OK 31.6s -> /home/hm/Projects/Tests/2026-09-02/image-generation/realvisxl_full/geneval/0438/samples/0000.png
[440/2953] sample 0: OK 31.6s -> /home/hm/Projects/Tests/2026-09-02/image-generation/realvisxl_full/geneval/0439/samples/0000.png
[441/2953] sample 0: OK 31.6s -> /home/hm/Projects/Tests/2026-09-02/image-generation/realvisxl_full/geneval/0440/samples/0000.png
[442/2953] sample 0: OK 31.6s -> /home/hm/Projects/Tests/2026-09-02/image-generation/realvisxl_full/geneval/0441/samples/0000.png
[443/2953] sample 0: OK 31.6s -> /home/hm/Projects/Tests/2026-09-02/image-generation/realvisxl_full/geneval/0442/samples/0000.png
[444/2953] sample 0: OK 31.6s -> /home/hm/Projects/Tests/2026-09-02/image-generation/realvisxl_full/geneval/0443/samples/0000.png
[445/2953] sample 0: OK 31.6s -> /home/hm/Projects/Tests/2026-09-02/image-generation/realvisxl_full/geneval/0444/samples/0000.png
[446/2953] sample 0: OK 31.6s -> /home/hm/Projects/Tests/2026-09-02/image-generation/realvisxl_full/geneval/0445/samples/0000.png
[447/2953] sample 0: OK 31.6s -> /home/hm/Projects/Tests/2026-09-02/image-generation/realvisxl_full/geneval/0446/samples/0000.png
[448/2953] sample 0: OK 31.6s -> /home/hm/Projects/Tests/2026-09-02/image-generation/realvisxl_full/geneval/0447/samples/0000.png
[449/2953] sample 0: OK 31.6s -> /home/hm/Projects/Tests/2026-09-02/image-generation/realvisxl_full/geneval/0448/samples/0000.png
[450/2953] sample 0: OK 31.6s -> /home/hm/Projects/Tests/2026-09-02/image-generation/realvisxl_full/geneval/0449/samples/0000.png
[451/2953] sample 0: OK 31.6s -> /home/hm/Projects/Tests/2026-09-02/image-generation/realvisxl_full/geneval/0450/samples/0000.png
[452/2953] sample 0: OK 31.6s -> /home/hm/Projects/Tests/2026-09-02/image-generation/realvisxl_full/geneval/0451/samples/0000.png
[453/2953] sample 0: OK 31.6s -> /home/hm/Projects/Tests/2026-09-02/image-generation/realvisxl_full/geneval/0452/samples/0000.png
[454/2953] sample 0: OK 31.6s -> /home/hm/Projects/Tests/2026-09-02/image-generation/realvisxl_full/geneval/0453/samples/0000.png
[455/2953] sample 0: OK 31.6s -> /home/hm/Projects/Tests/2026-09-02/image-generation/realvisxl_full/geneval/0454/samples/0000.png
[456/2953] sample 0: OK 31.6s -> /home/hm/Projects/Tests/2026-09-02/image-generation/realvisxl_full/geneval/0455/samples/0000.png
[457/2953] sample 0: OK 31.6s -> /home/hm/Projects/Tests/2026-09-02/image-generation/realvisxl_full/geneval/0456/samples/0000.png
[458/2953] sample 0: OK 31.6s -> /home/hm/Projects/Tests/2026-09-02/image-generation/realvisxl_full/geneval/0457/samples/0000.png
[459/2953] sample 0: OK 31.6s -> /home/hm/Projects/Tests/2026-09-02/image-generation/realvisxl_full/geneval/0458/samples/0000.png
[460/2953] sample 0: OK 31.6s -> /home/hm/Projects/Tests/2026-09-02/image-generation/realvisxl_full/geneval/0459/samples/0000.png
[461/2953] sample 0: OK 31.6s -> /home/hm/Projects/Tests/2026-09-02/image-generation/realvisxl_full/geneval/0460/samples/0000.png
[462/2953] sample 0: OK 31.6s -> /home/hm/Projects/Tests/2026-09-02/image-generation/realvisxl_full/geneval/0461/samples/0000.png
[463/2953] sample 0: OK 31.6s -> /home/hm/Projects/Tests/2026-09-02/image-generation/realvisxl_full/geneval/0462/samples/0000.png
[464/2953] sample 0: OK 31.6s -> /home/hm/Projects/Tests/2026-09-02/image-generation/realvisxl_full/geneval/0463/samples/0000.png
[465/2953] sample 0: OK 31.6s -> /home/hm/Projects/Tests/2026-09-02/image-generation/realvisxl_full/geneval/0464/samples/0000.png
[466/2953] sample 0: OK 31.6s -> /home/hm/Projects/Tests/2026-09-02/image-generation/realvisxl_full/geneval/0465/samples/0000.png
[467/2953] sample 0: OK 31.6s -> /home/hm/Projects/Tests/2026-09-02/image-generation/realvisxl_full/geneval/0466/samples/0000.png
[468/2953] sample 0: OK 31.6s -> /home/hm/Projects/Tests/2026-09-02/image-generation/realvisxl_full/geneval/0467/samples/0000.png
[469/2953] sample 0: OK 31.6s -> /home/hm/Projects/Tests/2026-09-02/image-generation/realvisxl_full/geneval/0468/samples/0000.png
[470/2953] sample 0: OK 31.6s -> /home/hm/Projects/Tests/2026-09-02/image-generation/realvisxl_full/geneval/0469/samples/0000.png
[471/2953] sample 0: OK 31.6s -> /home/hm/Projects/Tests/2026-09-02/image-generation/realvisxl_full/geneval/0470/samples/0000.png
[472/2953] sample 0: OK 31.6s -> /home/hm/Projects/Tests/2026-09-02/image-generation/realvisxl_full/geneval/0471/samples/0000.png
[473/2953] sample 0: OK 31.6s -> /home/hm/Projects/Tests/2026-09-02/image-generation/realvisxl_full/geneval/0472/samples/0000.png
[474/2953] sample 0: OK 31.6s -> /home/hm/Projects/Tests/2026-09-02/image-generation/realvisxl_full/geneval/0473/samples/0000.png
[475/2953] sample 0: OK 31.6s -> /home/hm/Projects/Tests/2026-09-02/image-generation/realvisxl_full/geneval/0474/samples/0000.png
[476/2953] sample 0: OK 31.6s -> /home/hm/Projects/Tests/2026-09-02/image-generation/realvisxl_full/geneval/0475/samples/0000.png
[477/2953] sample 0: OK 31.6s -> /home/hm/Projects/Tests/2026-09-02/image-generation/realvisxl_full/geneval/0476/samples/0000.png
[478/2953] sample 0: OK 31.6s -> /home/hm/Projects/Tests/2026-09-02/image-generation/realvisxl_full/geneval/0477/samples/0000.png
[479/2953] sample 0: OK 31.6s -> /home/hm/Projects/Tests/2026-09-02/image-generation/realvisxl_full/geneval/0478/samples/0000.png
[480/2953] sample 0: OK 31.6s -> /home/hm/Projects/Tests/2026-09-02/image-generation/realvisxl_full/geneval/0479/samples/0000.png
[481/2953] sample 0: OK 31.6s -> /home/hm/Projects/Tests/2026-09-02/image-generation/realvisxl_full/geneval/0480/samples/0000.png
[482/2953] sample 0: OK 31.6s -> /home/hm/Projects/Tests/2026-09-02/image-generation/realvisxl_full/geneval/0481/samples/0000.png
[483/2953] sample 0: OK 31.6s -> /home/hm/Projects/Tests/2026-09-02/image-generation/realvisxl_full/geneval/0482/samples/0000.png
[484/2953] sample 0: OK 31.6s -> /home/hm/Projects/Tests/2026-09-02/image-generation/realvisxl_full/geneval/0483/samples/0000.png
[485/2953] sample 0: OK 31.6s -> /home/hm/Projects/Tests/2026-09-02/image-generation/realvisxl_full/geneval/0484/samples/0000.png
[486/2953] sample 0: OK 31.6s -> /home/hm/Projects/Tests/2026-09-02/image-generation/realvisxl_full/geneval/0485/samples/0000.png
[487/2953] sample 0: OK 31.6s -> /home/hm/Projects/Tests/2026-09-02/image-generation/realvisxl_full/geneval/0486/samples/0000.png
[488/2953] sample 0: OK 31.6s -> /home/hm/Projects/Tests/2026-09-02/image-generation/realvisxl_full/geneval/0487/samples/0000.png
[489/2953] sample 0: OK 31.6s -> /home/hm/Projects/Tests/2026-09-02/image-generation/realvisxl_full/geneval/0488/samples/0000.png
[490/2953] sample 0: OK 31.6s -> /home/hm/Projects/Tests/2026-09-02/image-generation/realvisxl_full/geneval/0489/samples/0000.png
[491/2953] sample 0: OK 31.6s -> /home/hm/Projects/Tests/2026-09-02/image-generation/realvisxl_full/geneval/0490/samples/0000.png
[492/2953] sample 0: OK 31.6s -> /home/hm/Projects/Tests/2026-09-02/image-generation/realvisxl_full/geneval/0491/samples/0000.png
[493/2953] sample 0: OK 31.6s -> /home/hm/Projects/Tests/2026-09-02/image-generation/realvisxl_full/geneval/0492/samples/0000.png
[494/2953] sample 0: OK 31.6s -> /home/hm/Projects/Tests/2026-09-02/image-generation/realvisxl_full/geneval/0493/samples/0000.png
[495/2953] sample 0: OK 31.6s -> /home/hm/Projects/Tests/2026-09-02/image-generation/realvisxl_full/geneval/0494/samples/0000.png
[496/2953] sample 0: OK 31.6s -> /home/hm/Projects/Tests/2026-09-02/image-generation/realvisxl_full/geneval/0495/samples/0000.png
[497/2953] sample 0: OK 31.6s -> /home/hm/Projects/Tests/2026-09-02/image-generation/realvisxl_full/geneval/0496/samples/0000.png
[498/2953] sample 0: OK 31.6s -> /home/hm/Projects/Tests/2026-09-02/image-generation/realvisxl_full/geneval/0497/samples/0000.png
[499/2953] sample 0: OK 31.6s -> /home/hm/Projects/Tests/2026-09-02/image-generation/realvisxl_full/geneval/0498/samples/0000.png
[500/2953] sample 0: OK 31.6s -> /home/hm/Projects/Tests/2026-09-02/image-generation/realvisxl_full/geneval/0499/samples/0000.png
[501/2953] sample 0: OK 31.6s -> /home/hm/Projects/Tests/2026-09-02/image-generation/realvisxl_full/geneval/0500/samples/0000.png
[502/2953] sample 0: OK 31.6s -> /home/hm/Projects/Tests/2026-09-02/image-generation/realvisxl_full/geneval/0501/samples/0000.png
[503/2953] sample 0: OK 31.6s -> /home/hm/Projects/Tests/2026-09-02/image-generation/realvisxl_full/geneval/0502/samples/0000.png
[504/2953] sample 0: OK 31.6s -> /home/hm/Projects/Tests/2026-09-02/image-generation/realvisxl_full/geneval/0503/samples/0000.png
[505/2953] sample 0: OK 31.6s -> /home/hm/Projects/Tests/2026-09-02/image-generation/realvisxl_full/geneval/0504/samples/0000.png
[506/2953] sample 0: OK 31.6s -> /home/hm/Projects/Tests/2026-09-02/image-generation/realvisxl_full/geneval/0505/samples/0000.png
[507/2953] sample 0: OK 31.6s -> /home/hm/Projects/Tests/2026-09-02/image-generation/realvisxl_full/geneval/0506/samples/0000.png
[508/2953] sample 0: OK 31.6s -> /home/hm/Projects/Tests/2026-09-02/image-generation/realvisxl_full/geneval/0507/samples/0000.png
[509/2953] sample 0: OK 31.6s -> /home/hm/Projects/Tests/2026-09-02/image-generation/realvisxl_full/geneval/0508/samples/0000.png
[510/2953] sample 0: OK 31.6s -> /home/hm/Projects/Tests/2026-09-02/image-generation/realvisxl_full/geneval/0509/samples/0000.png
[511/2953] sample 0: OK 31.6s -> /home/hm/Projects/Tests/2026-09-02/image-generation/realvisxl_full/geneval/0510/samples/0000.png
[512/2953] sample 0: OK 31.6s -> /home/hm/Projects/Tests/2026-09-02/image-generation/realvisxl_full/geneval/0511/samples/0000.png
[513/2953] sample 0: OK 31.6s -> /home/hm/Projects/Tests/2026-09-02/image-generation/realvisxl_full/geneval/0512/samples/0000.png
[514/2953] sample 0: OK 31.6s -> /home/hm/Projects/Tests/2026-09-02/image-generation/realvisxl_full/geneval/0513/samples/0000.png
[515/2953] sample 0: OK 31.6s -> /home/hm/Projects/Tests/2026-09-02/image-generation/realvisxl_full/geneval/0514/samples/0000.png
[516/2953] sample 0: OK 31.6s -> /home/hm/Projects/Tests/2026-09-02/image-generation/realvisxl_full/geneval/0515/samples/0000.png
[517/2953] sample 0: OK 31.6s -> /home/hm/Projects/Tests/2026-09-02/image-generation/realvisxl_full/geneval/0516/samples/0000.png
[518/2953] sample 0: OK 31.6s -> /home/hm/Projects/Tests/2026-09-02/image-generation/realvisxl_full/geneval/0517/samples/0000.png
[519/2953] sample 0: OK 31.6s -> /home/hm/Projects/Tests/2026-09-02/image-generation/realvisxl_full/geneval/0518/samples/0000.png
[520/2953] sample 0: OK 31.6s -> /home/hm/Projects/Tests/2026-09-02/image-generation/realvisxl_full/geneval/0519/samples/0000.png
[521/2953] sample 0: OK 31.6s -> /home/hm/Projects/Tests/2026-09-02/image-generation/realvisxl_full/geneval/0520/samples/0000.png
[522/2953] sample 0: OK 31.6s -> /home/hm/Projects/Tests/2026-09-02/image-generation/realvisxl_full/geneval/0521/samples/0000.png
[523/2953] sample 0: OK 31.6s -> /home/hm/Projects/Tests/2026-09-02/image-generation/realvisxl_full/geneval/0522/samples/0000.png
[524/2953] sample 0: OK 31.6s -> /home/hm/Projects/Tests/2026-09-02/image-generation/realvisxl_full/geneval/0523/samples/0000.png
[525/2953] sample 0: OK 31.6s -> /home/hm/Projects/Tests/2026-09-02/image-generation/realvisxl_full/geneval/0524/samples/0000.png
[526/2953] sample 0: OK 31.6s -> /home/hm/Projects/Tests/2026-09-02/image-generation/realvisxl_full/geneval/0525/samples/0000.png
[527/2953] sample 0: OK 31.6s -> /home/hm/Projects/Tests/2026-09-02/image-generation/realvisxl_full/geneval/0526/samples/0000.png
[528/2953] sample 0: OK 31.6s -> /home/hm/Projects/Tests/2026-09-02/image-generation/realvisxl_full/geneval/0527/samples/0000.png
[529/2953] sample 0: OK 31.6s -> /home/hm/Projects/Tests/2026-09-02/image-generation/realvisxl_full/geneval/0528/samples/0000.png
[530/2953] sample 0: OK 31.6s -> /home/hm/Projects/Tests/2026-09-02/image-generation/realvisxl_full/geneval/0529/samples/0000.png
[531/2953] sample 0: OK 31.6s -> /home/hm/Projects/Tests/2026-09-02/image-generation/realvisxl_full/geneval/0530/samples/0000.png
[532/2953] sample 0: OK 31.6s -> /home/hm/Projects/Tests/2026-09-02/image-generation/realvisxl_full/geneval/0531/samples/0000.png
[533/2953] sample 0: OK 31.6s -> /home/hm/Projects/Tests/2026-09-02/image-generation/realvisxl_full/geneval/0532/samples/0000.png
[534/2953] sample 0: OK 31.6s -> /home/hm/Projects/Tests/2026-09-02/image-generation/realvisxl_full/geneval/0533/samples/0000.png
[535/2953] sample 0: OK 31.6s -> /home/hm/Projects/Tests/2026-09-02/image-generation/realvisxl_full/geneval/0534/samples/0000.png
[536/2953] sample 0: OK 31.6s -> /home/hm/Projects/Tests/2026-09-02/image-generation/realvisxl_full/geneval/0535/samples/0000.png
[537/2953] sample 0: OK 31.6s -> /home/hm/Projects/Tests/2026-09-02/image-generation/realvisxl_full/geneval/0536/samples/0000.png
[538/2953] sample 0: OK 31.6s -> /home/hm/Projects/Tests/2026-09-02/image-generation/realvisxl_full/geneval/0537/samples/0000.png
[539/2953] sample 0: OK 31.6s -> /home/hm/Projects/Tests/2026-09-02/image-generation/realvisxl_full/geneval/0538/samples/0000.png
[540/2953] sample 0: OK 31.6s -> /home/hm/Projects/Tests/2026-09-02/image-generation/realvisxl_full/geneval/0539/samples/0000.png
[541/2953] sample 0: OK 31.6s -> /home/hm/Projects/Tests/2026-09-02/image-generation/realvisxl_full/geneval/0540/samples/0000.png
[542/2953] sample 0: OK 31.6s -> /home/hm/Projects/Tests/2026-09-02/image-generation/realvisxl_full/geneval/0541/samples/0000.png
[543/2953] sample 0: OK 31.6s -> /home/hm/Projects/Tests/2026-09-02/image-generation/realvisxl_full/geneval/0542/samples/0000.png
[544/2953] sample 0: OK 31.6s -> /home/hm/Projects/Tests/2026-09-02/image-generation/realvisxl_full/geneval/0543/samples/0000.png
[545/2953] sample 0: OK 31.6s -> /home/hm/Projects/Tests/2026-09-02/image-generation/realvisxl_full/geneval/0544/samples/0000.png
[546/2953] sample 0: OK 31.6s -> /home/hm/Projects/Tests/2026-09-02/image-generation/realvisxl_full/geneval/0545/samples/0000.png
[547/2953] sample 0: OK 31.6s -> /home/hm/Projects/Tests/2026-09-02/image-generation/realvisxl_full/geneval/0546/samples/0000.png
[548/2953] sample 0: OK 31.6s -> /home/hm/Projects/Tests/2026-09-02/image-generation/realvisxl_full/geneval/0547/samples/0000.png
[549/2953] sample 0: OK 31.6s -> /home/hm/Projects/Tests/2026-09-02/image-generation/realvisxl_full/geneval/0548/samples/0000.png
[550/2953] sample 0: OK 31.6s -> /home/hm/Projects/Tests/2026-09-02/image-generation/realvisxl_full/geneval/0549/samples/0000.png
[551/2953] sample 0: OK 31.6s -> /home/hm/Projects/Tests/2026-09-02/image-generation/realvisxl_full/geneval/0550/samples/0000.png
[552/2953] sample 0: OK 31.6s -> /home/hm/Projects/Tests/2026-09-02/image-generation/realvisxl_full/geneval/0551/samples/0000.png
[553/2953] sample 0: OK 31.6s -> /home/hm/Projects/Tests/2026-09-02/image-generation/realvisxl_full/geneval/0552/samples/0000.png
[554/2953] sample 0: OK 31.6s -> /home/hm/Projects/Tests/2026-09-02/image-generation/realvisxl_full/t2i_compbench/3d_spatial/3d_spatial_0000/0000.png
[555/2953] sample 0: OK 31.6s -> /home/hm/Projects/Tests/2026-09-02/image-generation/realvisxl_full/t2i_compbench/3d_spatial/3d_spatial_0001/0000.png
[556/2953] sample 0: OK 31.6s -> /home/hm/Projects/Tests/2026-09-02/image-generation/realvisxl_full/t2i_compbench/3d_spatial/3d_spatial_0002/0000.png
[557/2953] sample 0: OK 31.6s -> /home/hm/Projects/Tests/2026-09-02/image-generation/realvisxl_full/t2i_compbench/3d_spatial/3d_spatial_0003/0000.png
[558/2953] sample 0: OK 31.6s -> /home/hm/Projects/Tests/2026-09-02/image-generation/realvisxl_full/t2i_compbench/3d_spatial/3d_spatial_0004/0000.png
[559/2953] sample 0: OK 31.6s -> /home/hm/Projects/Tests/2026-09-02/image-generation/realvisxl_full/t2i_compbench/3d_spatial/3d_spatial_0005/0000.png
[560/2953] sample 0: OK 31.6s -> /home/hm/Projects/Tests/2026-09-02/image-generation/realvisxl_full/t2i_compbench/3d_spatial/3d_spatial_0006/0000.png
[561/2953] sample 0: OK 31.6s -> /home/hm/Projects/Tests/2026-09-02/image-generation/realvisxl_full/t2i_compbench/3d_spatial/3d_spatial_0007/0000.png
[562/2953] sample 0: OK 31.6s -> /home/hm/Projects/Tests/2026-09-02/image-generation/realvisxl_full/t2i_compbench/3d_spatial/3d_spatial_0008/0000.png
[563/2953] sample 0: OK 31.6s -> /home/hm/Projects/Tests/2026-09-02/image-generation/realvisxl_full/t2i_compbench/3d_spatial/3d_spatial_0009/0000.png
[564/2953] sample 0: OK 31.6s -> /home/hm/Projects/Tests/2026-09-02/image-generation/realvisxl_full/t2i_compbench/3d_spatial/3d_spatial_0010/0000.png
[565/2953] sample 0: OK 31.6s -> /home/hm/Projects/Tests/2026-09-02/image-generation/realvisxl_full/t2i_compbench/3d_spatial/3d_spatial_0011/0000.png
[566/2953] sample 0: OK 31.6s -> /home/hm/Projects/Tests/2026-09-02/image-generation/realvisxl_full/t2i_compbench/3d_spatial/3d_spatial_0012/0000.png
[567/2953] sample 0: OK 31.6s -> /home/hm/Projects/Tests/2026-09-02/image-generation/realvisxl_full/t2i_compbench/3d_spatial/3d_spatial_0013/0000.png
[568/2953] sample 0: OK 31.6s -> /home/hm/Projects/Tests/2026-09-02/image-generation/realvisxl_full/t2i_compbench/3d_spatial/3d_spatial_0014/0000.png
[569/2953] sample 0: OK 31.6s -> /home/hm/Projects/Tests/2026-09-02/image-generation/realvisxl_full/t2i_compbench/3d_spatial/3d_spatial_0015/0000.png
[570/2953] sample 0: OK 31.6s -> /home/hm/Projects/Tests/2026-09-02/image-generation/realvisxl_full/t2i_compbench/3d_spatial/3d_spatial_0016/0000.png
[571/2953] sample 0: OK 31.6s -> /home/hm/Projects/Tests/2026-09-02/image-generation/realvisxl_full/t2i_compbench/3d_spatial/3d_spatial_0017/0000.png
[572/2953] sample 0: OK 31.6s -> /home/hm/Projects/Tests/2026-09-02/image-generation/realvisxl_full/t2i_compbench/3d_spatial/3d_spatial_0018/0000.png
[573/2953] sample 0: OK 31.6s -> /home/hm/Projects/Tests/2026-09-02/image-generation/realvisxl_full/t2i_compbench/3d_spatial/3d_spatial_0019/0000.png
[574/2953] sample 0: OK 31.6s -> /home/hm/Projects/Tests/2026-09-02/image-generation/realvisxl_full/t2i_compbench/3d_spatial/3d_spatial_0020/0000.png
[575/2953] sample 0: OK 31.6s -> /home/hm/Projects/Tests/2026-09-02/image-generation/realvisxl_full/t2i_compbench/3d_spatial/3d_spatial_0021/0000.png
[576/2953] sample 0: OK 31.6s -> /home/hm/Projects/Tests/2026-09-02/image-generation/realvisxl_full/t2i_compbench/3d_spatial/3d_spatial_0022/0000.png
[577/2953] sample 0: OK 31.6s -> /home/hm/Projects/Tests/2026-09-02/image-generation/realvisxl_full/t2i_compbench/3d_spatial/3d_spatial_0023/0000.png
[578/2953] sample 0: OK 31.6s -> /home/hm/Projects/Tests/2026-09-02/image-generation/realvisxl_full/t2i_compbench/3d_spatial/3d_spatial_0024/0000.png
[579/2953] sample 0: OK 31.6s -> /home/hm/Projects/Tests/2026-09-02/image-generation/realvisxl_full/t2i_compbench/3d_spatial/3d_spatial_0025/0000.png
[580/2953] sample 0: OK 31.6s -> /home/hm/Projects/Tests/2026-09-02/image-generation/realvisxl_full/t2i_compbench/3d_spatial/3d_spatial_0026/0000.png
[581/2953] sample 0: OK 31.6s -> /home/hm/Projects/Tests/2026-09-02/image-generation/realvisxl_full/t2i_compbench/3d_spatial/3d_spatial_0027/0000.png
[582/2953] sample 0: OK 31.6s -> /home/hm/Projects/Tests/2026-09-02/image-generation/realvisxl_full/t2i_compbench/3d_spatial/3d_spatial_0028/0000.png
[583/2953] sample 0: OK 31.6s -> /home/hm/Projects/Tests/2026-09-02/image-generation/realvisxl_full/t2i_compbench/3d_spatial/3d_spatial_0029/0000.png
[584/2953] sample 0: OK 31.6s -> /home/hm/Projects/Tests/2026-09-02/image-generation/realvisxl_full/t2i_compbench/3d_spatial/3d_spatial_0030/0000.png
[585/2953] sample 0: OK 31.6s -> /home/hm/Projects/Tests/2026-09-02/image-generation/realvisxl_full/t2i_compbench/3d_spatial/3d_spatial_0031/0000.png
[586/2953] sample 0: OK 31.6s -> /home/hm/Projects/Tests/2026-09-02/image-generation/realvisxl_full/t2i_compbench/3d_spatial/3d_spatial_0032/0000.png
[587/2953] sample 0: OK 31.6s -> /home/hm/Projects/Tests/2026-09-02/image-generation/realvisxl_full/t2i_compbench/3d_spatial/3d_spatial_0033/0000.png
[588/2953] sample 0: OK 31.6s -> /home/hm/Projects/Tests/2026-09-02/image-generation/realvisxl_full/t2i_compbench/3d_spatial/3d_spatial_0034/0000.png
[589/2953] sample 0: OK 31.6s -> /home/hm/Projects/Tests/2026-09-02/image-generation/realvisxl_full/t2i_compbench/3d_spatial/3d_spatial_0035/0000.png
[590/2953] sample 0: OK 31.6s -> /home/hm/Projects/Tests/2026-09-02/image-generation/realvisxl_full/t2i_compbench/3d_spatial/3d_spatial_0036/0000.png
[591/2953] sample 0: OK 31.6s -> /home/hm/Projects/Tests/2026-09-02/image-generation/realvisxl_full/t2i_compbench/3d_spatial/3d_spatial_0037/0000.png
[592/2953] sample 0: OK 31.6s -> /home/hm/Projects/Tests/2026-09-02/image-generation/realvisxl_full/t2i_compbench/3d_spatial/3d_spatial_0038/0000.png
[593/2953] sample 0: OK 31.6s -> /home/hm/Projects/Tests/2026-09-02/image-generation/realvisxl_full/t2i_compbench/3d_spatial/3d_spatial_0039/0000.png
[594/2953] sample 0: OK 31.6s -> /home/hm/Projects/Tests/2026-09-02/image-generation/realvisxl_full/t2i_compbench/3d_spatial/3d_spatial_0040/0000.png
[595/2953] sample 0: OK 31.6s -> /home/hm/Projects/Tests/2026-09-02/image-generation/realvisxl_full/t2i_compbench/3d_spatial/3d_spatial_0041/0000.png
[596/2953] sample 0: OK 31.6s -> /home/hm/Projects/Tests/2026-09-02/image-generation/realvisxl_full/t2i_compbench/3d_spatial/3d_spatial_0042/0000.png
[597/2953] sample 0: OK 31.6s -> /home/hm/Projects/Tests/2026-09-02/image-generation/realvisxl_full/t2i_compbench/3d_spatial/3d_spatial_0043/0000.png
[598/2953] sample 0: OK 31.6s -> /home/hm/Projects/Tests/2026-09-02/image-generation/realvisxl_full/t2i_compbench/3d_spatial/3d_spatial_0044/0000.png
[599/2953] sample 0: OK 31.6s -> /home/hm/Projects/Tests/2026-09-02/image-generation/realvisxl_full/t2i_compbench/3d_spatial/3d_spatial_0045/0000.png
[600/2953] sample 0: OK 31.6s -> /home/hm/Projects/Tests/2026-09-02/image-generation/realvisxl_full/t2i_compbench/3d_spatial/3d_spatial_0046/0000.png
[601/2953] sample 0: OK 31.6s -> /home/hm/Projects/Tests/2026-09-02/image-generation/realvisxl_full/t2i_compbench/3d_spatial/3d_spatial_0047/0000.png
[602/2953] sample 0: OK 31.6s -> /home/hm/Projects/Tests/2026-09-02/image-generation/realvisxl_full/t2i_compbench/3d_spatial/3d_spatial_0048/0000.png
[603/2953] sample 0: OK 31.6s -> /home/hm/Projects/Tests/2026-09-02/image-generation/realvisxl_full/t2i_compbench/3d_spatial/3d_spatial_0049/0000.png
[604/2953] sample 0: OK 31.6s -> /home/hm/Projects/Tests/2026-09-02/image-generation/realvisxl_full/t2i_compbench/3d_spatial/3d_spatial_0050/0000.png
[605/2953] sample 0: OK 31.6s -> /home/hm/Projects/Tests/2026-09-02/image-generation/realvisxl_full/t2i_compbench/3d_spatial/3d_spatial_0051/0000.png
[606/2953] sample 0: OK 31.6s -> /home/hm/Projects/Tests/2026-09-02/image-generation/realvisxl_full/t2i_compbench/3d_spatial/3d_spatial_0052/0000.png
[607/2953] sample 0: OK 31.6s -> /home/hm/Projects/Tests/2026-09-02/image-generation/realvisxl_full/t2i_compbench/3d_spatial/3d_spatial_0053/0000.png
[608/2953] sample 0: OK 31.6s -> /home/hm/Projects/Tests/2026-09-02/image-generation/realvisxl_full/t2i_compbench/3d_spatial/3d_spatial_0054/0000.png
[609/2953] sample 0: OK 31.6s -> /home/hm/Projects/Tests/2026-09-02/image-generation/realvisxl_full/t2i_compbench/3d_spatial/3d_spatial_0055/0000.png
[610/2953] sample 0: OK 31.6s -> /home/hm/Projects/Tests/2026-09-02/image-generation/realvisxl_full/t2i_compbench/3d_spatial/3d_spatial_0056/0000.png
[611/2953] sample 0: OK 31.6s -> /home/hm/Projects/Tests/2026-09-02/image-generation/realvisxl_full/t2i_compbench/3d_spatial/3d_spatial_0057/0000.png
[612/2953] sample 0: OK 31.6s -> /home/hm/Projects/Tests/2026-09-02/image-generation/realvisxl_full/t2i_compbench/3d_spatial/3d_spatial_0058/0000.png
[613/2953] sample 0: OK 31.6s -> /home/hm/Projects/Tests/2026-09-02/image-generation/realvisxl_full/t2i_compbench/3d_spatial/3d_spatial_0059/0000.png
[614/2953] sample 0: OK 31.6s -> /home/hm/Projects/Tests/2026-09-02/image-generation/realvisxl_full/t2i_compbench/3d_spatial/3d_spatial_0060/0000.png
[615/2953] sample 0: OK 31.6s -> /home/hm/Projects/Tests/2026-09-02/image-generation/realvisxl_full/t2i_compbench/3d_spatial/3d_spatial_0061/0000.png
[616/2953] sample 0: OK 31.6s -> /home/hm/Projects/Tests/2026-09-02/image-generation/realvisxl_full/t2i_compbench/3d_spatial/3d_spatial_0062/0000.png
[617/2953] sample 0: OK 31.6s -> /home/hm/Projects/Tests/2026-09-02/image-generation/realvisxl_full/t2i_compbench/3d_spatial/3d_spatial_0063/0000.png
[618/2953] sample 0: OK 31.6s -> /home/hm/Projects/Tests/2026-09-02/image-generation/realvisxl_full/t2i_compbench/3d_spatial/3d_spatial_0064/0000.png
[619/2953] sample 0: OK 31.6s -> /home/hm/Projects/Tests/2026-09-02/image-generation/realvisxl_full/t2i_compbench/3d_spatial/3d_spatial_0065/0000.png
[620/2953] sample 0: OK 31.6s -> /home/hm/Projects/Tests/2026-09-02/image-generation/realvisxl_full/t2i_compbench/3d_spatial/3d_spatial_0066/0000.png
[621/2953] sample 0: OK 31.6s -> /home/hm/Projects/Tests/2026-09-02/image-generation/realvisxl_full/t2i_compbench/3d_spatial/3d_spatial_0067/0000.png
[622/2953] sample 0: OK 31.6s -> /home/hm/Projects/Tests/2026-09-02/image-generation/realvisxl_full/t2i_compbench/3d_spatial/3d_spatial_0068/0000.png
[623/2953] sample 0: OK 31.6s -> /home/hm/Projects/Tests/2026-09-02/image-generation/realvisxl_full/t2i_compbench/3d_spatial/3d_spatial_0069/0000.png
[624/2953] sample 0: OK 31.6s -> /home/hm/Projects/Tests/2026-09-02/image-generation/realvisxl_full/t2i_compbench/3d_spatial/3d_spatial_0070/0000.png
[625/2953] sample 0: OK 31.6s -> /home/hm/Projects/Tests/2026-09-02/image-generation/realvisxl_full/t2i_compbench/3d_spatial/3d_spatial_0071/0000.png
[626/2953] sample 0: OK 31.6s -> /home/hm/Projects/Tests/2026-09-02/image-generation/realvisxl_full/t2i_compbench/3d_spatial/3d_spatial_0072/0000.png
[627/2953] sample 0: OK 31.6s -> /home/hm/Projects/Tests/2026-09-02/image-generation/realvisxl_full/t2i_compbench/3d_spatial/3d_spatial_0073/0000.png
[628/2953] sample 0: OK 31.6s -> /home/hm/Projects/Tests/2026-09-02/image-generation/realvisxl_full/t2i_compbench/3d_spatial/3d_spatial_0074/0000.png
[629/2953] sample 0: OK 31.6s -> /home/hm/Projects/Tests/2026-09-02/image-generation/realvisxl_full/t2i_compbench/3d_spatial/3d_spatial_0075/0000.png
[630/2953] sample 0: OK 31.6s -> /home/hm/Projects/Tests/2026-09-02/image-generation/realvisxl_full/t2i_compbench/3d_spatial/3d_spatial_0076/0000.png
[631/2953] sample 0: OK 31.6s -> /home/hm/Projects/Tests/2026-09-02/image-generation/realvisxl_full/t2i_compbench/3d_spatial/3d_spatial_0077/0000.png
[632/2953] sample 0: OK 31.6s -> /home/hm/Projects/Tests/2026-09-02/image-generation/realvisxl_full/t2i_compbench/3d_spatial/3d_spatial_0078/0000.png
[633/2953] sample 0: OK 31.6s -> /home/hm/Projects/Tests/2026-09-02/image-generation/realvisxl_full/t2i_compbench/3d_spatial/3d_spatial_0079/0000.png
[634/2953] sample 0: OK 31.6s -> /home/hm/Projects/Tests/2026-09-02/image-generation/realvisxl_full/t2i_compbench/3d_spatial/3d_spatial_0080/0000.png
[635/2953] sample 0: OK 31.6s -> /home/hm/Projects/Tests/2026-09-02/image-generation/realvisxl_full/t2i_compbench/3d_spatial/3d_spatial_0081/0000.png
[636/2953] sample 0: OK 31.6s -> /home/hm/Projects/Tests/2026-09-02/image-generation/realvisxl_full/t2i_compbench/3d_spatial/3d_spatial_0082/0000.png
[637/2953] sample 0: OK 31.6s -> /home/hm/Projects/Tests/2026-09-02/image-generation/realvisxl_full/t2i_compbench/3d_spatial/3d_spatial_0083/0000.png
[638/2953] sample 0: OK 31.6s -> /home/hm/Projects/Tests/2026-09-02/image-generation/realvisxl_full/t2i_compbench/3d_spatial/3d_spatial_0084/0000.png
[639/2953] sample 0: OK 31.6s -> /home/hm/Projects/Tests/2026-09-02/image-generation/realvisxl_full/t2i_compbench/3d_spatial/3d_spatial_0085/0000.png
[640/2953] sample 0: OK 31.6s -> /home/hm/Projects/Tests/2026-09-02/image-generation/realvisxl_full/t2i_compbench/3d_spatial/3d_spatial_0086/0000.png
[641/2953] sample 0: OK 31.6s -> /home/hm/Projects/Tests/2026-09-02/image-generation/realvisxl_full/t2i_compbench/3d_spatial/3d_spatial_0087/0000.png
[642/2953] sample 0: OK 31.6s -> /home/hm/Projects/Tests/2026-09-02/image-generation/realvisxl_full/t2i_compbench/3d_spatial/3d_spatial_0088/0000.png
[643/2953] sample 0: OK 31.6s -> /home/hm/Projects/Tests/2026-09-02/image-generation/realvisxl_full/t2i_compbench/3d_spatial/3d_spatial_0089/0000.png
[644/2953] sample 0: OK 31.6s -> /home/hm/Projects/Tests/2026-09-02/image-generation/realvisxl_full/t2i_compbench/3d_spatial/3d_spatial_0090/0000.png
[645/2953] sample 0: OK 31.6s -> /home/hm/Projects/Tests/2026-09-02/image-generation/realvisxl_full/t2i_compbench/3d_spatial/3d_spatial_0091/0000.png
[646/2953] sample 0: OK 31.6s -> /home/hm/Projects/Tests/2026-09-02/image-generation/realvisxl_full/t2i_compbench/3d_spatial/3d_spatial_0092/0000.png
[647/2953] sample 0: OK 31.6s -> /home/hm/Projects/Tests/2026-09-02/image-generation/realvisxl_full/t2i_compbench/3d_spatial/3d_spatial_0093/0000.png
[648/2953] sample 0: OK 31.6s -> /home/hm/Projects/Tests/2026-09-02/image-generation/realvisxl_full/t2i_compbench/3d_spatial/3d_spatial_0094/0000.png
[649/2953] sample 0: OK 31.6s -> /home/hm/Projects/Tests/2026-09-02/image-generation/realvisxl_full/t2i_compbench/3d_spatial/3d_spatial_0095/0000.png
[650/2953] sample 0: OK 31.6s -> /home/hm/Projects/Tests/2026-09-02/image-generation/realvisxl_full/t2i_compbench/3d_spatial/3d_spatial_0096/0000.png
[651/2953] sample 0: OK 31.6s -> /home/hm/Projects/Tests/2026-09-02/image-generation/realvisxl_full/t2i_compbench/3d_spatial/3d_spatial_0097/0000.png
[652/2953] sample 0: OK 31.6s -> /home/hm/Projects/Tests/2026-09-02/image-generation/realvisxl_full/t2i_compbench/3d_spatial/3d_spatial_0098/0000.png
[653/2953] sample 0: OK 31.6s -> /home/hm/Projects/Tests/2026-09-02/image-generation/realvisxl_full/t2i_compbench/3d_spatial/3d_spatial_0099/0000.png
[654/2953] sample 0: OK 31.6s -> /home/hm/Projects/Tests/2026-09-02/image-generation/realvisxl_full/t2i_compbench/3d_spatial/3d_spatial_0100/0000.png
[655/2953] sample 0: OK 31.6s -> /home/hm/Projects/Tests/2026-09-02/image-generation/realvisxl_full/t2i_compbench/3d_spatial/3d_spatial_0101/0000.png
[656/2953] sample 0: OK 31.6s -> /home/hm/Projects/Tests/2026-09-02/image-generation/realvisxl_full/t2i_compbench/3d_spatial/3d_spatial_0102/0000.png
[657/2953] sample 0: OK 31.6s -> /home/hm/Projects/Tests/2026-09-02/image-generation/realvisxl_full/t2i_compbench/3d_spatial/3d_spatial_0103/0000.png
[658/2953] sample 0: OK 31.6s -> /home/hm/Projects/Tests/2026-09-02/image-generation/realvisxl_full/t2i_compbench/3d_spatial/3d_spatial_0104/0000.png
[659/2953] sample 0: OK 31.6s -> /home/hm/Projects/Tests/2026-09-02/image-generation/realvisxl_full/t2i_compbench/3d_spatial/3d_spatial_0105/0000.png
[660/2953] sample 0: OK 31.6s -> /home/hm/Projects/Tests/2026-09-02/image-generation/realvisxl_full/t2i_compbench/3d_spatial/3d_spatial_0106/0000.png
[661/2953] sample 0: OK 31.6s -> /home/hm/Projects/Tests/2026-09-02/image-generation/realvisxl_full/t2i_compbench/3d_spatial/3d_spatial_0107/0000.png
[662/2953] sample 0: OK 31.6s -> /home/hm/Projects/Tests/2026-09-02/image-generation/realvisxl_full/t2i_compbench/3d_spatial/3d_spatial_0108/0000.png
[663/2953] sample 0: OK 31.6s -> /home/hm/Projects/Tests/2026-09-02/image-generation/realvisxl_full/t2i_compbench/3d_spatial/3d_spatial_0109/0000.png
[664/2953] sample 0: OK 31.6s -> /home/hm/Projects/Tests/2026-09-02/image-generation/realvisxl_full/t2i_compbench/3d_spatial/3d_spatial_0110/0000.png
[665/2953] sample 0: OK 31.6s -> /home/hm/Projects/Tests/2026-09-02/image-generation/realvisxl_full/t2i_compbench/3d_spatial/3d_spatial_0111/0000.png
[666/2953] sample 0: OK 31.6s -> /home/hm/Projects/Tests/2026-09-02/image-generation/realvisxl_full/t2i_compbench/3d_spatial/3d_spatial_0112/0000.png
[667/2953] sample 0: OK 31.6s -> /home/hm/Projects/Tests/2026-09-02/image-generation/realvisxl_full/t2i_compbench/3d_spatial/3d_spatial_0113/0000.png
[668/2953] sample 0: OK 31.6s -> /home/hm/Projects/Tests/2026-09-02/image-generation/realvisxl_full/t2i_compbench/3d_spatial/3d_spatial_0114/0000.png
[669/2953] sample 0: OK 31.6s -> /home/hm/Projects/Tests/2026-09-02/image-generation/realvisxl_full/t2i_compbench/3d_spatial/3d_spatial_0115/0000.png
[670/2953] sample 0: OK 31.6s -> /home/hm/Projects/Tests/2026-09-02/image-generation/realvisxl_full/t2i_compbench/3d_spatial/3d_spatial_0116/0000.png
[671/2953] sample 0: OK 31.6s -> /home/hm/Projects/Tests/2026-09-02/image-generation/realvisxl_full/t2i_compbench/3d_spatial/3d_spatial_0117/0000.png
[672/2953] sample 0: OK 31.6s -> /home/hm/Projects/Tests/2026-09-02/image-generation/realvisxl_full/t2i_compbench/3d_spatial/3d_spatial_0118/0000.png
[673/2953] sample 0: OK 31.6s -> /home/hm/Projects/Tests/2026-09-02/image-generation/realvisxl_full/t2i_compbench/3d_spatial/3d_spatial_0119/0000.png
[674/2953] sample 0: OK 31.6s -> /home/hm/Projects/Tests/2026-09-02/image-generation/realvisxl_full/t2i_compbench/3d_spatial/3d_spatial_0120/0000.png
[675/2953] sample 0: OK 31.6s -> /home/hm/Projects/Tests/2026-09-02/image-generation/realvisxl_full/t2i_compbench/3d_spatial/3d_spatial_0121/0000.png
[676/2953] sample 0: OK 31.6s -> /home/hm/Projects/Tests/2026-09-02/image-generation/realvisxl_full/t2i_compbench/3d_spatial/3d_spatial_0122/0000.png
[677/2953] sample 0: OK 31.6s -> /home/hm/Projects/Tests/2026-09-02/image-generation/realvisxl_full/t2i_compbench/3d_spatial/3d_spatial_0123/0000.png
[678/2953] sample 0: OK 31.6s -> /home/hm/Projects/Tests/2026-09-02/image-generation/realvisxl_full/t2i_compbench/3d_spatial/3d_spatial_0124/0000.png
[679/2953] sample 0: OK 31.6s -> /home/hm/Projects/Tests/2026-09-02/image-generation/realvisxl_full/t2i_compbench/3d_spatial/3d_spatial_0125/0000.png
[680/2953] sample 0: OK 31.6s -> /home/hm/Projects/Tests/2026-09-02/image-generation/realvisxl_full/t2i_compbench/3d_spatial/3d_spatial_0126/0000.png
[681/2953] sample 0: OK 31.6s -> /home/hm/Projects/Tests/2026-09-02/image-generation/realvisxl_full/t2i_compbench/3d_spatial/3d_spatial_0127/0000.png
[682/2953] sample 0: OK 31.6s -> /home/hm/Projects/Tests/2026-09-02/image-generation/realvisxl_full/t2i_compbench/3d_spatial/3d_spatial_0128/0000.png
[683/2953] sample 0: OK 31.6s -> /home/hm/Projects/Tests/2026-09-02/image-generation/realvisxl_full/t2i_compbench/3d_spatial/3d_spatial_0129/0000.png
[684/2953] sample 0: OK 31.6s -> /home/hm/Projects/Tests/2026-09-02/image-generation/realvisxl_full/t2i_compbench/3d_spatial/3d_spatial_0130/0000.png
[685/2953] sample 0: OK 31.6s -> /home/hm/Projects/Tests/2026-09-02/image-generation/realvisxl_full/t2i_compbench/3d_spatial/3d_spatial_0131/0000.png
[686/2953] sample 0: OK 31.6s -> /home/hm/Projects/Tests/2026-09-02/image-generation/realvisxl_full/t2i_compbench/3d_spatial/3d_spatial_0132/0000.png
[687/2953] sample 0: OK 31.6s -> /home/hm/Projects/Tests/2026-09-02/image-generation/realvisxl_full/t2i_compbench/3d_spatial/3d_spatial_0133/0000.png
[688/2953] sample 0: OK 31.6s -> /home/hm/Projects/Tests/2026-09-02/image-generation/realvisxl_full/t2i_compbench/3d_spatial/3d_spatial_0134/0000.png
[689/2953] sample 0: OK 31.6s -> /home/hm/Projects/Tests/2026-09-02/image-generation/realvisxl_full/t2i_compbench/3d_spatial/3d_spatial_0135/0000.png
[690/2953] sample 0: OK 31.6s -> /home/hm/Projects/Tests/2026-09-02/image-generation/realvisxl_full/t2i_compbench/3d_spatial/3d_spatial_0136/0000.png
[691/2953] sample 0: OK 31.6s -> /home/hm/Projects/Tests/2026-09-02/image-generation/realvisxl_full/t2i_compbench/3d_spatial/3d_spatial_0137/0000.png
[692/2953] sample 0: OK 31.6s -> /home/hm/Projects/Tests/2026-09-02/image-generation/realvisxl_full/t2i_compbench/3d_spatial/3d_spatial_0138/0000.png
[693/2953] sample 0: OK 31.6s -> /home/hm/Projects/Tests/2026-09-02/image-generation/realvisxl_full/t2i_compbench/3d_spatial/3d_spatial_0139/0000.png
[694/2953] sample 0: OK 31.6s -> /home/hm/Projects/Tests/2026-09-02/image-generation/realvisxl_full/t2i_compbench/3d_spatial/3d_spatial_0140/0000.png
[695/2953] sample 0: OK 31.6s -> /home/hm/Projects/Tests/2026-09-02/image-generation/realvisxl_full/t2i_compbench/3d_spatial/3d_spatial_0141/0000.png
[696/2953] sample 0: OK 31.6s -> /home/hm/Projects/Tests/2026-09-02/image-generation/realvisxl_full/t2i_compbench/3d_spatial/3d_spatial_0142/0000.png
[697/2953] sample 0: OK 31.6s -> /home/hm/Projects/Tests/2026-09-02/image-generation/realvisxl_full/t2i_compbench/3d_spatial/3d_spatial_0143/0000.png
[698/2953] sample 0: OK 31.6s -> /home/hm/Projects/Tests/2026-09-02/image-generation/realvisxl_full/t2i_compbench/3d_spatial/3d_spatial_0144/0000.png
[699/2953] sample 0: OK 31.6s -> /home/hm/Projects/Tests/2026-09-02/image-generation/realvisxl_full/t2i_compbench/3d_spatial/3d_spatial_0145/0000.png
[700/2953] sample 0: OK 31.6s -> /home/hm/Projects/Tests/2026-09-02/image-generation/realvisxl_full/t2i_compbench/3d_spatial/3d_spatial_0146/0000.png
[701/2953] sample 0: OK 31.6s -> /home/hm/Projects/Tests/2026-09-02/image-generation/realvisxl_full/t2i_compbench/3d_spatial/3d_spatial_0147/0000.png
[702/2953] sample 0: OK 31.6s -> /home/hm/Projects/Tests/2026-09-02/image-generation/realvisxl_full/t2i_compbench/3d_spatial/3d_spatial_0148/0000.png
[703/2953] sample 0: OK 31.6s -> /home/hm/Projects/Tests/2026-09-02/image-generation/realvisxl_full/t2i_compbench/3d_spatial/3d_spatial_0149/0000.png
[704/2953] sample 0: OK 31.6s -> /home/hm/Projects/Tests/2026-09-02/image-generation/realvisxl_full/t2i_compbench/3d_spatial/3d_spatial_0150/0000.png
[705/2953] sample 0: OK 31.6s -> /home/hm/Projects/Tests/2026-09-02/image-generation/realvisxl_full/t2i_compbench/3d_spatial/3d_spatial_0151/0000.png
[706/2953] sample 0: OK 31.6s -> /home/hm/Projects/Tests/2026-09-02/image-generation/realvisxl_full/t2i_compbench/3d_spatial/3d_spatial_0152/0000.png
[707/2953] sample 0: OK 31.6s -> /home/hm/Projects/Tests/2026-09-02/image-generation/realvisxl_full/t2i_compbench/3d_spatial/3d_spatial_0153/0000.png
[708/2953] sample 0: OK 31.6s -> /home/hm/Projects/Tests/2026-09-02/image-generation/realvisxl_full/t2i_compbench/3d_spatial/3d_spatial_0154/0000.png
[709/2953] sample 0: OK 31.6s -> /home/hm/Projects/Tests/2026-09-02/image-generation/realvisxl_full/t2i_compbench/3d_spatial/3d_spatial_0155/0000.png
[710/2953] sample 0: OK 31.6s -> /home/hm/Projects/Tests/2026-09-02/image-generation/realvisxl_full/t2i_compbench/3d_spatial/3d_spatial_0156/0000.png
[711/2953] sample 0: OK 31.6s -> /home/hm/Projects/Tests/2026-09-02/image-generation/realvisxl_full/t2i_compbench/3d_spatial/3d_spatial_0157/0000.png
[712/2953] sample 0: OK 31.6s -> /home/hm/Projects/Tests/2026-09-02/image-generation/realvisxl_full/t2i_compbench/3d_spatial/3d_spatial_0158/0000.png
[713/2953] sample 0: OK 31.6s -> /home/hm/Projects/Tests/2026-09-02/image-generation/realvisxl_full/t2i_compbench/3d_spatial/3d_spatial_0159/0000.png
[714/2953] sample 0: OK 31.6s -> /home/hm/Projects/Tests/2026-09-02/image-generation/realvisxl_full/t2i_compbench/3d_spatial/3d_spatial_0160/0000.png
[715/2953] sample 0: OK 31.6s -> /home/hm/Projects/Tests/2026-09-02/image-generation/realvisxl_full/t2i_compbench/3d_spatial/3d_spatial_0161/0000.png
[716/2953] sample 0: OK 31.6s -> /home/hm/Projects/Tests/2026-09-02/image-generation/realvisxl_full/t2i_compbench/3d_spatial/3d_spatial_0162/0000.png
[717/2953] sample 0: OK 31.6s -> /home/hm/Projects/Tests/2026-09-02/image-generation/realvisxl_full/t2i_compbench/3d_spatial/3d_spatial_0163/0000.png
[718/2953] sample 0: OK 31.6s -> /home/hm/Projects/Tests/2026-09-02/image-generation/realvisxl_full/t2i_compbench/3d_spatial/3d_spatial_0164/0000.png
[719/2953] sample 0: OK 31.6s -> /home/hm/Projects/Tests/2026-09-02/image-generation/realvisxl_full/t2i_compbench/3d_spatial/3d_spatial_0165/0000.png
[720/2953] sample 0: OK 31.6s -> /home/hm/Projects/Tests/2026-09-02/image-generation/realvisxl_full/t2i_compbench/3d_spatial/3d_spatial_0166/0000.png
[721/2953] sample 0: OK 31.6s -> /home/hm/Projects/Tests/2026-09-02/image-generation/realvisxl_full/t2i_compbench/3d_spatial/3d_spatial_0167/0000.png
[722/2953] sample 0: OK 31.6s -> /home/hm/Projects/Tests/2026-09-02/image-generation/realvisxl_full/t2i_compbench/3d_spatial/3d_spatial_0168/0000.png
[723/2953] sample 0: OK 31.6s -> /home/hm/Projects/Tests/2026-09-02/image-generation/realvisxl_full/t2i_compbench/3d_spatial/3d_spatial_0169/0000.png
[724/2953] sample 0: OK 31.6s -> /home/hm/Projects/Tests/2026-09-02/image-generation/realvisxl_full/t2i_compbench/3d_spatial/3d_spatial_0170/0000.png
[725/2953] sample 0: OK 31.6s -> /home/hm/Projects/Tests/2026-09-02/image-generation/realvisxl_full/t2i_compbench/3d_spatial/3d_spatial_0171/0000.png
[726/2953] sample 0: OK 31.6s -> /home/hm/Projects/Tests/2026-09-02/image-generation/realvisxl_full/t2i_compbench/3d_spatial/3d_spatial_0172/0000.png
[727/2953] sample 0: OK 31.6s -> /home/hm/Projects/Tests/2026-09-02/image-generation/realvisxl_full/t2i_compbench/3d_spatial/3d_spatial_0173/0000.png
[728/2953] sample 0: OK 31.6s -> /home/hm/Projects/Tests/2026-09-02/image-generation/realvisxl_full/t2i_compbench/3d_spatial/3d_spatial_0174/0000.png
[729/2953] sample 0: OK 31.6s -> /home/hm/Projects/Tests/2026-09-02/image-generation/realvisxl_full/t2i_compbench/3d_spatial/3d_spatial_0175/0000.png
[730/2953] sample 0: OK 31.6s -> /home/hm/Projects/Tests/2026-09-02/image-generation/realvisxl_full/t2i_compbench/3d_spatial/3d_spatial_0176/0000.png
[731/2953] sample 0: OK 31.6s -> /home/hm/Projects/Tests/2026-09-02/image-generation/realvisxl_full/t2i_compbench/3d_spatial/3d_spatial_0177/0000.png
[732/2953] sample 0: OK 31.6s -> /home/hm/Projects/Tests/2026-09-02/image-generation/realvisxl_full/t2i_compbench/3d_spatial/3d_spatial_0178/0000.png
[733/2953] sample 0: OK 31.6s -> /home/hm/Projects/Tests/2026-09-02/image-generation/realvisxl_full/t2i_compbench/3d_spatial/3d_spatial_0179/0000.png
[734/2953] sample 0: OK 31.6s -> /home/hm/Projects/Tests/2026-09-02/image-generation/realvisxl_full/t2i_compbench/3d_spatial/3d_spatial_0180/0000.png
[735/2953] sample 0: OK 31.6s -> /home/hm/Projects/Tests/2026-09-02/image-generation/realvisxl_full/t2i_compbench/3d_spatial/3d_spatial_0181/0000.png
[736/2953] sample 0: OK 31.6s -> /home/hm/Projects/Tests/2026-09-02/image-generation/realvisxl_full/t2i_compbench/3d_spatial/3d_spatial_0182/0000.png
[737/2953] sample 0: OK 31.6s -> /home/hm/Projects/Tests/2026-09-02/image-generation/realvisxl_full/t2i_compbench/3d_spatial/3d_spatial_0183/0000.png
[738/2953] sample 0: OK 31.6s -> /home/hm/Projects/Tests/2026-09-02/image-generation/realvisxl_full/t2i_compbench/3d_spatial/3d_spatial_0184/0000.png
[739/2953] sample 0: OK 31.6s -> /home/hm/Projects/Tests/2026-09-02/image-generation/realvisxl_full/t2i_compbench/3d_spatial/3d_spatial_0185/0000.png
[740/2953] sample 0: OK 31.6s -> /home/hm/Projects/Tests/2026-09-02/image-generation/realvisxl_full/t2i_compbench/3d_spatial/3d_spatial_0186/0000.png
[741/2953] sample 0: OK 31.6s -> /home/hm/Projects/Tests/2026-09-02/image-generation/realvisxl_full/t2i_compbench/3d_spatial/3d_spatial_0187/0000.png
[742/2953] sample 0: OK 31.6s -> /home/hm/Projects/Tests/2026-09-02/image-generation/realvisxl_full/t2i_compbench/3d_spatial/3d_spatial_0188/0000.png
[743/2953] sample 0: OK 31.6s -> /home/hm/Projects/Tests/2026-09-02/image-generation/realvisxl_full/t2i_compbench/3d_spatial/3d_spatial_0189/0000.png
[744/2953] sample 0: OK 31.6s -> /home/hm/Projects/Tests/2026-09-02/image-generation/realvisxl_full/t2i_compbench/3d_spatial/3d_spatial_0190/0000.png
[745/2953] sample 0: OK 31.6s -> /home/hm/Projects/Tests/2026-09-02/image-generation/realvisxl_full/t2i_compbench/3d_spatial/3d_spatial_0191/0000.png
[746/2953] sample 0: OK 31.6s -> /home/hm/Projects/Tests/2026-09-02/image-generation/realvisxl_full/t2i_compbench/3d_spatial/3d_spatial_0192/0000.png
[747/2953] sample 0: OK 31.6s -> /home/hm/Projects/Tests/2026-09-02/image-generation/realvisxl_full/t2i_compbench/3d_spatial/3d_spatial_0193/0000.png
[748/2953] sample 0: OK 31.6s -> /home/hm/Projects/Tests/2026-09-02/image-generation/realvisxl_full/t2i_compbench/3d_spatial/3d_spatial_0194/0000.png
[749/2953] sample 0: OK 31.6s -> /home/hm/Projects/Tests/2026-09-02/image-generation/realvisxl_full/t2i_compbench/3d_spatial/3d_spatial_0195/0000.png
[750/2953] sample 0: OK 31.6s -> /home/hm/Projects/Tests/2026-09-02/image-generation/realvisxl_full/t2i_compbench/3d_spatial/3d_spatial_0196/0000.png
[751/2953] sample 0: OK 31.6s -> /home/hm/Projects/Tests/2026-09-02/image-generation/realvisxl_full/t2i_compbench/3d_spatial/3d_spatial_0197/0000.png
[752/2953] sample 0: OK 31.6s -> /home/hm/Projects/Tests/2026-09-02/image-generation/realvisxl_full/t2i_compbench/3d_spatial/3d_spatial_0198/0000.png
[753/2953] sample 0: OK 31.6s -> /home/hm/Projects/Tests/2026-09-02/image-generation/realvisxl_full/t2i_compbench/3d_spatial/3d_spatial_0199/0000.png
[754/2953] sample 0: OK 31.6s -> /home/hm/Projects/Tests/2026-09-02/image-generation/realvisxl_full/t2i_compbench/3d_spatial/3d_spatial_0200/0000.png
[755/2953] sample 0: OK 31.6s -> /home/hm/Projects/Tests/2026-09-02/image-generation/realvisxl_full/t2i_compbench/3d_spatial/3d_spatial_0201/0000.png
[756/2953] sample 0: OK 31.6s -> /home/hm/Projects/Tests/2026-09-02/image-generation/realvisxl_full/t2i_compbench/3d_spatial/3d_spatial_0202/0000.png
[757/2953] sample 0: OK 31.6s -> /home/hm/Projects/Tests/2026-09-02/image-generation/realvisxl_full/t2i_compbench/3d_spatial/3d_spatial_0203/0000.png
[758/2953] sample 0: OK 31.6s -> /home/hm/Projects/Tests/2026-09-02/image-generation/realvisxl_full/t2i_compbench/3d_spatial/3d_spatial_0204/0000.png
[759/2953] sample 0: OK 31.6s -> /home/hm/Projects/Tests/2026-09-02/image-generation/realvisxl_full/t2i_compbench/3d_spatial/3d_spatial_0205/0000.png
[760/2953] sample 0: OK 31.6s -> /home/hm/Projects/Tests/2026-09-02/image-generation/realvisxl_full/t2i_compbench/3d_spatial/3d_spatial_0206/0000.png
[761/2953] sample 0: OK 31.6s -> /home/hm/Projects/Tests/2026-09-02/image-generation/realvisxl_full/t2i_compbench/3d_spatial/3d_spatial_0207/0000.png
[762/2953] sample 0: OK 31.6s -> /home/hm/Projects/Tests/2026-09-02/image-generation/realvisxl_full/t2i_compbench/3d_spatial/3d_spatial_0208/0000.png
[763/2953] sample 0: OK 31.6s -> /home/hm/Projects/Tests/2026-09-02/image-generation/realvisxl_full/t2i_compbench/3d_spatial/3d_spatial_0209/0000.png
[764/2953] sample 0: OK 31.6s -> /home/hm/Projects/Tests/2026-09-02/image-generation/realvisxl_full/t2i_compbench/3d_spatial/3d_spatial_0210/0000.png
[765/2953] sample 0: OK 31.6s -> /home/hm/Projects/Tests/2026-09-02/image-generation/realvisxl_full/t2i_compbench/3d_spatial/3d_spatial_0211/0000.png
[766/2953] sample 0: OK 31.6s -> /home/hm/Projects/Tests/2026-09-02/image-generation/realvisxl_full/t2i_compbench/3d_spatial/3d_spatial_0212/0000.png
[767/2953] sample 0: OK 31.6s -> /home/hm/Projects/Tests/2026-09-02/image-generation/realvisxl_full/t2i_compbench/3d_spatial/3d_spatial_0213/0000.png
[768/2953] sample 0: OK 31.6s -> /home/hm/Projects/Tests/2026-09-02/image-generation/realvisxl_full/t2i_compbench/3d_spatial/3d_spatial_0214/0000.png
[769/2953] sample 0: OK 31.6s -> /home/hm/Projects/Tests/2026-09-02/image-generation/realvisxl_full/t2i_compbench/3d_spatial/3d_spatial_0215/0000.png
[770/2953] sample 0: OK 31.6s -> /home/hm/Projects/Tests/2026-09-02/image-generation/realvisxl_full/t2i_compbench/3d_spatial/3d_spatial_0216/0000.png
[771/2953] sample 0: OK 31.6s -> /home/hm/Projects/Tests/2026-09-02/image-generation/realvisxl_full/t2i_compbench/3d_spatial/3d_spatial_0217/0000.png
[772/2953] sample 0: OK 31.6s -> /home/hm/Projects/Tests/2026-09-02/image-generation/realvisxl_full/t2i_compbench/3d_spatial/3d_spatial_0218/0000.png
[773/2953] sample 0: OK 31.6s -> /home/hm/Projects/Tests/2026-09-02/image-generation/realvisxl_full/t2i_compbench/3d_spatial/3d_spatial_0219/0000.png
[774/2953] sample 0: OK 31.6s -> /home/hm/Projects/Tests/2026-09-02/image-generation/realvisxl_full/t2i_compbench/3d_spatial/3d_spatial_0220/0000.png
[775/2953] sample 0: OK 31.6s -> /home/hm/Projects/Tests/2026-09-02/image-generation/realvisxl_full/t2i_compbench/3d_spatial/3d_spatial_0221/0000.png
[776/2953] sample 0: OK 31.6s -> /home/hm/Projects/Tests/2026-09-02/image-generation/realvisxl_full/t2i_compbench/3d_spatial/3d_spatial_0222/0000.png
[777/2953] sample 0: OK 31.6s -> /home/hm/Projects/Tests/2026-09-02/image-generation/realvisxl_full/t2i_compbench/3d_spatial/3d_spatial_0223/0000.png
[778/2953] sample 0: OK 31.6s -> /home/hm/Projects/Tests/2026-09-02/image-generation/realvisxl_full/t2i_compbench/3d_spatial/3d_spatial_0224/0000.png
[779/2953] sample 0: OK 31.6s -> /home/hm/Projects/Tests/2026-09-02/image-generation/realvisxl_full/t2i_compbench/3d_spatial/3d_spatial_0225/0000.png
[780/2953] sample 0: OK 31.6s -> /home/hm/Projects/Tests/2026-09-02/image-generation/realvisxl_full/t2i_compbench/3d_spatial/3d_spatial_0226/0000.png
[781/2953] sample 0: OK 31.6s -> /home/hm/Projects/Tests/2026-09-02/image-generation/realvisxl_full/t2i_compbench/3d_spatial/3d_spatial_0227/0000.png
[782/2953] sample 0: OK 31.6s -> /home/hm/Projects/Tests/2026-09-02/image-generation/realvisxl_full/t2i_compbench/3d_spatial/3d_spatial_0228/0000.png
[783/2953] sample 0: OK 31.6s -> /home/hm/Projects/Tests/2026-09-02/image-generation/realvisxl_full/t2i_compbench/3d_spatial/3d_spatial_0229/0000.png
[784/2953] sample 0: OK 31.6s -> /home/hm/Projects/Tests/2026-09-02/image-generation/realvisxl_full/t2i_compbench/3d_spatial/3d_spatial_0230/0000.png
[785/2953] sample 0: OK 31.6s -> /home/hm/Projects/Tests/2026-09-02/image-generation/realvisxl_full/t2i_compbench/3d_spatial/3d_spatial_0231/0000.png
[786/2953] sample 0: OK 31.6s -> /home/hm/Projects/Tests/2026-09-02/image-generation/realvisxl_full/t2i_compbench/3d_spatial/3d_spatial_0232/0000.png
[787/2953] sample 0: OK 31.6s -> /home/hm/Projects/Tests/2026-09-02/image-generation/realvisxl_full/t2i_compbench/3d_spatial/3d_spatial_0233/0000.png
[788/2953] sample 0: OK 31.6s -> /home/hm/Projects/Tests/2026-09-02/image-generation/realvisxl_full/t2i_compbench/3d_spatial/3d_spatial_0234/0000.png
[789/2953] sample 0: OK 31.6s -> /home/hm/Projects/Tests/2026-09-02/image-generation/realvisxl_full/t2i_compbench/3d_spatial/3d_spatial_0235/0000.png
[790/2953] sample 0: OK 31.6s -> /home/hm/Projects/Tests/2026-09-02/image-generation/realvisxl_full/t2i_compbench/3d_spatial/3d_spatial_0236/0000.png
[791/2953] sample 0: OK 31.6s -> /home/hm/Projects/Tests/2026-09-02/image-generation/realvisxl_full/t2i_compbench/3d_spatial/3d_spatial_0237/0000.png
[792/2953] sample 0: OK 31.6s -> /home/hm/Projects/Tests/2026-09-02/image-generation/realvisxl_full/t2i_compbench/3d_spatial/3d_spatial_0238/0000.png
[793/2953] sample 0: OK 31.6s -> /home/hm/Projects/Tests/2026-09-02/image-generation/realvisxl_full/t2i_compbench/3d_spatial/3d_spatial_0239/0000.png
[794/2953] sample 0: OK 31.6s -> /home/hm/Projects/Tests/2026-09-02/image-generation/realvisxl_full/t2i_compbench/3d_spatial/3d_spatial_0240/0000.png
[795/2953] sample 0: OK 31.6s -> /home/hm/Projects/Tests/2026-09-02/image-generation/realvisxl_full/t2i_compbench/3d_spatial/3d_spatial_0241/0000.png
[796/2953] sample 0: OK 31.6s -> /home/hm/Projects/Tests/2026-09-02/image-generation/realvisxl_full/t2i_compbench/3d_spatial/3d_spatial_0242/0000.png
[797/2953] sample 0: OK 31.6s -> /home/hm/Projects/Tests/2026-09-02/image-generation/realvisxl_full/t2i_compbench/3d_spatial/3d_spatial_0243/0000.png
[798/2953] sample 0: OK 31.6s -> /home/hm/Projects/Tests/2026-09-02/image-generation/realvisxl_full/t2i_compbench/3d_spatial/3d_spatial_0244/0000.png
[799/2953] sample 0: OK 31.6s -> /home/hm/Projects/Tests/2026-09-02/image-generation/realvisxl_full/t2i_compbench/3d_spatial/3d_spatial_0245/0000.png
[800/2953] sample 0: OK 31.6s -> /home/hm/Projects/Tests/2026-09-02/image-generation/realvisxl_full/t2i_compbench/3d_spatial/3d_spatial_0246/0000.png
[801/2953] sample 0: OK 31.6s -> /home/hm/Projects/Tests/2026-09-02/image-generation/realvisxl_full/t2i_compbench/3d_spatial/3d_spatial_0247/0000.png
[802/2953] sample 0: OK 31.6s -> /home/hm/Projects/Tests/2026-09-02/image-generation/realvisxl_full/t2i_compbench/3d_spatial/3d_spatial_0248/0000.png
[803/2953] sample 0: OK 31.6s -> /home/hm/Projects/Tests/2026-09-02/image-generation/realvisxl_full/t2i_compbench/3d_spatial/3d_spatial_0249/0000.png
[804/2953] sample 0: OK 31.6s -> /home/hm/Projects/Tests/2026-09-02/image-generation/realvisxl_full/t2i_compbench/3d_spatial/3d_spatial_0250/0000.png
[805/2953] sample 0: OK 31.6s -> /home/hm/Projects/Tests/2026-09-02/image-generation/realvisxl_full/t2i_compbench/3d_spatial/3d_spatial_0251/0000.png
[806/2953] sample 0: OK 31.6s -> /home/hm/Projects/Tests/2026-09-02/image-generation/realvisxl_full/t2i_compbench/3d_spatial/3d_spatial_0252/0000.png
[807/2953] sample 0: OK 31.6s -> /home/hm/Projects/Tests/2026-09-02/image-generation/realvisxl_full/t2i_compbench/3d_spatial/3d_spatial_0253/0000.png
[808/2953] sample 0: OK 31.6s -> /home/hm/Projects/Tests/2026-09-02/image-generation/realvisxl_full/t2i_compbench/3d_spatial/3d_spatial_0254/0000.png
[809/2953] sample 0: OK 31.6s -> /home/hm/Projects/Tests/2026-09-02/image-generation/realvisxl_full/t2i_compbench/3d_spatial/3d_spatial_0255/0000.png
[810/2953] sample 0: OK 31.6s -> /home/hm/Projects/Tests/2026-09-02/image-generation/realvisxl_full/t2i_compbench/3d_spatial/3d_spatial_0256/0000.png
[811/2953] sample 0: OK 31.6s -> /home/hm/Projects/Tests/2026-09-02/image-generation/realvisxl_full/t2i_compbench/3d_spatial/3d_spatial_0257/0000.png
[812/2953] sample 0: OK 31.6s -> /home/hm/Projects/Tests/2026-09-02/image-generation/realvisxl_full/t2i_compbench/3d_spatial/3d_spatial_0258/0000.png
[813/2953] sample 0: OK 31.6s -> /home/hm/Projects/Tests/2026-09-02/image-generation/realvisxl_full/t2i_compbench/3d_spatial/3d_spatial_0259/0000.png
[814/2953] sample 0: OK 31.6s -> /home/hm/Projects/Tests/2026-09-02/image-generation/realvisxl_full/t2i_compbench/3d_spatial/3d_spatial_0260/0000.png
[815/2953] sample 0: OK 31.6s -> /home/hm/Projects/Tests/2026-09-02/image-generation/realvisxl_full/t2i_compbench/3d_spatial/3d_spatial_0261/0000.png
[816/2953] sample 0: OK 31.6s -> /home/hm/Projects/Tests/2026-09-02/image-generation/realvisxl_full/t2i_compbench/3d_spatial/3d_spatial_0262/0000.png
[817/2953] sample 0: OK 31.6s -> /home/hm/Projects/Tests/2026-09-02/image-generation/realvisxl_full/t2i_compbench/3d_spatial/3d_spatial_0263/0000.png
[818/2953] sample 0: OK 31.6s -> /home/hm/Projects/Tests/2026-09-02/image-generation/realvisxl_full/t2i_compbench/3d_spatial/3d_spatial_0264/0000.png
[819/2953] sample 0: OK 31.6s -> /home/hm/Projects/Tests/2026-09-02/image-generation/realvisxl_full/t2i_compbench/3d_spatial/3d_spatial_0265/0000.png
[820/2953] sample 0: OK 31.6s -> /home/hm/Projects/Tests/2026-09-02/image-generation/realvisxl_full/t2i_compbench/3d_spatial/3d_spatial_0266/0000.png
[821/2953] sample 0: OK 31.6s -> /home/hm/Projects/Tests/2026-09-02/image-generation/realvisxl_full/t2i_compbench/3d_spatial/3d_spatial_0267/0000.png
[822/2953] sample 0: OK 31.6s -> /home/hm/Projects/Tests/2026-09-02/image-generation/realvisxl_full/t2i_compbench/3d_spatial/3d_spatial_0268/0000.png
[823/2953] sample 0: OK 31.6s -> /home/hm/Projects/Tests/2026-09-02/image-generation/realvisxl_full/t2i_compbench/3d_spatial/3d_spatial_0269/0000.png
[824/2953] sample 0: OK 31.6s -> /home/hm/Projects/Tests/2026-09-02/image-generation/realvisxl_full/t2i_compbench/3d_spatial/3d_spatial_0270/0000.png
[825/2953] sample 0: OK 31.6s -> /home/hm/Projects/Tests/2026-09-02/image-generation/realvisxl_full/t2i_compbench/3d_spatial/3d_spatial_0271/0000.png
[826/2953] sample 0: OK 31.6s -> /home/hm/Projects/Tests/2026-09-02/image-generation/realvisxl_full/t2i_compbench/3d_spatial/3d_spatial_0272/0000.png
[827/2953] sample 0: OK 31.6s -> /home/hm/Projects/Tests/2026-09-02/image-generation/realvisxl_full/t2i_compbench/3d_spatial/3d_spatial_0273/0000.png
[828/2953] sample 0: OK 31.6s -> /home/hm/Projects/Tests/2026-09-02/image-generation/realvisxl_full/t2i_compbench/3d_spatial/3d_spatial_0274/0000.png
[829/2953] sample 0: OK 31.6s -> /home/hm/Projects/Tests/2026-09-02/image-generation/realvisxl_full/t2i_compbench/3d_spatial/3d_spatial_0275/0000.png
[830/2953] sample 0: OK 31.6s -> /home/hm/Projects/Tests/2026-09-02/image-generation/realvisxl_full/t2i_compbench/3d_spatial/3d_spatial_0276/0000.png
[831/2953] sample 0: OK 31.6s -> /home/hm/Projects/Tests/2026-09-02/image-generation/realvisxl_full/t2i_compbench/3d_spatial/3d_spatial_0277/0000.png
[832/2953] sample 0: OK 31.6s -> /home/hm/Projects/Tests/2026-09-02/image-generation/realvisxl_full/t2i_compbench/3d_spatial/3d_spatial_0278/0000.png
[833/2953] sample 0: OK 31.6s -> /home/hm/Projects/Tests/2026-09-02/image-generation/realvisxl_full/t2i_compbench/3d_spatial/3d_spatial_0279/0000.png
[834/2953] sample 0: OK 31.6s -> /home/hm/Projects/Tests/2026-09-02/image-generation/realvisxl_full/t2i_compbench/3d_spatial/3d_spatial_0280/0000.png
[835/2953] sample 0: OK 31.6s -> /home/hm/Projects/Tests/2026-09-02/image-generation/realvisxl_full/t2i_compbench/3d_spatial/3d_spatial_0281/0000.png
[836/2953] sample 0: OK 31.6s -> /home/hm/Projects/Tests/2026-09-02/image-generation/realvisxl_full/t2i_compbench/3d_spatial/3d_spatial_0282/0000.png
[837/2953] sample 0: OK 31.6s -> /home/hm/Projects/Tests/2026-09-02/image-generation/realvisxl_full/t2i_compbench/3d_spatial/3d_spatial_0283/0000.png
[838/2953] sample 0: OK 31.6s -> /home/hm/Projects/Tests/2026-09-02/image-generation/realvisxl_full/t2i_compbench/3d_spatial/3d_spatial_0284/0000.png
[839/2953] sample 0: OK 31.6s -> /home/hm/Projects/Tests/2026-09-02/image-generation/realvisxl_full/t2i_compbench/3d_spatial/3d_spatial_0285/0000.png
[840/2953] sample 0: OK 31.6s -> /home/hm/Projects/Tests/2026-09-02/image-generation/realvisxl_full/t2i_compbench/3d_spatial/3d_spatial_0286/0000.png
[841/2953] sample 0: OK 31.6s -> /home/hm/Projects/Tests/2026-09-02/image-generation/realvisxl_full/t2i_compbench/3d_spatial/3d_spatial_0287/0000.png
[842/2953] sample 0: OK 31.6s -> /home/hm/Projects/Tests/2026-09-02/image-generation/realvisxl_full/t2i_compbench/3d_spatial/3d_spatial_0288/0000.png
[843/2953] sample 0: OK 31.6s -> /home/hm/Projects/Tests/2026-09-02/image-generation/realvisxl_full/t2i_compbench/3d_spatial/3d_spatial_0289/0000.png
[844/2953] sample 0: OK 31.6s -> /home/hm/Projects/Tests/2026-09-02/image-generation/realvisxl_full/t2i_compbench/3d_spatial/3d_spatial_0290/0000.png
[845/2953] sample 0: OK 31.6s -> /home/hm/Projects/Tests/2026-09-02/image-generation/realvisxl_full/t2i_compbench/3d_spatial/3d_spatial_0291/0000.png
[846/2953] sample 0: OK 31.6s -> /home/hm/Projects/Tests/2026-09-02/image-generation/realvisxl_full/t2i_compbench/3d_spatial/3d_spatial_0292/0000.png
[847/2953] sample 0: OK 31.6s -> /home/hm/Projects/Tests/2026-09-02/image-generation/realvisxl_full/t2i_compbench/3d_spatial/3d_spatial_0293/0000.png
[848/2953] sample 0: OK 31.6s -> /home/hm/Projects/Tests/2026-09-02/image-generation/realvisxl_full/t2i_compbench/3d_spatial/3d_spatial_0294/0000.png
[849/2953] sample 0: OK 31.6s -> /home/hm/Projects/Tests/2026-09-02/image-generation/realvisxl_full/t2i_compbench/3d_spatial/3d_spatial_0295/0000.png
[850/2953] sample 0: OK 31.6s -> /home/hm/Projects/Tests/2026-09-02/image-generation/realvisxl_full/t2i_compbench/3d_spatial/3d_spatial_0296/0000.png
[851/2953] sample 0: OK 31.6s -> /home/hm/Projects/Tests/2026-09-02/image-generation/realvisxl_full/t2i_compbench/3d_spatial/3d_spatial_0297/0000.png
[852/2953] sample 0: OK 31.6s -> /home/hm/Projects/Tests/2026-09-02/image-generation/realvisxl_full/t2i_compbench/3d_spatial/3d_spatial_0298/0000.png
[853/2953] sample 0: OK 31.6s -> /home/hm/Projects/Tests/2026-09-02/image-generation/realvisxl_full/t2i_compbench/3d_spatial/3d_spatial_0299/0000.png
[854/2953] sample 0: OK 31.6s -> /home/hm/Projects/Tests/2026-09-02/image-generation/realvisxl_full/t2i_compbench/color/color_0000/0000.png
[855/2953] sample 0: OK 31.6s -> /home/hm/Projects/Tests/2026-09-02/image-generation/realvisxl_full/t2i_compbench/color/color_0001/0000.png
[856/2953] sample 0: OK 31.6s -> /home/hm/Projects/Tests/2026-09-02/image-generation/realvisxl_full/t2i_compbench/color/color_0002/0000.png
[857/2953] sample 0: OK 31.6s -> /home/hm/Projects/Tests/2026-09-02/image-generation/realvisxl_full/t2i_compbench/color/color_0003/0000.png
[858/2953] sample 0: OK 31.6s -> /home/hm/Projects/Tests/2026-09-02/image-generation/realvisxl_full/t2i_compbench/color/color_0004/0000.png
[859/2953] sample 0: OK 31.6s -> /home/hm/Projects/Tests/2026-09-02/image-generation/realvisxl_full/t2i_compbench/color/color_0005/0000.png
[860/2953] sample 0: OK 31.6s -> /home/hm/Projects/Tests/2026-09-02/image-generation/realvisxl_full/t2i_compbench/color/color_0006/0000.png
[861/2953] sample 0: OK 31.6s -> /home/hm/Projects/Tests/2026-09-02/image-generation/realvisxl_full/t2i_compbench/color/color_0007/0000.png
[862/2953] sample 0: OK 31.6s -> /home/hm/Projects/Tests/2026-09-02/image-generation/realvisxl_full/t2i_compbench/color/color_0008/0000.png
[863/2953] sample 0: OK 31.6s -> /home/hm/Projects/Tests/2026-09-02/image-generation/realvisxl_full/t2i_compbench/color/color_0009/0000.png
[864/2953] sample 0: OK 31.6s -> /home/hm/Projects/Tests/2026-09-02/image-generation/realvisxl_full/t2i_compbench/color/color_0010/0000.png
[865/2953] sample 0: OK 31.6s -> /home/hm/Projects/Tests/2026-09-02/image-generation/realvisxl_full/t2i_compbench/color/color_0011/0000.png
[866/2953] sample 0: OK 31.6s -> /home/hm/Projects/Tests/2026-09-02/image-generation/realvisxl_full/t2i_compbench/color/color_0012/0000.png
[867/2953] sample 0: OK 31.6s -> /home/hm/Projects/Tests/2026-09-02/image-generation/realvisxl_full/t2i_compbench/color/color_0013/0000.png
[868/2953] sample 0: OK 31.6s -> /home/hm/Projects/Tests/2026-09-02/image-generation/realvisxl_full/t2i_compbench/color/color_0014/0000.png
[869/2953] sample 0: OK 31.6s -> /home/hm/Projects/Tests/2026-09-02/image-generation/realvisxl_full/t2i_compbench/color/color_0015/0000.png
[870/2953] sample 0: OK 31.6s -> /home/hm/Projects/Tests/2026-09-02/image-generation/realvisxl_full/t2i_compbench/color/color_0016/0000.png
[871/2953] sample 0: OK 31.6s -> /home/hm/Projects/Tests/2026-09-02/image-generation/realvisxl_full/t2i_compbench/color/color_0017/0000.png
[872/2953] sample 0: OK 31.6s -> /home/hm/Projects/Tests/2026-09-02/image-generation/realvisxl_full/t2i_compbench/color/color_0018/0000.png
[873/2953] sample 0: OK 31.6s -> /home/hm/Projects/Tests/2026-09-02/image-generation/realvisxl_full/t2i_compbench/color/color_0019/0000.png
[874/2953] sample 0: OK 31.6s -> /home/hm/Projects/Tests/2026-09-02/image-generation/realvisxl_full/t2i_compbench/color/color_0020/0000.png
[875/2953] sample 0: OK 31.6s -> /home/hm/Projects/Tests/2026-09-02/image-generation/realvisxl_full/t2i_compbench/color/color_0021/0000.png
[876/2953] sample 0: OK 31.6s -> /home/hm/Projects/Tests/2026-09-02/image-generation/realvisxl_full/t2i_compbench/color/color_0022/0000.png
[877/2953] sample 0: OK 31.6s -> /home/hm/Projects/Tests/2026-09-02/image-generation/realvisxl_full/t2i_compbench/color/color_0023/0000.png
[878/2953] sample 0: OK 31.6s -> /home/hm/Projects/Tests/2026-09-02/image-generation/realvisxl_full/t2i_compbench/color/color_0024/0000.png
[879/2953] sample 0: OK 31.6s -> /home/hm/Projects/Tests/2026-09-02/image-generation/realvisxl_full/t2i_compbench/color/color_0025/0000.png
[880/2953] sample 0: OK 31.6s -> /home/hm/Projects/Tests/2026-09-02/image-generation/realvisxl_full/t2i_compbench/color/color_0026/0000.png
[881/2953] sample 0: OK 31.6s -> /home/hm/Projects/Tests/2026-09-02/image-generation/realvisxl_full/t2i_compbench/color/color_0027/0000.png
[882/2953] sample 0: OK 31.6s -> /home/hm/Projects/Tests/2026-09-02/image-generation/realvisxl_full/t2i_compbench/color/color_0028/0000.png
[883/2953] sample 0: OK 31.6s -> /home/hm/Projects/Tests/2026-09-02/image-generation/realvisxl_full/t2i_compbench/color/color_0029/0000.png
[884/2953] sample 0: OK 31.6s -> /home/hm/Projects/Tests/2026-09-02/image-generation/realvisxl_full/t2i_compbench/color/color_0030/0000.png
[885/2953] sample 0: OK 31.6s -> /home/hm/Projects/Tests/2026-09-02/image-generation/realvisxl_full/t2i_compbench/color/color_0031/0000.png
[886/2953] sample 0: OK 31.6s -> /home/hm/Projects/Tests/2026-09-02/image-generation/realvisxl_full/t2i_compbench/color/color_0032/0000.png
[887/2953] sample 0: OK 31.6s -> /home/hm/Projects/Tests/2026-09-02/image-generation/realvisxl_full/t2i_compbench/color/color_0033/0000.png
[888/2953] sample 0: OK 31.6s -> /home/hm/Projects/Tests/2026-09-02/image-generation/realvisxl_full/t2i_compbench/color/color_0034/0000.png
[889/2953] sample 0: OK 31.6s -> /home/hm/Projects/Tests/2026-09-02/image-generation/realvisxl_full/t2i_compbench/color/color_0035/0000.png
[890/2953] sample 0: OK 31.6s -> /home/hm/Projects/Tests/2026-09-02/image-generation/realvisxl_full/t2i_compbench/color/color_0036/0000.png
[891/2953] sample 0: OK 31.6s -> /home/hm/Projects/Tests/2026-09-02/image-generation/realvisxl_full/t2i_compbench/color/color_0037/0000.png
[892/2953] sample 0: OK 31.6s -> /home/hm/Projects/Tests/2026-09-02/image-generation/realvisxl_full/t2i_compbench/color/color_0038/0000.png
[893/2953] sample 0: OK 31.6s -> /home/hm/Projects/Tests/2026-09-02/image-generation/realvisxl_full/t2i_compbench/color/color_0039/0000.png
[894/2953] sample 0: OK 31.6s -> /home/hm/Projects/Tests/2026-09-02/image-generation/realvisxl_full/t2i_compbench/color/color_0040/0000.png
[895/2953] sample 0: OK 31.6s -> /home/hm/Projects/Tests/2026-09-02/image-generation/realvisxl_full/t2i_compbench/color/color_0041/0000.png
[896/2953] sample 0: OK 31.6s -> /home/hm/Projects/Tests/2026-09-02/image-generation/realvisxl_full/t2i_compbench/color/color_0042/0000.png
[897/2953] sample 0: OK 31.6s -> /home/hm/Projects/Tests/2026-09-02/image-generation/realvisxl_full/t2i_compbench/color/color_0043/0000.png
[898/2953] sample 0: OK 31.6s -> /home/hm/Projects/Tests/2026-09-02/image-generation/realvisxl_full/t2i_compbench/color/color_0044/0000.png
[899/2953] sample 0: OK 31.6s -> /home/hm/Projects/Tests/2026-09-02/image-generation/realvisxl_full/t2i_compbench/color/color_0045/0000.png
[900/2953] sample 0: OK 31.6s -> /home/hm/Projects/Tests/2026-09-02/image-generation/realvisxl_full/t2i_compbench/color/color_0046/0000.png
[901/2953] sample 0: OK 31.6s -> /home/hm/Projects/Tests/2026-09-02/image-generation/realvisxl_full/t2i_compbench/color/color_0047/0000.png
[902/2953] sample 0: OK 31.6s -> /home/hm/Projects/Tests/2026-09-02/image-generation/realvisxl_full/t2i_compbench/color/color_0048/0000.png
[903/2953] sample 0: OK 31.6s -> /home/hm/Projects/Tests/2026-09-02/image-generation/realvisxl_full/t2i_compbench/color/color_0049/0000.png
[904/2953] sample 0: OK 31.6s -> /home/hm/Projects/Tests/2026-09-02/image-generation/realvisxl_full/t2i_compbench/color/color_0050/0000.png
[905/2953] sample 0: OK 31.6s -> /home/hm/Projects/Tests/2026-09-02/image-generation/realvisxl_full/t2i_compbench/color/color_0051/0000.png
[906/2953] sample 0: OK 31.6s -> /home/hm/Projects/Tests/2026-09-02/image-generation/realvisxl_full/t2i_compbench/color/color_0052/0000.png
[907/2953] sample 0: OK 31.6s -> /home/hm/Projects/Tests/2026-09-02/image-generation/realvisxl_full/t2i_compbench/color/color_0053/0000.png
[908/2953] sample 0: OK 31.6s -> /home/hm/Projects/Tests/2026-09-02/image-generation/realvisxl_full/t2i_compbench/color/color_0054/0000.png
[909/2953] sample 0: OK 31.6s -> /home/hm/Projects/Tests/2026-09-02/image-generation/realvisxl_full/t2i_compbench/color/color_0055/0000.png
[910/2953] sample 0: OK 31.6s -> /home/hm/Projects/Tests/2026-09-02/image-generation/realvisxl_full/t2i_compbench/color/color_0056/0000.png
[911/2953] sample 0: OK 31.6s -> /home/hm/Projects/Tests/2026-09-02/image-generation/realvisxl_full/t2i_compbench/color/color_0057/0000.png
[912/2953] sample 0: OK 31.6s -> /home/hm/Projects/Tests/2026-09-02/image-generation/realvisxl_full/t2i_compbench/color/color_0058/0000.png
[913/2953] sample 0: OK 31.6s -> /home/hm/Projects/Tests/2026-09-02/image-generation/realvisxl_full/t2i_compbench/color/color_0059/0000.png
[914/2953] sample 0: OK 31.6s -> /home/hm/Projects/Tests/2026-09-02/image-generation/realvisxl_full/t2i_compbench/color/color_0060/0000.png
[915/2953] sample 0: OK 31.6s -> /home/hm/Projects/Tests/2026-09-02/image-generation/realvisxl_full/t2i_compbench/color/color_0061/0000.png
[916/2953] sample 0: OK 31.6s -> /home/hm/Projects/Tests/2026-09-02/image-generation/realvisxl_full/t2i_compbench/color/color_0062/0000.png
[917/2953] sample 0: OK 31.6s -> /home/hm/Projects/Tests/2026-09-02/image-generation/realvisxl_full/t2i_compbench/color/color_0063/0000.png
[918/2953] sample 0: OK 31.6s -> /home/hm/Projects/Tests/2026-09-02/image-generation/realvisxl_full/t2i_compbench/color/color_0064/0000.png
[919/2953] sample 0: OK 31.6s -> /home/hm/Projects/Tests/2026-09-02/image-generation/realvisxl_full/t2i_compbench/color/color_0065/0000.png
[920/2953] sample 0: OK 31.6s -> /home/hm/Projects/Tests/2026-09-02/image-generation/realvisxl_full/t2i_compbench/color/color_0066/0000.png
[921/2953] sample 0: OK 31.6s -> /home/hm/Projects/Tests/2026-09-02/image-generation/realvisxl_full/t2i_compbench/color/color_0067/0000.png
[922/2953] sample 0: OK 31.6s -> /home/hm/Projects/Tests/2026-09-02/image-generation/realvisxl_full/t2i_compbench/color/color_0068/0000.png
[923/2953] sample 0: OK 31.6s -> /home/hm/Projects/Tests/2026-09-02/image-generation/realvisxl_full/t2i_compbench/color/color_0069/0000.png
[924/2953] sample 0: OK 31.6s -> /home/hm/Projects/Tests/2026-09-02/image-generation/realvisxl_full/t2i_compbench/color/color_0070/0000.png
[925/2953] sample 0: OK 31.6s -> /home/hm/Projects/Tests/2026-09-02/image-generation/realvisxl_full/t2i_compbench/color/color_0071/0000.png
[926/2953] sample 0: OK 31.6s -> /home/hm/Projects/Tests/2026-09-02/image-generation/realvisxl_full/t2i_compbench/color/color_0072/0000.png
[927/2953] sample 0: OK 31.6s -> /home/hm/Projects/Tests/2026-09-02/image-generation/realvisxl_full/t2i_compbench/color/color_0073/0000.png
[928/2953] sample 0: OK 31.6s -> /home/hm/Projects/Tests/2026-09-02/image-generation/realvisxl_full/t2i_compbench/color/color_0074/0000.png
[929/2953] sample 0: OK 31.6s -> /home/hm/Projects/Tests/2026-09-02/image-generation/realvisxl_full/t2i_compbench/color/color_0075/0000.png
[930/2953] sample 0: OK 31.6s -> /home/hm/Projects/Tests/2026-09-02/image-generation/realvisxl_full/t2i_compbench/color/color_0076/0000.png
[931/2953] sample 0: OK 31.6s -> /home/hm/Projects/Tests/2026-09-02/image-generation/realvisxl_full/t2i_compbench/color/color_0077/0000.png
[932/2953] sample 0: OK 31.6s -> /home/hm/Projects/Tests/2026-09-02/image-generation/realvisxl_full/t2i_compbench/color/color_0078/0000.png
[933/2953] sample 0: OK 31.6s -> /home/hm/Projects/Tests/2026-09-02/image-generation/realvisxl_full/t2i_compbench/color/color_0079/0000.png
[934/2953] sample 0: OK 31.6s -> /home/hm/Projects/Tests/2026-09-02/image-generation/realvisxl_full/t2i_compbench/color/color_0080/0000.png
[935/2953] sample 0: OK 31.6s -> /home/hm/Projects/Tests/2026-09-02/image-generation/realvisxl_full/t2i_compbench/color/color_0081/0000.png
[936/2953] sample 0: OK 31.6s -> /home/hm/Projects/Tests/2026-09-02/image-generation/realvisxl_full/t2i_compbench/color/color_0082/0000.png
[937/2953] sample 0: OK 31.6s -> /home/hm/Projects/Tests/2026-09-02/image-generation/realvisxl_full/t2i_compbench/color/color_0083/0000.png
[938/2953] sample 0: OK 31.6s -> /home/hm/Projects/Tests/2026-09-02/image-generation/realvisxl_full/t2i_compbench/color/color_0084/0000.png
[939/2953] sample 0: OK 31.6s -> /home/hm/Projects/Tests/2026-09-02/image-generation/realvisxl_full/t2i_compbench/color/color_0085/0000.png
[940/2953] sample 0: OK 31.6s -> /home/hm/Projects/Tests/2026-09-02/image-generation/realvisxl_full/t2i_compbench/color/color_0086/0000.png
[941/2953] sample 0: OK 31.6s -> /home/hm/Projects/Tests/2026-09-02/image-generation/realvisxl_full/t2i_compbench/color/color_0087/0000.png
[942/2953] sample 0: OK 31.6s -> /home/hm/Projects/Tests/2026-09-02/image-generation/realvisxl_full/t2i_compbench/color/color_0088/0000.png
[943/2953] sample 0: OK 31.6s -> /home/hm/Projects/Tests/2026-09-02/image-generation/realvisxl_full/t2i_compbench/color/color_0089/0000.png
[944/2953] sample 0: OK 31.6s -> /home/hm/Projects/Tests/2026-09-02/image-generation/realvisxl_full/t2i_compbench/color/color_0090/0000.png
[945/2953] sample 0: OK 31.6s -> /home/hm/Projects/Tests/2026-09-02/image-generation/realvisxl_full/t2i_compbench/color/color_0091/0000.png
[946/2953] sample 0: OK 31.6s -> /home/hm/Projects/Tests/2026-09-02/image-generation/realvisxl_full/t2i_compbench/color/color_0092/0000.png
[947/2953] sample 0: OK 31.6s -> /home/hm/Projects/Tests/2026-09-02/image-generation/realvisxl_full/t2i_compbench/color/color_0093/0000.png
[948/2953] sample 0: OK 31.6s -> /home/hm/Projects/Tests/2026-09-02/image-generation/realvisxl_full/t2i_compbench/color/color_0094/0000.png
[949/2953] sample 0: OK 31.6s -> /home/hm/Projects/Tests/2026-09-02/image-generation/realvisxl_full/t2i_compbench/color/color_0095/0000.png
[950/2953] sample 0: OK 31.6s -> /home/hm/Projects/Tests/2026-09-02/image-generation/realvisxl_full/t2i_compbench/color/color_0096/0000.png
[951/2953] sample 0: OK 31.6s -> /home/hm/Projects/Tests/2026-09-02/image-generation/realvisxl_full/t2i_compbench/color/color_0097/0000.png
[952/2953] sample 0: OK 31.6s -> /home/hm/Projects/Tests/2026-09-02/image-generation/realvisxl_full/t2i_compbench/color/color_0098/0000.png
[953/2953] sample 0: OK 31.6s -> /home/hm/Projects/Tests/2026-09-02/image-generation/realvisxl_full/t2i_compbench/color/color_0099/0000.png
[954/2953] sample 0: OK 31.6s -> /home/hm/Projects/Tests/2026-09-02/image-generation/realvisxl_full/t2i_compbench/color/color_0100/0000.png
[955/2953] sample 0: OK 31.6s -> /home/hm/Projects/Tests/2026-09-02/image-generation/realvisxl_full/t2i_compbench/color/color_0101/0000.png
[956/2953] sample 0: OK 31.6s -> /home/hm/Projects/Tests/2026-09-02/image-generation/realvisxl_full/t2i_compbench/color/color_0102/0000.png
[957/2953] sample 0: OK 31.6s -> /home/hm/Projects/Tests/2026-09-02/image-generation/realvisxl_full/t2i_compbench/color/color_0103/0000.png
[958/2953] sample 0: OK 31.6s -> /home/hm/Projects/Tests/2026-09-02/image-generation/realvisxl_full/t2i_compbench/color/color_0104/0000.png
[959/2953] sample 0: OK 31.6s -> /home/hm/Projects/Tests/2026-09-02/image-generation/realvisxl_full/t2i_compbench/color/color_0105/0000.png
[960/2953] sample 0: OK 31.6s -> /home/hm/Projects/Tests/2026-09-02/image-generation/realvisxl_full/t2i_compbench/color/color_0106/0000.png
[961/2953] sample 0: OK 31.6s -> /home/hm/Projects/Tests/2026-09-02/image-generation/realvisxl_full/t2i_compbench/color/color_0107/0000.png
[962/2953] sample 0: OK 31.6s -> /home/hm/Projects/Tests/2026-09-02/image-generation/realvisxl_full/t2i_compbench/color/color_0108/0000.png
[963/2953] sample 0: OK 31.6s -> /home/hm/Projects/Tests/2026-09-02/image-generation/realvisxl_full/t2i_compbench/color/color_0109/0000.png
[964/2953] sample 0: OK 31.6s -> /home/hm/Projects/Tests/2026-09-02/image-generation/realvisxl_full/t2i_compbench/color/color_0110/0000.png
[965/2953] sample 0: OK 31.6s -> /home/hm/Projects/Tests/2026-09-02/image-generation/realvisxl_full/t2i_compbench/color/color_0111/0000.png
[966/2953] sample 0: OK 31.6s -> /home/hm/Projects/Tests/2026-09-02/image-generation/realvisxl_full/t2i_compbench/color/color_0112/0000.png
[967/2953] sample 0: OK 31.6s -> /home/hm/Projects/Tests/2026-09-02/image-generation/realvisxl_full/t2i_compbench/color/color_0113/0000.png
[968/2953] sample 0: OK 31.6s -> /home/hm/Projects/Tests/2026-09-02/image-generation/realvisxl_full/t2i_compbench/color/color_0114/0000.png
[969/2953] sample 0: OK 31.6s -> /home/hm/Projects/Tests/2026-09-02/image-generation/realvisxl_full/t2i_compbench/color/color_0115/0000.png
[970/2953] sample 0: OK 31.6s -> /home/hm/Projects/Tests/2026-09-02/image-generation/realvisxl_full/t2i_compbench/color/color_0116/0000.png
[971/2953] sample 0: OK 31.6s -> /home/hm/Projects/Tests/2026-09-02/image-generation/realvisxl_full/t2i_compbench/color/color_0117/0000.png
[972/2953] sample 0: OK 31.6s -> /home/hm/Projects/Tests/2026-09-02/image-generation/realvisxl_full/t2i_compbench/color/color_0118/0000.png
[973/2953] sample 0: OK 31.6s -> /home/hm/Projects/Tests/2026-09-02/image-generation/realvisxl_full/t2i_compbench/color/color_0119/0000.png
[974/2953] sample 0: OK 31.6s -> /home/hm/Projects/Tests/2026-09-02/image-generation/realvisxl_full/t2i_compbench/color/color_0120/0000.png
[975/2953] sample 0: OK 31.6s -> /home/hm/Projects/Tests/2026-09-02/image-generation/realvisxl_full/t2i_compbench/color/color_0121/0000.png
[976/2953] sample 0: OK 31.6s -> /home/hm/Projects/Tests/2026-09-02/image-generation/realvisxl_full/t2i_compbench/color/color_0122/0000.png
[977/2953] sample 0: OK 31.6s -> /home/hm/Projects/Tests/2026-09-02/image-generation/realvisxl_full/t2i_compbench/color/color_0123/0000.png
[978/2953] sample 0: OK 31.6s -> /home/hm/Projects/Tests/2026-09-02/image-generation/realvisxl_full/t2i_compbench/color/color_0124/0000.png
[979/2953] sample 0: OK 31.6s -> /home/hm/Projects/Tests/2026-09-02/image-generation/realvisxl_full/t2i_compbench/color/color_0125/0000.png
[980/2953] sample 0: OK 31.6s -> /home/hm/Projects/Tests/2026-09-02/image-generation/realvisxl_full/t2i_compbench/color/color_0126/0000.png
[981/2953] sample 0: OK 31.6s -> /home/hm/Projects/Tests/2026-09-02/image-generation/realvisxl_full/t2i_compbench/color/color_0127/0000.png
[982/2953] sample 0: OK 31.6s -> /home/hm/Projects/Tests/2026-09-02/image-generation/realvisxl_full/t2i_compbench/color/color_0128/0000.png
[983/2953] sample 0: OK 31.6s -> /home/hm/Projects/Tests/2026-09-02/image-generation/realvisxl_full/t2i_compbench/color/color_0129/0000.png
[984/2953] sample 0: OK 31.6s -> /home/hm/Projects/Tests/2026-09-02/image-generation/realvisxl_full/t2i_compbench/color/color_0130/0000.png
[985/2953] sample 0: OK 31.6s -> /home/hm/Projects/Tests/2026-09-02/image-generation/realvisxl_full/t2i_compbench/color/color_0131/0000.png
[986/2953] sample 0: OK 31.6s -> /home/hm/Projects/Tests/2026-09-02/image-generation/realvisxl_full/t2i_compbench/color/color_0132/0000.png
[987/2953] sample 0: OK 31.6s -> /home/hm/Projects/Tests/2026-09-02/image-generation/realvisxl_full/t2i_compbench/color/color_0133/0000.png
[988/2953] sample 0: OK 31.6s -> /home/hm/Projects/Tests/2026-09-02/image-generation/realvisxl_full/t2i_compbench/color/color_0134/0000.png
[989/2953] sample 0: OK 31.6s -> /home/hm/Projects/Tests/2026-09-02/image-generation/realvisxl_full/t2i_compbench/color/color_0135/0000.png
[990/2953] sample 0: OK 31.6s -> /home/hm/Projects/Tests/2026-09-02/image-generation/realvisxl_full/t2i_compbench/color/color_0136/0000.png
[991/2953] sample 0: OK 31.6s -> /home/hm/Projects/Tests/2026-09-02/image-generation/realvisxl_full/t2i_compbench/color/color_0137/0000.png
[992/2953] sample 0: OK 31.6s -> /home/hm/Projects/Tests/2026-09-02/image-generation/realvisxl_full/t2i_compbench/color/color_0138/0000.png
[993/2953] sample 0: OK 31.6s -> /home/hm/Projects/Tests/2026-09-02/image-generation/realvisxl_full/t2i_compbench/color/color_0139/0000.png
[994/2953] sample 0: OK 31.6s -> /home/hm/Projects/Tests/2026-09-02/image-generation/realvisxl_full/t2i_compbench/color/color_0140/0000.png
[995/2953] sample 0: OK 31.6s -> /home/hm/Projects/Tests/2026-09-02/image-generation/realvisxl_full/t2i_compbench/color/color_0141/0000.png
[996/2953] sample 0: OK 31.6s -> /home/hm/Projects/Tests/2026-09-02/image-generation/realvisxl_full/t2i_compbench/color/color_0142/0000.png
[997/2953] sample 0: OK 31.6s -> /home/hm/Projects/Tests/2026-09-02/image-generation/realvisxl_full/t2i_compbench/color/color_0143/0000.png
[998/2953] sample 0: OK 31.6s -> /home/hm/Projects/Tests/2026-09-02/image-generation/realvisxl_full/t2i_compbench/color/color_0144/0000.png
[999/2953] sample 0: OK 31.6s -> /home/hm/Projects/Tests/2026-09-02/image-generation/realvisxl_full/t2i_compbench/color/color_0145/0000.png
[1000/2953] sample 0: OK 31.6s -> /home/hm/Projects/Tests/2026-09-02/image-generation/realvisxl_full/t2i_compbench/color/color_0146/0000.png
[1001/2953] sample 0: OK 31.6s -> /home/hm/Projects/Tests/2026-09-02/image-generation/realvisxl_full/t2i_compbench/color/color_0147/0000.png
[1002/2953] sample 0: OK 31.6s -> /home/hm/Projects/Tests/2026-09-02/image-generation/realvisxl_full/t2i_compbench/color/color_0148/0000.png
[1003/2953] sample 0: OK 31.6s -> /home/hm/Projects/Tests/2026-09-02/image-generation/realvisxl_full/t2i_compbench/color/color_0149/0000.png
[1004/2953] sample 0: OK 31.6s -> /home/hm/Projects/Tests/2026-09-02/image-generation/realvisxl_full/t2i_compbench/color/color_0150/0000.png
[1005/2953] sample 0: OK 31.6s -> /home/hm/Projects/Tests/2026-09-02/image-generation/realvisxl_full/t2i_compbench/color/color_0151/0000.png
[1006/2953] sample 0: OK 31.6s -> /home/hm/Projects/Tests/2026-09-02/image-generation/realvisxl_full/t2i_compbench/color/color_0152/0000.png
[1007/2953] sample 0: OK 31.6s -> /home/hm/Projects/Tests/2026-09-02/image-generation/realvisxl_full/t2i_compbench/color/color_0153/0000.png
[1008/2953] sample 0: OK 31.6s -> /home/hm/Projects/Tests/2026-09-02/image-generation/realvisxl_full/t2i_compbench/color/color_0154/0000.png
[1009/2953] sample 0: OK 31.6s -> /home/hm/Projects/Tests/2026-09-02/image-generation/realvisxl_full/t2i_compbench/color/color_0155/0000.png
[1010/2953] sample 0: OK 31.6s -> /home/hm/Projects/Tests/2026-09-02/image-generation/realvisxl_full/t2i_compbench/color/color_0156/0000.png
[1011/2953] sample 0: OK 31.6s -> /home/hm/Projects/Tests/2026-09-02/image-generation/realvisxl_full/t2i_compbench/color/color_0157/0000.png
[1012/2953] sample 0: OK 31.6s -> /home/hm/Projects/Tests/2026-09-02/image-generation/realvisxl_full/t2i_compbench/color/color_0158/0000.png
[1013/2953] sample 0: OK 31.6s -> /home/hm/Projects/Tests/2026-09-02/image-generation/realvisxl_full/t2i_compbench/color/color_0159/0000.png
[1014/2953] sample 0: OK 31.6s -> /home/hm/Projects/Tests/2026-09-02/image-generation/realvisxl_full/t2i_compbench/color/color_0160/0000.png
[1015/2953] sample 0: OK 31.6s -> /home/hm/Projects/Tests/2026-09-02/image-generation/realvisxl_full/t2i_compbench/color/color_0161/0000.png
[1016/2953] sample 0: OK 31.6s -> /home/hm/Projects/Tests/2026-09-02/image-generation/realvisxl_full/t2i_compbench/color/color_0162/0000.png
[1017/2953] sample 0: OK 31.6s -> /home/hm/Projects/Tests/2026-09-02/image-generation/realvisxl_full/t2i_compbench/color/color_0163/0000.png
[1018/2953] sample 0: OK 31.6s -> /home/hm/Projects/Tests/2026-09-02/image-generation/realvisxl_full/t2i_compbench/color/color_0164/0000.png
[1019/2953] sample 0: OK 31.6s -> /home/hm/Projects/Tests/2026-09-02/image-generation/realvisxl_full/t2i_compbench/color/color_0165/0000.png
[1020/2953] sample 0: OK 31.6s -> /home/hm/Projects/Tests/2026-09-02/image-generation/realvisxl_full/t2i_compbench/color/color_0166/0000.png
[1021/2953] sample 0: OK 31.6s -> /home/hm/Projects/Tests/2026-09-02/image-generation/realvisxl_full/t2i_compbench/color/color_0167/0000.png
[1022/2953] sample 0: OK 31.6s -> /home/hm/Projects/Tests/2026-09-02/image-generation/realvisxl_full/t2i_compbench/color/color_0168/0000.png
[1023/2953] sample 0: OK 31.6s -> /home/hm/Projects/Tests/2026-09-02/image-generation/realvisxl_full/t2i_compbench/color/color_0169/0000.png
[1024/2953] sample 0: OK 31.6s -> /home/hm/Projects/Tests/2026-09-02/image-generation/realvisxl_full/t2i_compbench/color/color_0170/0000.png
[1025/2953] sample 0: OK 31.6s -> /home/hm/Projects/Tests/2026-09-02/image-generation/realvisxl_full/t2i_compbench/color/color_0171/0000.png
[1026/2953] sample 0: OK 31.6s -> /home/hm/Projects/Tests/2026-09-02/image-generation/realvisxl_full/t2i_compbench/color/color_0172/0000.png
[1027/2953] sample 0: OK 31.6s -> /home/hm/Projects/Tests/2026-09-02/image-generation/realvisxl_full/t2i_compbench/color/color_0173/0000.png
[1028/2953] sample 0: OK 31.6s -> /home/hm/Projects/Tests/2026-09-02/image-generation/realvisxl_full/t2i_compbench/color/color_0174/0000.png
[1029/2953] sample 0: OK 31.6s -> /home/hm/Projects/Tests/2026-09-02/image-generation/realvisxl_full/t2i_compbench/color/color_0175/0000.png
[1030/2953] sample 0: OK 31.6s -> /home/hm/Projects/Tests/2026-09-02/image-generation/realvisxl_full/t2i_compbench/color/color_0176/0000.png
[1031/2953] sample 0: OK 31.6s -> /home/hm/Projects/Tests/2026-09-02/image-generation/realvisxl_full/t2i_compbench/color/color_0177/0000.png
[1032/2953] sample 0: OK 31.6s -> /home/hm/Projects/Tests/2026-09-02/image-generation/realvisxl_full/t2i_compbench/color/color_0178/0000.png
[1033/2953] sample 0: OK 31.6s -> /home/hm/Projects/Tests/2026-09-02/image-generation/realvisxl_full/t2i_compbench/color/color_0179/0000.png
[1034/2953] sample 0: OK 31.6s -> /home/hm/Projects/Tests/2026-09-02/image-generation/realvisxl_full/t2i_compbench/color/color_0180/0000.png
[1035/2953] sample 0: OK 31.6s -> /home/hm/Projects/Tests/2026-09-02/image-generation/realvisxl_full/t2i_compbench/color/color_0181/0000.png
[1036/2953] sample 0: OK 31.6s -> /home/hm/Projects/Tests/2026-09-02/image-generation/realvisxl_full/t2i_compbench/color/color_0182/0000.png
[1037/2953] sample 0: OK 31.6s -> /home/hm/Projects/Tests/2026-09-02/image-generation/realvisxl_full/t2i_compbench/color/color_0183/0000.png
[1038/2953] sample 0: OK 31.6s -> /home/hm/Projects/Tests/2026-09-02/image-generation/realvisxl_full/t2i_compbench/color/color_0184/0000.png
[1039/2953] sample 0: OK 31.6s -> /home/hm/Projects/Tests/2026-09-02/image-generation/realvisxl_full/t2i_compbench/color/color_0185/0000.png
[1040/2953] sample 0: OK 31.6s -> /home/hm/Projects/Tests/2026-09-02/image-generation/realvisxl_full/t2i_compbench/color/color_0186/0000.png
[1041/2953] sample 0: OK 31.6s -> /home/hm/Projects/Tests/2026-09-02/image-generation/realvisxl_full/t2i_compbench/color/color_0187/0000.png
[1042/2953] sample 0: OK 31.6s -> /home/hm/Projects/Tests/2026-09-02/image-generation/realvisxl_full/t2i_compbench/color/color_0188/0000.png
[1043/2953] sample 0: OK 31.6s -> /home/hm/Projects/Tests/2026-09-02/image-generation/realvisxl_full/t2i_compbench/color/color_0189/0000.png
[1044/2953] sample 0: OK 31.6s -> /home/hm/Projects/Tests/2026-09-02/image-generation/realvisxl_full/t2i_compbench/color/color_0190/0000.png
[1045/2953] sample 0: OK 31.6s -> /home/hm/Projects/Tests/2026-09-02/image-generation/realvisxl_full/t2i_compbench/color/color_0191/0000.png
[1046/2953] sample 0: OK 31.6s -> /home/hm/Projects/Tests/2026-09-02/image-generation/realvisxl_full/t2i_compbench/color/color_0192/0000.png
[1047/2953] sample 0: OK 31.6s -> /home/hm/Projects/Tests/2026-09-02/image-generation/realvisxl_full/t2i_compbench/color/color_0193/0000.png
[1048/2953] sample 0: OK 31.6s -> /home/hm/Projects/Tests/2026-09-02/image-generation/realvisxl_full/t2i_compbench/color/color_0194/0000.png
[1049/2953] sample 0: OK 31.6s -> /home/hm/Projects/Tests/2026-09-02/image-generation/realvisxl_full/t2i_compbench/color/color_0195/0000.png
[1050/2953] sample 0: OK 31.6s -> /home/hm/Projects/Tests/2026-09-02/image-generation/realvisxl_full/t2i_compbench/color/color_0196/0000.png
[1051/2953] sample 0: OK 31.6s -> /home/hm/Projects/Tests/2026-09-02/image-generation/realvisxl_full/t2i_compbench/color/color_0197/0000.png
[1052/2953] sample 0: OK 31.6s -> /home/hm/Projects/Tests/2026-09-02/image-generation/realvisxl_full/t2i_compbench/color/color_0198/0000.png
[1053/2953] sample 0: OK 31.6s -> /home/hm/Projects/Tests/2026-09-02/image-generation/realvisxl_full/t2i_compbench/color/color_0199/0000.png
[1054/2953] sample 0: OK 31.6s -> /home/hm/Projects/Tests/2026-09-02/image-generation/realvisxl_full/t2i_compbench/color/color_0200/0000.png
[1055/2953] sample 0: OK 31.6s -> /home/hm/Projects/Tests/2026-09-02/image-generation/realvisxl_full/t2i_compbench/color/color_0201/0000.png
[1056/2953] sample 0: OK 31.6s -> /home/hm/Projects/Tests/2026-09-02/image-generation/realvisxl_full/t2i_compbench/color/color_0202/0000.png
[1057/2953] sample 0: OK 31.6s -> /home/hm/Projects/Tests/2026-09-02/image-generation/realvisxl_full/t2i_compbench/color/color_0203/0000.png
[1058/2953] sample 0: OK 31.6s -> /home/hm/Projects/Tests/2026-09-02/image-generation/realvisxl_full/t2i_compbench/color/color_0204/0000.png
[1059/2953] sample 0: OK 31.6s -> /home/hm/Projects/Tests/2026-09-02/image-generation/realvisxl_full/t2i_compbench/color/color_0205/0000.png
[1060/2953] sample 0: OK 31.6s -> /home/hm/Projects/Tests/2026-09-02/image-generation/realvisxl_full/t2i_compbench/color/color_0206/0000.png
[1061/2953] sample 0: OK 31.6s -> /home/hm/Projects/Tests/2026-09-02/image-generation/realvisxl_full/t2i_compbench/color/color_0207/0000.png
[1062/2953] sample 0: OK 31.6s -> /home/hm/Projects/Tests/2026-09-02/image-generation/realvisxl_full/t2i_compbench/color/color_0208/0000.png
[1063/2953] sample 0: OK 31.6s -> /home/hm/Projects/Tests/2026-09-02/image-generation/realvisxl_full/t2i_compbench/color/color_0209/0000.png
[1064/2953] sample 0: OK 31.6s -> /home/hm/Projects/Tests/2026-09-02/image-generation/realvisxl_full/t2i_compbench/color/color_0210/0000.png
[1065/2953] sample 0: OK 31.6s -> /home/hm/Projects/Tests/2026-09-02/image-generation/realvisxl_full/t2i_compbench/color/color_0211/0000.png
[1066/2953] sample 0: OK 31.6s -> /home/hm/Projects/Tests/2026-09-02/image-generation/realvisxl_full/t2i_compbench/color/color_0212/0000.png
[1067/2953] sample 0: OK 31.6s -> /home/hm/Projects/Tests/2026-09-02/image-generation/realvisxl_full/t2i_compbench/color/color_0213/0000.png
[1068/2953] sample 0: OK 31.6s -> /home/hm/Projects/Tests/2026-09-02/image-generation/realvisxl_full/t2i_compbench/color/color_0214/0000.png
[1069/2953] sample 0: OK 31.6s -> /home/hm/Projects/Tests/2026-09-02/image-generation/realvisxl_full/t2i_compbench/color/color_0215/0000.png
[1070/2953] sample 0: OK 31.6s -> /home/hm/Projects/Tests/2026-09-02/image-generation/realvisxl_full/t2i_compbench/color/color_0216/0000.png
[1071/2953] sample 0: OK 31.6s -> /home/hm/Projects/Tests/2026-09-02/image-generation/realvisxl_full/t2i_compbench/color/color_0217/0000.png
[1072/2953] sample 0: OK 31.6s -> /home/hm/Projects/Tests/2026-09-02/image-generation/realvisxl_full/t2i_compbench/color/color_0218/0000.png
[1073/2953] sample 0: OK 31.6s -> /home/hm/Projects/Tests/2026-09-02/image-generation/realvisxl_full/t2i_compbench/color/color_0219/0000.png
[1074/2953] sample 0: OK 31.6s -> /home/hm/Projects/Tests/2026-09-02/image-generation/realvisxl_full/t2i_compbench/color/color_0220/0000.png
[1075/2953] sample 0: OK 31.6s -> /home/hm/Projects/Tests/2026-09-02/image-generation/realvisxl_full/t2i_compbench/color/color_0221/0000.png
[1076/2953] sample 0: OK 31.6s -> /home/hm/Projects/Tests/2026-09-02/image-generation/realvisxl_full/t2i_compbench/color/color_0222/0000.png
[1077/2953] sample 0: OK 31.6s -> /home/hm/Projects/Tests/2026-09-02/image-generation/realvisxl_full/t2i_compbench/color/color_0223/0000.png
[1078/2953] sample 0: OK 31.6s -> /home/hm/Projects/Tests/2026-09-02/image-generation/realvisxl_full/t2i_compbench/color/color_0224/0000.png
[1079/2953] sample 0: OK 31.6s -> /home/hm/Projects/Tests/2026-09-02/image-generation/realvisxl_full/t2i_compbench/color/color_0225/0000.png
[1080/2953] sample 0: OK 31.6s -> /home/hm/Projects/Tests/2026-09-02/image-generation/realvisxl_full/t2i_compbench/color/color_0226/0000.png
[1081/2953] sample 0: OK 31.6s -> /home/hm/Projects/Tests/2026-09-02/image-generation/realvisxl_full/t2i_compbench/color/color_0227/0000.png
[1082/2953] sample 0: OK 31.6s -> /home/hm/Projects/Tests/2026-09-02/image-generation/realvisxl_full/t2i_compbench/color/color_0228/0000.png
[1083/2953] sample 0: OK 31.6s -> /home/hm/Projects/Tests/2026-09-02/image-generation/realvisxl_full/t2i_compbench/color/color_0229/0000.png
[1084/2953] sample 0: OK 31.6s -> /home/hm/Projects/Tests/2026-09-02/image-generation/realvisxl_full/t2i_compbench/color/color_0230/0000.png
[1085/2953] sample 0: OK 31.6s -> /home/hm/Projects/Tests/2026-09-02/image-generation/realvisxl_full/t2i_compbench/color/color_0231/0000.png
[1086/2953] sample 0: OK 31.6s -> /home/hm/Projects/Tests/2026-09-02/image-generation/realvisxl_full/t2i_compbench/color/color_0232/0000.png
[1087/2953] sample 0: OK 31.6s -> /home/hm/Projects/Tests/2026-09-02/image-generation/realvisxl_full/t2i_compbench/color/color_0233/0000.png
[1088/2953] sample 0: OK 31.6s -> /home/hm/Projects/Tests/2026-09-02/image-generation/realvisxl_full/t2i_compbench/color/color_0234/0000.png
[1089/2953] sample 0: OK 31.6s -> /home/hm/Projects/Tests/2026-09-02/image-generation/realvisxl_full/t2i_compbench/color/color_0235/0000.png
[1090/2953] sample 0: OK 31.6s -> /home/hm/Projects/Tests/2026-09-02/image-generation/realvisxl_full/t2i_compbench/color/color_0236/0000.png
[1091/2953] sample 0: OK 31.6s -> /home/hm/Projects/Tests/2026-09-02/image-generation/realvisxl_full/t2i_compbench/color/color_0237/0000.png
[1092/2953] sample 0: OK 31.6s -> /home/hm/Projects/Tests/2026-09-02/image-generation/realvisxl_full/t2i_compbench/color/color_0238/0000.png
[1093/2953] sample 0: OK 31.6s -> /home/hm/Projects/Tests/2026-09-02/image-generation/realvisxl_full/t2i_compbench/color/color_0239/0000.png
[1094/2953] sample 0: OK 31.6s -> /home/hm/Projects/Tests/2026-09-02/image-generation/realvisxl_full/t2i_compbench/color/color_0240/0000.png
[1095/2953] sample 0: OK 31.6s -> /home/hm/Projects/Tests/2026-09-02/image-generation/realvisxl_full/t2i_compbench/color/color_0241/0000.png
[1096/2953] sample 0: OK 31.6s -> /home/hm/Projects/Tests/2026-09-02/image-generation/realvisxl_full/t2i_compbench/color/color_0242/0000.png
[1097/2953] sample 0: OK 31.6s -> /home/hm/Projects/Tests/2026-09-02/image-generation/realvisxl_full/t2i_compbench/color/color_0243/0000.png
[1098/2953] sample 0: OK 31.6s -> /home/hm/Projects/Tests/2026-09-02/image-generation/realvisxl_full/t2i_compbench/color/color_0244/0000.png
[1099/2953] sample 0: OK 31.6s -> /home/hm/Projects/Tests/2026-09-02/image-generation/realvisxl_full/t2i_compbench/color/color_0245/0000.png
[1100/2953] sample 0: OK 31.6s -> /home/hm/Projects/Tests/2026-09-02/image-generation/realvisxl_full/t2i_compbench/color/color_0246/0000.png
[1101/2953] sample 0: OK 31.6s -> /home/hm/Projects/Tests/2026-09-02/image-generation/realvisxl_full/t2i_compbench/color/color_0247/0000.png
[1102/2953] sample 0: OK 31.6s -> /home/hm/Projects/Tests/2026-09-02/image-generation/realvisxl_full/t2i_compbench/color/color_0248/0000.png
[1103/2953] sample 0: OK 31.6s -> /home/hm/Projects/Tests/2026-09-02/image-generation/realvisxl_full/t2i_compbench/color/color_0249/0000.png
[1104/2953] sample 0: OK 31.6s -> /home/hm/Projects/Tests/2026-09-02/image-generation/realvisxl_full/t2i_compbench/color/color_0250/0000.png
[1105/2953] sample 0: OK 31.6s -> /home/hm/Projects/Tests/2026-09-02/image-generation/realvisxl_full/t2i_compbench/color/color_0251/0000.png
[1106/2953] sample 0: OK 31.6s -> /home/hm/Projects/Tests/2026-09-02/image-generation/realvisxl_full/t2i_compbench/color/color_0252/0000.png
[1107/2953] sample 0: OK 31.6s -> /home/hm/Projects/Tests/2026-09-02/image-generation/realvisxl_full/t2i_compbench/color/color_0253/0000.png
[1108/2953] sample 0: OK 31.6s -> /home/hm/Projects/Tests/2026-09-02/image-generation/realvisxl_full/t2i_compbench/color/color_0254/0000.png
[1109/2953] sample 0: OK 31.6s -> /home/hm/Projects/Tests/2026-09-02/image-generation/realvisxl_full/t2i_compbench/color/color_0255/0000.png
[1110/2953] sample 0: OK 31.6s -> /home/hm/Projects/Tests/2026-09-02/image-generation/realvisxl_full/t2i_compbench/color/color_0256/0000.png
[1111/2953] sample 0: OK 31.6s -> /home/hm/Projects/Tests/2026-09-02/image-generation/realvisxl_full/t2i_compbench/color/color_0257/0000.png
[1112/2953] sample 0: OK 31.6s -> /home/hm/Projects/Tests/2026-09-02/image-generation/realvisxl_full/t2i_compbench/color/color_0258/0000.png
[1113/2953] sample 0: OK 31.6s -> /home/hm/Projects/Tests/2026-09-02/image-generation/realvisxl_full/t2i_compbench/color/color_0259/0000.png
[1114/2953] sample 0: OK 31.6s -> /home/hm/Projects/Tests/2026-09-02/image-generation/realvisxl_full/t2i_compbench/color/color_0260/0000.png
[1115/2953] sample 0: OK 31.6s -> /home/hm/Projects/Tests/2026-09-02/image-generation/realvisxl_full/t2i_compbench/color/color_0261/0000.png
[1116/2953] sample 0: OK 31.6s -> /home/hm/Projects/Tests/2026-09-02/image-generation/realvisxl_full/t2i_compbench/color/color_0262/0000.png
[1117/2953] sample 0: OK 31.6s -> /home/hm/Projects/Tests/2026-09-02/image-generation/realvisxl_full/t2i_compbench/color/color_0263/0000.png
[1118/2953] sample 0: OK 31.6s -> /home/hm/Projects/Tests/2026-09-02/image-generation/realvisxl_full/t2i_compbench/color/color_0264/0000.png
[1119/2953] sample 0: OK 31.6s -> /home/hm/Projects/Tests/2026-09-02/image-generation/realvisxl_full/t2i_compbench/color/color_0265/0000.png
[1120/2953] sample 0: OK 31.6s -> /home/hm/Projects/Tests/2026-09-02/image-generation/realvisxl_full/t2i_compbench/color/color_0266/0000.png
[1121/2953] sample 0: OK 31.6s -> /home/hm/Projects/Tests/2026-09-02/image-generation/realvisxl_full/t2i_compbench/color/color_0267/0000.png
[1122/2953] sample 0: OK 31.6s -> /home/hm/Projects/Tests/2026-09-02/image-generation/realvisxl_full/t2i_compbench/color/color_0268/0000.png
[1123/2953] sample 0: OK 31.6s -> /home/hm/Projects/Tests/2026-09-02/image-generation/realvisxl_full/t2i_compbench/color/color_0269/0000.png
[1124/2953] sample 0: OK 31.6s -> /home/hm/Projects/Tests/2026-09-02/image-generation/realvisxl_full/t2i_compbench/color/color_0270/0000.png
[1125/2953] sample 0: OK 31.6s -> /home/hm/Projects/Tests/2026-09-02/image-generation/realvisxl_full/t2i_compbench/color/color_0271/0000.png
[1126/2953] sample 0: OK 31.6s -> /home/hm/Projects/Tests/2026-09-02/image-generation/realvisxl_full/t2i_compbench/color/color_0272/0000.png
[1127/2953] sample 0: OK 31.6s -> /home/hm/Projects/Tests/2026-09-02/image-generation/realvisxl_full/t2i_compbench/color/color_0273/0000.png
[1128/2953] sample 0: OK 31.6s -> /home/hm/Projects/Tests/2026-09-02/image-generation/realvisxl_full/t2i_compbench/color/color_0274/0000.png
[1129/2953] sample 0: OK 31.6s -> /home/hm/Projects/Tests/2026-09-02/image-generation/realvisxl_full/t2i_compbench/color/color_0275/0000.png
[1130/2953] sample 0: OK 31.6s -> /home/hm/Projects/Tests/2026-09-02/image-generation/realvisxl_full/t2i_compbench/color/color_0276/0000.png
[1131/2953] sample 0: OK 31.6s -> /home/hm/Projects/Tests/2026-09-02/image-generation/realvisxl_full/t2i_compbench/color/color_0277/0000.png
[1132/2953] sample 0: OK 31.6s -> /home/hm/Projects/Tests/2026-09-02/image-generation/realvisxl_full/t2i_compbench/color/color_0278/0000.png
[1133/2953] sample 0: OK 31.6s -> /home/hm/Projects/Tests/2026-09-02/image-generation/realvisxl_full/t2i_compbench/color/color_0279/0000.png
[1134/2953] sample 0: OK 31.6s -> /home/hm/Projects/Tests/2026-09-02/image-generation/realvisxl_full/t2i_compbench/color/color_0280/0000.png
[1135/2953] sample 0: OK 31.6s -> /home/hm/Projects/Tests/2026-09-02/image-generation/realvisxl_full/t2i_compbench/color/color_0281/0000.png
[1136/2953] sample 0: OK 31.6s -> /home/hm/Projects/Tests/2026-09-02/image-generation/realvisxl_full/t2i_compbench/color/color_0282/0000.png
[1137/2953] sample 0: OK 31.6s -> /home/hm/Projects/Tests/2026-09-02/image-generation/realvisxl_full/t2i_compbench/color/color_0283/0000.png
[1138/2953] sample 0: OK 31.6s -> /home/hm/Projects/Tests/2026-09-02/image-generation/realvisxl_full/t2i_compbench/color/color_0284/0000.png
[1139/2953] sample 0: OK 31.6s -> /home/hm/Projects/Tests/2026-09-02/image-generation/realvisxl_full/t2i_compbench/color/color_0285/0000.png
[1140/2953] sample 0: OK 31.6s -> /home/hm/Projects/Tests/2026-09-02/image-generation/realvisxl_full/t2i_compbench/color/color_0286/0000.png
[1141/2953] sample 0: OK 31.6s -> /home/hm/Projects/Tests/2026-09-02/image-generation/realvisxl_full/t2i_compbench/color/color_0287/0000.png
[1142/2953] sample 0: OK 31.6s -> /home/hm/Projects/Tests/2026-09-02/image-generation/realvisxl_full/t2i_compbench/color/color_0288/0000.png
[1143/2953] sample 0: OK 31.6s -> /home/hm/Projects/Tests/2026-09-02/image-generation/realvisxl_full/t2i_compbench/color/color_0289/0000.png
[1144/2953] sample 0: OK 31.6s -> /home/hm/Projects/Tests/2026-09-02/image-generation/realvisxl_full/t2i_compbench/color/color_0290/0000.png
[1145/2953] sample 0: OK 31.6s -> /home/hm/Projects/Tests/2026-09-02/image-generation/realvisxl_full/t2i_compbench/color/color_0291/0000.png
[1146/2953] sample 0: OK 31.6s -> /home/hm/Projects/Tests/2026-09-02/image-generation/realvisxl_full/t2i_compbench/color/color_0292/0000.png
[1147/2953] sample 0: OK 31.6s -> /home/hm/Projects/Tests/2026-09-02/image-generation/realvisxl_full/t2i_compbench/color/color_0293/0000.png
[1148/2953] sample 0: OK 31.6s -> /home/hm/Projects/Tests/2026-09-02/image-generation/realvisxl_full/t2i_compbench/color/color_0294/0000.png
[1149/2953] sample 0: OK 31.6s -> /home/hm/Projects/Tests/2026-09-02/image-generation/realvisxl_full/t2i_compbench/color/color_0295/0000.png
[1150/2953] sample 0: OK 31.6s -> /home/hm/Projects/Tests/2026-09-02/image-generation/realvisxl_full/t2i_compbench/color/color_0296/0000.png
[1151/2953] sample 0: OK 31.6s -> /home/hm/Projects/Tests/2026-09-02/image-generation/realvisxl_full/t2i_compbench/color/color_0297/0000.png
[1152/2953] sample 0: OK 31.7s -> /home/hm/Projects/Tests/2026-09-02/image-generation/realvisxl_full/t2i_compbench/color/color_0298/0000.png
[1153/2953] sample 0: OK 32.1s -> /home/hm/Projects/Tests/2026-09-02/image-generation/realvisxl_full/t2i_compbench/color/color_0299/0000.png
[1154/2953] sample 0: OK 31.6s -> /home/hm/Projects/Tests/2026-09-02/image-generation/realvisxl_full/t2i_compbench/complex/complex_0000/0000.png
[1155/2953] sample 0: OK 31.6s -> /home/hm/Projects/Tests/2026-09-02/image-generation/realvisxl_full/t2i_compbench/complex/complex_0001/0000.png
[1156/2953] sample 0: OK 31.6s -> /home/hm/Projects/Tests/2026-09-02/image-generation/realvisxl_full/t2i_compbench/complex/complex_0002/0000.png
[1157/2953] sample 0: OK 31.6s -> /home/hm/Projects/Tests/2026-09-02/image-generation/realvisxl_full/t2i_compbench/complex/complex_0003/0000.png
[1158/2953] sample 0: OK 31.6s -> /home/hm/Projects/Tests/2026-09-02/image-generation/realvisxl_full/t2i_compbench/complex/complex_0004/0000.png
[1159/2953] sample 0: OK 31.6s -> /home/hm/Projects/Tests/2026-09-02/image-generation/realvisxl_full/t2i_compbench/complex/complex_0005/0000.png
[1160/2953] sample 0: OK 31.6s -> /home/hm/Projects/Tests/2026-09-02/image-generation/realvisxl_full/t2i_compbench/complex/complex_0006/0000.png
[1161/2953] sample 0: OK 31.6s -> /home/hm/Projects/Tests/2026-09-02/image-generation/realvisxl_full/t2i_compbench/complex/complex_0007/0000.png
[1162/2953] sample 0: OK 31.6s -> /home/hm/Projects/Tests/2026-09-02/image-generation/realvisxl_full/t2i_compbench/complex/complex_0008/0000.png
[1163/2953] sample 0: OK 31.6s -> /home/hm/Projects/Tests/2026-09-02/image-generation/realvisxl_full/t2i_compbench/complex/complex_0009/0000.png
[1164/2953] sample 0: OK 31.6s -> /home/hm/Projects/Tests/2026-09-02/image-generation/realvisxl_full/t2i_compbench/complex/complex_0010/0000.png
[1165/2953] sample 0: OK 31.6s -> /home/hm/Projects/Tests/2026-09-02/image-generation/realvisxl_full/t2i_compbench/complex/complex_0011/0000.png
[1166/2953] sample 0: OK 31.6s -> /home/hm/Projects/Tests/2026-09-02/image-generation/realvisxl_full/t2i_compbench/complex/complex_0012/0000.png
[1167/2953] sample 0: OK 31.6s -> /home/hm/Projects/Tests/2026-09-02/image-generation/realvisxl_full/t2i_compbench/complex/complex_0013/0000.png
[1168/2953] sample 0: OK 31.6s -> /home/hm/Projects/Tests/2026-09-02/image-generation/realvisxl_full/t2i_compbench/complex/complex_0014/0000.png
[1169/2953] sample 0: OK 31.6s -> /home/hm/Projects/Tests/2026-09-02/image-generation/realvisxl_full/t2i_compbench/complex/complex_0015/0000.png
[1170/2953] sample 0: OK 31.6s -> /home/hm/Projects/Tests/2026-09-02/image-generation/realvisxl_full/t2i_compbench/complex/complex_0016/0000.png
[1171/2953] sample 0: OK 31.6s -> /home/hm/Projects/Tests/2026-09-02/image-generation/realvisxl_full/t2i_compbench/complex/complex_0017/0000.png
[1172/2953] sample 0: OK 31.6s -> /home/hm/Projects/Tests/2026-09-02/image-generation/realvisxl_full/t2i_compbench/complex/complex_0018/0000.png
[1173/2953] sample 0: OK 31.6s -> /home/hm/Projects/Tests/2026-09-02/image-generation/realvisxl_full/t2i_compbench/complex/complex_0019/0000.png
[1174/2953] sample 0: OK 31.6s -> /home/hm/Projects/Tests/2026-09-02/image-generation/realvisxl_full/t2i_compbench/complex/complex_0020/0000.png
[1175/2953] sample 0: OK 31.6s -> /home/hm/Projects/Tests/2026-09-02/image-generation/realvisxl_full/t2i_compbench/complex/complex_0021/0000.png
[1176/2953] sample 0: OK 31.6s -> /home/hm/Projects/Tests/2026-09-02/image-generation/realvisxl_full/t2i_compbench/complex/complex_0022/0000.png
[1177/2953] sample 0: OK 31.6s -> /home/hm/Projects/Tests/2026-09-02/image-generation/realvisxl_full/t2i_compbench/complex/complex_0023/0000.png
[1178/2953] sample 0: OK 31.6s -> /home/hm/Projects/Tests/2026-09-02/image-generation/realvisxl_full/t2i_compbench/complex/complex_0024/0000.png
[1179/2953] sample 0: OK 31.6s -> /home/hm/Projects/Tests/2026-09-02/image-generation/realvisxl_full/t2i_compbench/complex/complex_0025/0000.png
[1180/2953] sample 0: OK 31.6s -> /home/hm/Projects/Tests/2026-09-02/image-generation/realvisxl_full/t2i_compbench/complex/complex_0026/0000.png
[1181/2953] sample 0: OK 31.6s -> /home/hm/Projects/Tests/2026-09-02/image-generation/realvisxl_full/t2i_compbench/complex/complex_0027/0000.png
[1182/2953] sample 0: OK 31.6s -> /home/hm/Projects/Tests/2026-09-02/image-generation/realvisxl_full/t2i_compbench/complex/complex_0028/0000.png
[1183/2953] sample 0: OK 31.6s -> /home/hm/Projects/Tests/2026-09-02/image-generation/realvisxl_full/t2i_compbench/complex/complex_0029/0000.png
[1184/2953] sample 0: OK 31.6s -> /home/hm/Projects/Tests/2026-09-02/image-generation/realvisxl_full/t2i_compbench/complex/complex_0030/0000.png
[1185/2953] sample 0: OK 31.6s -> /home/hm/Projects/Tests/2026-09-02/image-generation/realvisxl_full/t2i_compbench/complex/complex_0031/0000.png
[1186/2953] sample 0: OK 31.6s -> /home/hm/Projects/Tests/2026-09-02/image-generation/realvisxl_full/t2i_compbench/complex/complex_0032/0000.png
[1187/2953] sample 0: OK 31.6s -> /home/hm/Projects/Tests/2026-09-02/image-generation/realvisxl_full/t2i_compbench/complex/complex_0033/0000.png
[1188/2953] sample 0: OK 31.6s -> /home/hm/Projects/Tests/2026-09-02/image-generation/realvisxl_full/t2i_compbench/complex/complex_0034/0000.png
[1189/2953] sample 0: OK 31.6s -> /home/hm/Projects/Tests/2026-09-02/image-generation/realvisxl_full/t2i_compbench/complex/complex_0035/0000.png
[1190/2953] sample 0: OK 31.6s -> /home/hm/Projects/Tests/2026-09-02/image-generation/realvisxl_full/t2i_compbench/complex/complex_0036/0000.png
[1191/2953] sample 0: OK 31.6s -> /home/hm/Projects/Tests/2026-09-02/image-generation/realvisxl_full/t2i_compbench/complex/complex_0037/0000.png
[1192/2953] sample 0: OK 31.6s -> /home/hm/Projects/Tests/2026-09-02/image-generation/realvisxl_full/t2i_compbench/complex/complex_0038/0000.png
[1193/2953] sample 0: OK 31.6s -> /home/hm/Projects/Tests/2026-09-02/image-generation/realvisxl_full/t2i_compbench/complex/complex_0039/0000.png
[1194/2953] sample 0: OK 31.6s -> /home/hm/Projects/Tests/2026-09-02/image-generation/realvisxl_full/t2i_compbench/complex/complex_0040/0000.png
[1195/2953] sample 0: OK 31.6s -> /home/hm/Projects/Tests/2026-09-02/image-generation/realvisxl_full/t2i_compbench/complex/complex_0041/0000.png
[1196/2953] sample 0: OK 31.6s -> /home/hm/Projects/Tests/2026-09-02/image-generation/realvisxl_full/t2i_compbench/complex/complex_0042/0000.png
[1197/2953] sample 0: OK 31.6s -> /home/hm/Projects/Tests/2026-09-02/image-generation/realvisxl_full/t2i_compbench/complex/complex_0043/0000.png
[1198/2953] sample 0: OK 31.6s -> /home/hm/Projects/Tests/2026-09-02/image-generation/realvisxl_full/t2i_compbench/complex/complex_0044/0000.png
[1199/2953] sample 0: OK 31.6s -> /home/hm/Projects/Tests/2026-09-02/image-generation/realvisxl_full/t2i_compbench/complex/complex_0045/0000.png
[1200/2953] sample 0: OK 31.6s -> /home/hm/Projects/Tests/2026-09-02/image-generation/realvisxl_full/t2i_compbench/complex/complex_0046/0000.png
[1201/2953] sample 0: OK 31.6s -> /home/hm/Projects/Tests/2026-09-02/image-generation/realvisxl_full/t2i_compbench/complex/complex_0047/0000.png
[1202/2953] sample 0: OK 31.6s -> /home/hm/Projects/Tests/2026-09-02/image-generation/realvisxl_full/t2i_compbench/complex/complex_0048/0000.png
[1203/2953] sample 0: OK 31.6s -> /home/hm/Projects/Tests/2026-09-02/image-generation/realvisxl_full/t2i_compbench/complex/complex_0049/0000.png
[1204/2953] sample 0: OK 31.6s -> /home/hm/Projects/Tests/2026-09-02/image-generation/realvisxl_full/t2i_compbench/complex/complex_0050/0000.png
[1205/2953] sample 0: OK 31.6s -> /home/hm/Projects/Tests/2026-09-02/image-generation/realvisxl_full/t2i_compbench/complex/complex_0051/0000.png
[1206/2953] sample 0: OK 31.6s -> /home/hm/Projects/Tests/2026-09-02/image-generation/realvisxl_full/t2i_compbench/complex/complex_0052/0000.png
[1207/2953] sample 0: OK 31.6s -> /home/hm/Projects/Tests/2026-09-02/image-generation/realvisxl_full/t2i_compbench/complex/complex_0053/0000.png
[1208/2953] sample 0: OK 31.6s -> /home/hm/Projects/Tests/2026-09-02/image-generation/realvisxl_full/t2i_compbench/complex/complex_0054/0000.png
[1209/2953] sample 0: OK 31.6s -> /home/hm/Projects/Tests/2026-09-02/image-generation/realvisxl_full/t2i_compbench/complex/complex_0055/0000.png
[1210/2953] sample 0: OK 31.6s -> /home/hm/Projects/Tests/2026-09-02/image-generation/realvisxl_full/t2i_compbench/complex/complex_0056/0000.png
[1211/2953] sample 0: OK 31.6s -> /home/hm/Projects/Tests/2026-09-02/image-generation/realvisxl_full/t2i_compbench/complex/complex_0057/0000.png
[1212/2953] sample 0: OK 31.6s -> /home/hm/Projects/Tests/2026-09-02/image-generation/realvisxl_full/t2i_compbench/complex/complex_0058/0000.png
[1213/2953] sample 0: OK 31.6s -> /home/hm/Projects/Tests/2026-09-02/image-generation/realvisxl_full/t2i_compbench/complex/complex_0059/0000.png
[1214/2953] sample 0: OK 31.6s -> /home/hm/Projects/Tests/2026-09-02/image-generation/realvisxl_full/t2i_compbench/complex/complex_0060/0000.png
[1215/2953] sample 0: OK 31.6s -> /home/hm/Projects/Tests/2026-09-02/image-generation/realvisxl_full/t2i_compbench/complex/complex_0061/0000.png
[1216/2953] sample 0: OK 31.6s -> /home/hm/Projects/Tests/2026-09-02/image-generation/realvisxl_full/t2i_compbench/complex/complex_0062/0000.png
[1217/2953] sample 0: OK 31.6s -> /home/hm/Projects/Tests/2026-09-02/image-generation/realvisxl_full/t2i_compbench/complex/complex_0063/0000.png
[1218/2953] sample 0: OK 31.6s -> /home/hm/Projects/Tests/2026-09-02/image-generation/realvisxl_full/t2i_compbench/complex/complex_0064/0000.png
[1219/2953] sample 0: OK 31.6s -> /home/hm/Projects/Tests/2026-09-02/image-generation/realvisxl_full/t2i_compbench/complex/complex_0065/0000.png
[1220/2953] sample 0: OK 31.6s -> /home/hm/Projects/Tests/2026-09-02/image-generation/realvisxl_full/t2i_compbench/complex/complex_0066/0000.png
[1221/2953] sample 0: OK 31.6s -> /home/hm/Projects/Tests/2026-09-02/image-generation/realvisxl_full/t2i_compbench/complex/complex_0067/0000.png
[1222/2953] sample 0: OK 31.6s -> /home/hm/Projects/Tests/2026-09-02/image-generation/realvisxl_full/t2i_compbench/complex/complex_0068/0000.png
[1223/2953] sample 0: OK 31.6s -> /home/hm/Projects/Tests/2026-09-02/image-generation/realvisxl_full/t2i_compbench/complex/complex_0069/0000.png
[1224/2953] sample 0: OK 31.6s -> /home/hm/Projects/Tests/2026-09-02/image-generation/realvisxl_full/t2i_compbench/complex/complex_0070/0000.png
[1225/2953] sample 0: OK 31.6s -> /home/hm/Projects/Tests/2026-09-02/image-generation/realvisxl_full/t2i_compbench/complex/complex_0071/0000.png
[1226/2953] sample 0: OK 31.6s -> /home/hm/Projects/Tests/2026-09-02/image-generation/realvisxl_full/t2i_compbench/complex/complex_0072/0000.png
[1227/2953] sample 0: OK 31.6s -> /home/hm/Projects/Tests/2026-09-02/image-generation/realvisxl_full/t2i_compbench/complex/complex_0073/0000.png
[1228/2953] sample 0: OK 31.6s -> /home/hm/Projects/Tests/2026-09-02/image-generation/realvisxl_full/t2i_compbench/complex/complex_0074/0000.png
[1229/2953] sample 0: OK 31.6s -> /home/hm/Projects/Tests/2026-09-02/image-generation/realvisxl_full/t2i_compbench/complex/complex_0075/0000.png
[1230/2953] sample 0: OK 31.6s -> /home/hm/Projects/Tests/2026-09-02/image-generation/realvisxl_full/t2i_compbench/complex/complex_0076/0000.png
[1231/2953] sample 0: OK 31.6s -> /home/hm/Projects/Tests/2026-09-02/image-generation/realvisxl_full/t2i_compbench/complex/complex_0077/0000.png
[1232/2953] sample 0: OK 31.6s -> /home/hm/Projects/Tests/2026-09-02/image-generation/realvisxl_full/t2i_compbench/complex/complex_0078/0000.png
[1233/2953] sample 0: OK 31.6s -> /home/hm/Projects/Tests/2026-09-02/image-generation/realvisxl_full/t2i_compbench/complex/complex_0079/0000.png
[1234/2953] sample 0: OK 31.6s -> /home/hm/Projects/Tests/2026-09-02/image-generation/realvisxl_full/t2i_compbench/complex/complex_0080/0000.png
[1235/2953] sample 0: OK 31.6s -> /home/hm/Projects/Tests/2026-09-02/image-generation/realvisxl_full/t2i_compbench/complex/complex_0081/0000.png
[1236/2953] sample 0: OK 31.6s -> /home/hm/Projects/Tests/2026-09-02/image-generation/realvisxl_full/t2i_compbench/complex/complex_0082/0000.png
[1237/2953] sample 0: OK 31.6s -> /home/hm/Projects/Tests/2026-09-02/image-generation/realvisxl_full/t2i_compbench/complex/complex_0083/0000.png
[1238/2953] sample 0: OK 31.6s -> /home/hm/Projects/Tests/2026-09-02/image-generation/realvisxl_full/t2i_compbench/complex/complex_0084/0000.png
[1239/2953] sample 0: OK 31.6s -> /home/hm/Projects/Tests/2026-09-02/image-generation/realvisxl_full/t2i_compbench/complex/complex_0085/0000.png
[1240/2953] sample 0: OK 31.6s -> /home/hm/Projects/Tests/2026-09-02/image-generation/realvisxl_full/t2i_compbench/complex/complex_0086/0000.png
[1241/2953] sample 0: OK 31.6s -> /home/hm/Projects/Tests/2026-09-02/image-generation/realvisxl_full/t2i_compbench/complex/complex_0087/0000.png
[1242/2953] sample 0: OK 31.6s -> /home/hm/Projects/Tests/2026-09-02/image-generation/realvisxl_full/t2i_compbench/complex/complex_0088/0000.png
[1243/2953] sample 0: OK 31.6s -> /home/hm/Projects/Tests/2026-09-02/image-generation/realvisxl_full/t2i_compbench/complex/complex_0089/0000.png
[1244/2953] sample 0: OK 31.6s -> /home/hm/Projects/Tests/2026-09-02/image-generation/realvisxl_full/t2i_compbench/complex/complex_0090/0000.png
[1245/2953] sample 0: OK 31.6s -> /home/hm/Projects/Tests/2026-09-02/image-generation/realvisxl_full/t2i_compbench/complex/complex_0091/0000.png
[1246/2953] sample 0: OK 31.6s -> /home/hm/Projects/Tests/2026-09-02/image-generation/realvisxl_full/t2i_compbench/complex/complex_0092/0000.png
[1247/2953] sample 0: OK 31.6s -> /home/hm/Projects/Tests/2026-09-02/image-generation/realvisxl_full/t2i_compbench/complex/complex_0093/0000.png
[1248/2953] sample 0: OK 31.6s -> /home/hm/Projects/Tests/2026-09-02/image-generation/realvisxl_full/t2i_compbench/complex/complex_0094/0000.png
[1249/2953] sample 0: OK 31.6s -> /home/hm/Projects/Tests/2026-09-02/image-generation/realvisxl_full/t2i_compbench/complex/complex_0095/0000.png
[1250/2953] sample 0: OK 31.6s -> /home/hm/Projects/Tests/2026-09-02/image-generation/realvisxl_full/t2i_compbench/complex/complex_0096/0000.png
[1251/2953] sample 0: OK 31.6s -> /home/hm/Projects/Tests/2026-09-02/image-generation/realvisxl_full/t2i_compbench/complex/complex_0097/0000.png
[1252/2953] sample 0: OK 31.6s -> /home/hm/Projects/Tests/2026-09-02/image-generation/realvisxl_full/t2i_compbench/complex/complex_0098/0000.png
[1253/2953] sample 0: OK 31.6s -> /home/hm/Projects/Tests/2026-09-02/image-generation/realvisxl_full/t2i_compbench/complex/complex_0099/0000.png
[1254/2953] sample 0: OK 31.6s -> /home/hm/Projects/Tests/2026-09-02/image-generation/realvisxl_full/t2i_compbench/complex/complex_0100/0000.png
[1255/2953] sample 0: OK 31.6s -> /home/hm/Projects/Tests/2026-09-02/image-generation/realvisxl_full/t2i_compbench/complex/complex_0101/0000.png
[1256/2953] sample 0: OK 31.6s -> /home/hm/Projects/Tests/2026-09-02/image-generation/realvisxl_full/t2i_compbench/complex/complex_0102/0000.png
[1257/2953] sample 0: OK 31.6s -> /home/hm/Projects/Tests/2026-09-02/image-generation/realvisxl_full/t2i_compbench/complex/complex_0103/0000.png
[1258/2953] sample 0: OK 31.6s -> /home/hm/Projects/Tests/2026-09-02/image-generation/realvisxl_full/t2i_compbench/complex/complex_0104/0000.png
[1259/2953] sample 0: OK 31.6s -> /home/hm/Projects/Tests/2026-09-02/image-generation/realvisxl_full/t2i_compbench/complex/complex_0105/0000.png
[1260/2953] sample 0: OK 31.6s -> /home/hm/Projects/Tests/2026-09-02/image-generation/realvisxl_full/t2i_compbench/complex/complex_0106/0000.png
[1261/2953] sample 0: OK 31.6s -> /home/hm/Projects/Tests/2026-09-02/image-generation/realvisxl_full/t2i_compbench/complex/complex_0107/0000.png
[1262/2953] sample 0: OK 31.6s -> /home/hm/Projects/Tests/2026-09-02/image-generation/realvisxl_full/t2i_compbench/complex/complex_0108/0000.png
[1263/2953] sample 0: OK 31.6s -> /home/hm/Projects/Tests/2026-09-02/image-generation/realvisxl_full/t2i_compbench/complex/complex_0109/0000.png
[1264/2953] sample 0: OK 31.6s -> /home/hm/Projects/Tests/2026-09-02/image-generation/realvisxl_full/t2i_compbench/complex/complex_0110/0000.png
[1265/2953] sample 0: OK 31.6s -> /home/hm/Projects/Tests/2026-09-02/image-generation/realvisxl_full/t2i_compbench/complex/complex_0111/0000.png
[1266/2953] sample 0: OK 31.6s -> /home/hm/Projects/Tests/2026-09-02/image-generation/realvisxl_full/t2i_compbench/complex/complex_0112/0000.png
[1267/2953] sample 0: OK 31.6s -> /home/hm/Projects/Tests/2026-09-02/image-generation/realvisxl_full/t2i_compbench/complex/complex_0113/0000.png
[1268/2953] sample 0: OK 31.6s -> /home/hm/Projects/Tests/2026-09-02/image-generation/realvisxl_full/t2i_compbench/complex/complex_0114/0000.png
[1269/2953] sample 0: OK 31.6s -> /home/hm/Projects/Tests/2026-09-02/image-generation/realvisxl_full/t2i_compbench/complex/complex_0115/0000.png
[1270/2953] sample 0: OK 31.6s -> /home/hm/Projects/Tests/2026-09-02/image-generation/realvisxl_full/t2i_compbench/complex/complex_0116/0000.png
[1271/2953] sample 0: OK 31.6s -> /home/hm/Projects/Tests/2026-09-02/image-generation/realvisxl_full/t2i_compbench/complex/complex_0117/0000.png
[1272/2953] sample 0: OK 31.6s -> /home/hm/Projects/Tests/2026-09-02/image-generation/realvisxl_full/t2i_compbench/complex/complex_0118/0000.png
[1273/2953] sample 0: OK 31.6s -> /home/hm/Projects/Tests/2026-09-02/image-generation/realvisxl_full/t2i_compbench/complex/complex_0119/0000.png
[1274/2953] sample 0: OK 31.6s -> /home/hm/Projects/Tests/2026-09-02/image-generation/realvisxl_full/t2i_compbench/complex/complex_0120/0000.png
[1275/2953] sample 0: OK 31.6s -> /home/hm/Projects/Tests/2026-09-02/image-generation/realvisxl_full/t2i_compbench/complex/complex_0121/0000.png
[1276/2953] sample 0: OK 31.6s -> /home/hm/Projects/Tests/2026-09-02/image-generation/realvisxl_full/t2i_compbench/complex/complex_0122/0000.png
[1277/2953] sample 0: OK 31.6s -> /home/hm/Projects/Tests/2026-09-02/image-generation/realvisxl_full/t2i_compbench/complex/complex_0123/0000.png
[1278/2953] sample 0: OK 31.6s -> /home/hm/Projects/Tests/2026-09-02/image-generation/realvisxl_full/t2i_compbench/complex/complex_0124/0000.png
[1279/2953] sample 0: OK 31.6s -> /home/hm/Projects/Tests/2026-09-02/image-generation/realvisxl_full/t2i_compbench/complex/complex_0125/0000.png
[1280/2953] sample 0: OK 31.6s -> /home/hm/Projects/Tests/2026-09-02/image-generation/realvisxl_full/t2i_compbench/complex/complex_0126/0000.png
[1281/2953] sample 0: OK 31.6s -> /home/hm/Projects/Tests/2026-09-02/image-generation/realvisxl_full/t2i_compbench/complex/complex_0127/0000.png
[1282/2953] sample 0: OK 31.6s -> /home/hm/Projects/Tests/2026-09-02/image-generation/realvisxl_full/t2i_compbench/complex/complex_0128/0000.png
[1283/2953] sample 0: OK 31.6s -> /home/hm/Projects/Tests/2026-09-02/image-generation/realvisxl_full/t2i_compbench/complex/complex_0129/0000.png
[1284/2953] sample 0: OK 31.6s -> /home/hm/Projects/Tests/2026-09-02/image-generation/realvisxl_full/t2i_compbench/complex/complex_0130/0000.png
[1285/2953] sample 0: OK 31.6s -> /home/hm/Projects/Tests/2026-09-02/image-generation/realvisxl_full/t2i_compbench/complex/complex_0131/0000.png
[1286/2953] sample 0: OK 31.6s -> /home/hm/Projects/Tests/2026-09-02/image-generation/realvisxl_full/t2i_compbench/complex/complex_0132/0000.png
[1287/2953] sample 0: OK 31.6s -> /home/hm/Projects/Tests/2026-09-02/image-generation/realvisxl_full/t2i_compbench/complex/complex_0133/0000.png
[1288/2953] sample 0: OK 31.6s -> /home/hm/Projects/Tests/2026-09-02/image-generation/realvisxl_full/t2i_compbench/complex/complex_0134/0000.png
[1289/2953] sample 0: OK 31.6s -> /home/hm/Projects/Tests/2026-09-02/image-generation/realvisxl_full/t2i_compbench/complex/complex_0135/0000.png
[1290/2953] sample 0: OK 31.6s -> /home/hm/Projects/Tests/2026-09-02/image-generation/realvisxl_full/t2i_compbench/complex/complex_0136/0000.png
[1291/2953] sample 0: OK 31.6s -> /home/hm/Projects/Tests/2026-09-02/image-generation/realvisxl_full/t2i_compbench/complex/complex_0137/0000.png
[1292/2953] sample 0: OK 31.6s -> /home/hm/Projects/Tests/2026-09-02/image-generation/realvisxl_full/t2i_compbench/complex/complex_0138/0000.png
[1293/2953] sample 0: OK 31.6s -> /home/hm/Projects/Tests/2026-09-02/image-generation/realvisxl_full/t2i_compbench/complex/complex_0139/0000.png
[1294/2953] sample 0: OK 31.6s -> /home/hm/Projects/Tests/2026-09-02/image-generation/realvisxl_full/t2i_compbench/complex/complex_0140/0000.png
[1295/2953] sample 0: OK 31.6s -> /home/hm/Projects/Tests/2026-09-02/image-generation/realvisxl_full/t2i_compbench/complex/complex_0141/0000.png
[1296/2953] sample 0: OK 31.6s -> /home/hm/Projects/Tests/2026-09-02/image-generation/realvisxl_full/t2i_compbench/complex/complex_0142/0000.png
[1297/2953] sample 0: OK 31.6s -> /home/hm/Projects/Tests/2026-09-02/image-generation/realvisxl_full/t2i_compbench/complex/complex_0143/0000.png
[1298/2953] sample 0: OK 31.6s -> /home/hm/Projects/Tests/2026-09-02/image-generation/realvisxl_full/t2i_compbench/complex/complex_0144/0000.png
[1299/2953] sample 0: OK 31.6s -> /home/hm/Projects/Tests/2026-09-02/image-generation/realvisxl_full/t2i_compbench/complex/complex_0145/0000.png
[1300/2953] sample 0: OK 31.6s -> /home/hm/Projects/Tests/2026-09-02/image-generation/realvisxl_full/t2i_compbench/complex/complex_0146/0000.png
[1301/2953] sample 0: OK 31.6s -> /home/hm/Projects/Tests/2026-09-02/image-generation/realvisxl_full/t2i_compbench/complex/complex_0147/0000.png
[1302/2953] sample 0: OK 31.6s -> /home/hm/Projects/Tests/2026-09-02/image-generation/realvisxl_full/t2i_compbench/complex/complex_0148/0000.png
[1303/2953] sample 0: OK 31.6s -> /home/hm/Projects/Tests/2026-09-02/image-generation/realvisxl_full/t2i_compbench/complex/complex_0149/0000.png
[1304/2953] sample 0: OK 31.6s -> /home/hm/Projects/Tests/2026-09-02/image-generation/realvisxl_full/t2i_compbench/complex/complex_0150/0000.png
[1305/2953] sample 0: OK 31.6s -> /home/hm/Projects/Tests/2026-09-02/image-generation/realvisxl_full/t2i_compbench/complex/complex_0151/0000.png
[1306/2953] sample 0: OK 31.6s -> /home/hm/Projects/Tests/2026-09-02/image-generation/realvisxl_full/t2i_compbench/complex/complex_0152/0000.png
[1307/2953] sample 0: OK 31.6s -> /home/hm/Projects/Tests/2026-09-02/image-generation/realvisxl_full/t2i_compbench/complex/complex_0153/0000.png
[1308/2953] sample 0: OK 31.6s -> /home/hm/Projects/Tests/2026-09-02/image-generation/realvisxl_full/t2i_compbench/complex/complex_0154/0000.png
[1309/2953] sample 0: OK 31.6s -> /home/hm/Projects/Tests/2026-09-02/image-generation/realvisxl_full/t2i_compbench/complex/complex_0155/0000.png
[1310/2953] sample 0: OK 31.6s -> /home/hm/Projects/Tests/2026-09-02/image-generation/realvisxl_full/t2i_compbench/complex/complex_0156/0000.png
[1311/2953] sample 0: OK 31.6s -> /home/hm/Projects/Tests/2026-09-02/image-generation/realvisxl_full/t2i_compbench/complex/complex_0157/0000.png
[1312/2953] sample 0: OK 31.6s -> /home/hm/Projects/Tests/2026-09-02/image-generation/realvisxl_full/t2i_compbench/complex/complex_0158/0000.png
[1313/2953] sample 0: OK 31.6s -> /home/hm/Projects/Tests/2026-09-02/image-generation/realvisxl_full/t2i_compbench/complex/complex_0159/0000.png
[1314/2953] sample 0: OK 31.6s -> /home/hm/Projects/Tests/2026-09-02/image-generation/realvisxl_full/t2i_compbench/complex/complex_0160/0000.png
[1315/2953] sample 0: OK 31.6s -> /home/hm/Projects/Tests/2026-09-02/image-generation/realvisxl_full/t2i_compbench/complex/complex_0161/0000.png
[1316/2953] sample 0: OK 31.6s -> /home/hm/Projects/Tests/2026-09-02/image-generation/realvisxl_full/t2i_compbench/complex/complex_0162/0000.png
[1317/2953] sample 0: OK 31.6s -> /home/hm/Projects/Tests/2026-09-02/image-generation/realvisxl_full/t2i_compbench/complex/complex_0163/0000.png
[1318/2953] sample 0: OK 31.6s -> /home/hm/Projects/Tests/2026-09-02/image-generation/realvisxl_full/t2i_compbench/complex/complex_0164/0000.png
[1319/2953] sample 0: OK 31.6s -> /home/hm/Projects/Tests/2026-09-02/image-generation/realvisxl_full/t2i_compbench/complex/complex_0165/0000.png
[1320/2953] sample 0: OK 31.6s -> /home/hm/Projects/Tests/2026-09-02/image-generation/realvisxl_full/t2i_compbench/complex/complex_0166/0000.png
[1321/2953] sample 0: OK 31.6s -> /home/hm/Projects/Tests/2026-09-02/image-generation/realvisxl_full/t2i_compbench/complex/complex_0167/0000.png
[1322/2953] sample 0: OK 31.6s -> /home/hm/Projects/Tests/2026-09-02/image-generation/realvisxl_full/t2i_compbench/complex/complex_0168/0000.png
[1323/2953] sample 0: OK 31.6s -> /home/hm/Projects/Tests/2026-09-02/image-generation/realvisxl_full/t2i_compbench/complex/complex_0169/0000.png
[1324/2953] sample 0: OK 31.6s -> /home/hm/Projects/Tests/2026-09-02/image-generation/realvisxl_full/t2i_compbench/complex/complex_0170/0000.png
[1325/2953] sample 0: OK 31.6s -> /home/hm/Projects/Tests/2026-09-02/image-generation/realvisxl_full/t2i_compbench/complex/complex_0171/0000.png
[1326/2953] sample 0: OK 31.6s -> /home/hm/Projects/Tests/2026-09-02/image-generation/realvisxl_full/t2i_compbench/complex/complex_0172/0000.png
[1327/2953] sample 0: OK 31.6s -> /home/hm/Projects/Tests/2026-09-02/image-generation/realvisxl_full/t2i_compbench/complex/complex_0173/0000.png
[1328/2953] sample 0: OK 31.6s -> /home/hm/Projects/Tests/2026-09-02/image-generation/realvisxl_full/t2i_compbench/complex/complex_0174/0000.png
[1329/2953] sample 0: OK 31.6s -> /home/hm/Projects/Tests/2026-09-02/image-generation/realvisxl_full/t2i_compbench/complex/complex_0175/0000.png
[1330/2953] sample 0: OK 31.6s -> /home/hm/Projects/Tests/2026-09-02/image-generation/realvisxl_full/t2i_compbench/complex/complex_0176/0000.png
[1331/2953] sample 0: OK 31.6s -> /home/hm/Projects/Tests/2026-09-02/image-generation/realvisxl_full/t2i_compbench/complex/complex_0177/0000.png
[1332/2953] sample 0: OK 31.6s -> /home/hm/Projects/Tests/2026-09-02/image-generation/realvisxl_full/t2i_compbench/complex/complex_0178/0000.png
[1333/2953] sample 0: OK 31.6s -> /home/hm/Projects/Tests/2026-09-02/image-generation/realvisxl_full/t2i_compbench/complex/complex_0179/0000.png
[1334/2953] sample 0: OK 31.6s -> /home/hm/Projects/Tests/2026-09-02/image-generation/realvisxl_full/t2i_compbench/complex/complex_0180/0000.png
[1335/2953] sample 0: OK 31.6s -> /home/hm/Projects/Tests/2026-09-02/image-generation/realvisxl_full/t2i_compbench/complex/complex_0181/0000.png
[1336/2953] sample 0: OK 31.6s -> /home/hm/Projects/Tests/2026-09-02/image-generation/realvisxl_full/t2i_compbench/complex/complex_0182/0000.png
[1337/2953] sample 0: OK 31.6s -> /home/hm/Projects/Tests/2026-09-02/image-generation/realvisxl_full/t2i_compbench/complex/complex_0183/0000.png
[1338/2953] sample 0: OK 31.6s -> /home/hm/Projects/Tests/2026-09-02/image-generation/realvisxl_full/t2i_compbench/complex/complex_0184/0000.png
[1339/2953] sample 0: OK 31.6s -> /home/hm/Projects/Tests/2026-09-02/image-generation/realvisxl_full/t2i_compbench/complex/complex_0185/0000.png
[1340/2953] sample 0: OK 31.6s -> /home/hm/Projects/Tests/2026-09-02/image-generation/realvisxl_full/t2i_compbench/complex/complex_0186/0000.png
[1341/2953] sample 0: OK 31.6s -> /home/hm/Projects/Tests/2026-09-02/image-generation/realvisxl_full/t2i_compbench/complex/complex_0187/0000.png
[1342/2953] sample 0: OK 31.6s -> /home/hm/Projects/Tests/2026-09-02/image-generation/realvisxl_full/t2i_compbench/complex/complex_0188/0000.png
[1343/2953] sample 0: OK 31.6s -> /home/hm/Projects/Tests/2026-09-02/image-generation/realvisxl_full/t2i_compbench/complex/complex_0189/0000.png
[1344/2953] sample 0: OK 31.6s -> /home/hm/Projects/Tests/2026-09-02/image-generation/realvisxl_full/t2i_compbench/complex/complex_0190/0000.png
[1345/2953] sample 0: OK 31.6s -> /home/hm/Projects/Tests/2026-09-02/image-generation/realvisxl_full/t2i_compbench/complex/complex_0191/0000.png
[1346/2953] sample 0: OK 31.6s -> /home/hm/Projects/Tests/2026-09-02/image-generation/realvisxl_full/t2i_compbench/complex/complex_0192/0000.png
[1347/2953] sample 0: OK 31.6s -> /home/hm/Projects/Tests/2026-09-02/image-generation/realvisxl_full/t2i_compbench/complex/complex_0193/0000.png
[1348/2953] sample 0: OK 31.6s -> /home/hm/Projects/Tests/2026-09-02/image-generation/realvisxl_full/t2i_compbench/complex/complex_0194/0000.png
[1349/2953] sample 0: OK 31.6s -> /home/hm/Projects/Tests/2026-09-02/image-generation/realvisxl_full/t2i_compbench/complex/complex_0195/0000.png
[1350/2953] sample 0: OK 31.6s -> /home/hm/Projects/Tests/2026-09-02/image-generation/realvisxl_full/t2i_compbench/complex/complex_0196/0000.png
[1351/2953] sample 0: OK 31.6s -> /home/hm/Projects/Tests/2026-09-02/image-generation/realvisxl_full/t2i_compbench/complex/complex_0197/0000.png
[1352/2953] sample 0: OK 31.6s -> /home/hm/Projects/Tests/2026-09-02/image-generation/realvisxl_full/t2i_compbench/complex/complex_0198/0000.png
[1353/2953] sample 0: OK 31.6s -> /home/hm/Projects/Tests/2026-09-02/image-generation/realvisxl_full/t2i_compbench/complex/complex_0199/0000.png
[1354/2953] sample 0: OK 31.6s -> /home/hm/Projects/Tests/2026-09-02/image-generation/realvisxl_full/t2i_compbench/complex/complex_0200/0000.png
[1355/2953] sample 0: OK 31.6s -> /home/hm/Projects/Tests/2026-09-02/image-generation/realvisxl_full/t2i_compbench/complex/complex_0201/0000.png
[1356/2953] sample 0: OK 31.6s -> /home/hm/Projects/Tests/2026-09-02/image-generation/realvisxl_full/t2i_compbench/complex/complex_0202/0000.png
[1357/2953] sample 0: OK 31.6s -> /home/hm/Projects/Tests/2026-09-02/image-generation/realvisxl_full/t2i_compbench/complex/complex_0203/0000.png
[1358/2953] sample 0: OK 31.6s -> /home/hm/Projects/Tests/2026-09-02/image-generation/realvisxl_full/t2i_compbench/complex/complex_0204/0000.png
[1359/2953] sample 0: OK 31.6s -> /home/hm/Projects/Tests/2026-09-02/image-generation/realvisxl_full/t2i_compbench/complex/complex_0205/0000.png
[1360/2953] sample 0: OK 31.6s -> /home/hm/Projects/Tests/2026-09-02/image-generation/realvisxl_full/t2i_compbench/complex/complex_0206/0000.png
[1361/2953] sample 0: OK 31.6s -> /home/hm/Projects/Tests/2026-09-02/image-generation/realvisxl_full/t2i_compbench/complex/complex_0207/0000.png
[1362/2953] sample 0: OK 31.6s -> /home/hm/Projects/Tests/2026-09-02/image-generation/realvisxl_full/t2i_compbench/complex/complex_0208/0000.png
[1363/2953] sample 0: OK 31.6s -> /home/hm/Projects/Tests/2026-09-02/image-generation/realvisxl_full/t2i_compbench/complex/complex_0209/0000.png
[1364/2953] sample 0: OK 31.6s -> /home/hm/Projects/Tests/2026-09-02/image-generation/realvisxl_full/t2i_compbench/complex/complex_0210/0000.png
[1365/2953] sample 0: OK 31.6s -> /home/hm/Projects/Tests/2026-09-02/image-generation/realvisxl_full/t2i_compbench/complex/complex_0211/0000.png
[1366/2953] sample 0: OK 31.6s -> /home/hm/Projects/Tests/2026-09-02/image-generation/realvisxl_full/t2i_compbench/complex/complex_0212/0000.png
[1367/2953] sample 0: OK 31.6s -> /home/hm/Projects/Tests/2026-09-02/image-generation/realvisxl_full/t2i_compbench/complex/complex_0213/0000.png
[1368/2953] sample 0: OK 31.6s -> /home/hm/Projects/Tests/2026-09-02/image-generation/realvisxl_full/t2i_compbench/complex/complex_0214/0000.png
[1369/2953] sample 0: OK 31.6s -> /home/hm/Projects/Tests/2026-09-02/image-generation/realvisxl_full/t2i_compbench/complex/complex_0215/0000.png
[1370/2953] sample 0: OK 31.6s -> /home/hm/Projects/Tests/2026-09-02/image-generation/realvisxl_full/t2i_compbench/complex/complex_0216/0000.png
[1371/2953] sample 0: OK 31.6s -> /home/hm/Projects/Tests/2026-09-02/image-generation/realvisxl_full/t2i_compbench/complex/complex_0217/0000.png
[1372/2953] sample 0: OK 31.6s -> /home/hm/Projects/Tests/2026-09-02/image-generation/realvisxl_full/t2i_compbench/complex/complex_0218/0000.png
[1373/2953] sample 0: OK 31.6s -> /home/hm/Projects/Tests/2026-09-02/image-generation/realvisxl_full/t2i_compbench/complex/complex_0219/0000.png
[1374/2953] sample 0: OK 31.6s -> /home/hm/Projects/Tests/2026-09-02/image-generation/realvisxl_full/t2i_compbench/complex/complex_0220/0000.png
[1375/2953] sample 0: OK 31.6s -> /home/hm/Projects/Tests/2026-09-02/image-generation/realvisxl_full/t2i_compbench/complex/complex_0221/0000.png
[1376/2953] sample 0: OK 31.6s -> /home/hm/Projects/Tests/2026-09-02/image-generation/realvisxl_full/t2i_compbench/complex/complex_0222/0000.png
[1377/2953] sample 0: OK 31.6s -> /home/hm/Projects/Tests/2026-09-02/image-generation/realvisxl_full/t2i_compbench/complex/complex_0223/0000.png
[1378/2953] sample 0: OK 31.6s -> /home/hm/Projects/Tests/2026-09-02/image-generation/realvisxl_full/t2i_compbench/complex/complex_0224/0000.png
[1379/2953] sample 0: OK 31.6s -> /home/hm/Projects/Tests/2026-09-02/image-generation/realvisxl_full/t2i_compbench/complex/complex_0225/0000.png
[1380/2953] sample 0: OK 31.6s -> /home/hm/Projects/Tests/2026-09-02/image-generation/realvisxl_full/t2i_compbench/complex/complex_0226/0000.png
[1381/2953] sample 0: OK 31.6s -> /home/hm/Projects/Tests/2026-09-02/image-generation/realvisxl_full/t2i_compbench/complex/complex_0227/0000.png
[1382/2953] sample 0: OK 31.6s -> /home/hm/Projects/Tests/2026-09-02/image-generation/realvisxl_full/t2i_compbench/complex/complex_0228/0000.png
[1383/2953] sample 0: OK 31.6s -> /home/hm/Projects/Tests/2026-09-02/image-generation/realvisxl_full/t2i_compbench/complex/complex_0229/0000.png
[1384/2953] sample 0: OK 31.6s -> /home/hm/Projects/Tests/2026-09-02/image-generation/realvisxl_full/t2i_compbench/complex/complex_0230/0000.png
[1385/2953] sample 0: OK 31.6s -> /home/hm/Projects/Tests/2026-09-02/image-generation/realvisxl_full/t2i_compbench/complex/complex_0231/0000.png
[1386/2953] sample 0: OK 31.6s -> /home/hm/Projects/Tests/2026-09-02/image-generation/realvisxl_full/t2i_compbench/complex/complex_0232/0000.png
[1387/2953] sample 0: OK 31.6s -> /home/hm/Projects/Tests/2026-09-02/image-generation/realvisxl_full/t2i_compbench/complex/complex_0233/0000.png
[1388/2953] sample 0: OK 31.6s -> /home/hm/Projects/Tests/2026-09-02/image-generation/realvisxl_full/t2i_compbench/complex/complex_0234/0000.png
[1389/2953] sample 0: OK 31.6s -> /home/hm/Projects/Tests/2026-09-02/image-generation/realvisxl_full/t2i_compbench/complex/complex_0235/0000.png
[1390/2953] sample 0: OK 31.6s -> /home/hm/Projects/Tests/2026-09-02/image-generation/realvisxl_full/t2i_compbench/complex/complex_0236/0000.png
[1391/2953] sample 0: OK 31.6s -> /home/hm/Projects/Tests/2026-09-02/image-generation/realvisxl_full/t2i_compbench/complex/complex_0237/0000.png
[1392/2953] sample 0: OK 31.6s -> /home/hm/Projects/Tests/2026-09-02/image-generation/realvisxl_full/t2i_compbench/complex/complex_0238/0000.png
[1393/2953] sample 0: OK 31.6s -> /home/hm/Projects/Tests/2026-09-02/image-generation/realvisxl_full/t2i_compbench/complex/complex_0239/0000.png
[1394/2953] sample 0: OK 31.6s -> /home/hm/Projects/Tests/2026-09-02/image-generation/realvisxl_full/t2i_compbench/complex/complex_0240/0000.png
[1395/2953] sample 0: OK 31.6s -> /home/hm/Projects/Tests/2026-09-02/image-generation/realvisxl_full/t2i_compbench/complex/complex_0241/0000.png
[1396/2953] sample 0: OK 31.6s -> /home/hm/Projects/Tests/2026-09-02/image-generation/realvisxl_full/t2i_compbench/complex/complex_0242/0000.png
[1397/2953] sample 0: OK 31.6s -> /home/hm/Projects/Tests/2026-09-02/image-generation/realvisxl_full/t2i_compbench/complex/complex_0243/0000.png
[1398/2953] sample 0: OK 31.6s -> /home/hm/Projects/Tests/2026-09-02/image-generation/realvisxl_full/t2i_compbench/complex/complex_0244/0000.png
[1399/2953] sample 0: OK 31.6s -> /home/hm/Projects/Tests/2026-09-02/image-generation/realvisxl_full/t2i_compbench/complex/complex_0245/0000.png
[1400/2953] sample 0: OK 31.6s -> /home/hm/Projects/Tests/2026-09-02/image-generation/realvisxl_full/t2i_compbench/complex/complex_0246/0000.png
[1401/2953] sample 0: OK 31.6s -> /home/hm/Projects/Tests/2026-09-02/image-generation/realvisxl_full/t2i_compbench/complex/complex_0247/0000.png
[1402/2953] sample 0: OK 31.6s -> /home/hm/Projects/Tests/2026-09-02/image-generation/realvisxl_full/t2i_compbench/complex/complex_0248/0000.png
[1403/2953] sample 0: OK 31.6s -> /home/hm/Projects/Tests/2026-09-02/image-generation/realvisxl_full/t2i_compbench/complex/complex_0249/0000.png
[1404/2953] sample 0: OK 31.6s -> /home/hm/Projects/Tests/2026-09-02/image-generation/realvisxl_full/t2i_compbench/complex/complex_0250/0000.png
[1405/2953] sample 0: OK 31.6s -> /home/hm/Projects/Tests/2026-09-02/image-generation/realvisxl_full/t2i_compbench/complex/complex_0251/0000.png
[1406/2953] sample 0: OK 31.6s -> /home/hm/Projects/Tests/2026-09-02/image-generation/realvisxl_full/t2i_compbench/complex/complex_0252/0000.png
[1407/2953] sample 0: OK 31.6s -> /home/hm/Projects/Tests/2026-09-02/image-generation/realvisxl_full/t2i_compbench/complex/complex_0253/0000.png
[1408/2953] sample 0: OK 31.6s -> /home/hm/Projects/Tests/2026-09-02/image-generation/realvisxl_full/t2i_compbench/complex/complex_0254/0000.png
[1409/2953] sample 0: OK 31.6s -> /home/hm/Projects/Tests/2026-09-02/image-generation/realvisxl_full/t2i_compbench/complex/complex_0255/0000.png
[1410/2953] sample 0: OK 31.6s -> /home/hm/Projects/Tests/2026-09-02/image-generation/realvisxl_full/t2i_compbench/complex/complex_0256/0000.png
[1411/2953] sample 0: OK 31.6s -> /home/hm/Projects/Tests/2026-09-02/image-generation/realvisxl_full/t2i_compbench/complex/complex_0257/0000.png
[1412/2953] sample 0: OK 31.6s -> /home/hm/Projects/Tests/2026-09-02/image-generation/realvisxl_full/t2i_compbench/complex/complex_0258/0000.png
[1413/2953] sample 0: OK 31.6s -> /home/hm/Projects/Tests/2026-09-02/image-generation/realvisxl_full/t2i_compbench/complex/complex_0259/0000.png
[1414/2953] sample 0: OK 31.6s -> /home/hm/Projects/Tests/2026-09-02/image-generation/realvisxl_full/t2i_compbench/complex/complex_0260/0000.png
[1415/2953] sample 0: OK 31.6s -> /home/hm/Projects/Tests/2026-09-02/image-generation/realvisxl_full/t2i_compbench/complex/complex_0261/0000.png
[1416/2953] sample 0: OK 31.6s -> /home/hm/Projects/Tests/2026-09-02/image-generation/realvisxl_full/t2i_compbench/complex/complex_0262/0000.png
[1417/2953] sample 0: OK 31.6s -> /home/hm/Projects/Tests/2026-09-02/image-generation/realvisxl_full/t2i_compbench/complex/complex_0263/0000.png
[1418/2953] sample 0: OK 31.6s -> /home/hm/Projects/Tests/2026-09-02/image-generation/realvisxl_full/t2i_compbench/complex/complex_0264/0000.png
[1419/2953] sample 0: OK 31.6s -> /home/hm/Projects/Tests/2026-09-02/image-generation/realvisxl_full/t2i_compbench/complex/complex_0265/0000.png
[1420/2953] sample 0: OK 31.6s -> /home/hm/Projects/Tests/2026-09-02/image-generation/realvisxl_full/t2i_compbench/complex/complex_0266/0000.png
[1421/2953] sample 0: OK 31.6s -> /home/hm/Projects/Tests/2026-09-02/image-generation/realvisxl_full/t2i_compbench/complex/complex_0267/0000.png
[1422/2953] sample 0: OK 31.6s -> /home/hm/Projects/Tests/2026-09-02/image-generation/realvisxl_full/t2i_compbench/complex/complex_0268/0000.png
[1423/2953] sample 0: OK 31.6s -> /home/hm/Projects/Tests/2026-09-02/image-generation/realvisxl_full/t2i_compbench/complex/complex_0269/0000.png
[1424/2953] sample 0: OK 31.6s -> /home/hm/Projects/Tests/2026-09-02/image-generation/realvisxl_full/t2i_compbench/complex/complex_0270/0000.png
[1425/2953] sample 0: OK 31.6s -> /home/hm/Projects/Tests/2026-09-02/image-generation/realvisxl_full/t2i_compbench/complex/complex_0271/0000.png
[1426/2953] sample 0: OK 31.6s -> /home/hm/Projects/Tests/2026-09-02/image-generation/realvisxl_full/t2i_compbench/complex/complex_0272/0000.png
[1427/2953] sample 0: OK 31.6s -> /home/hm/Projects/Tests/2026-09-02/image-generation/realvisxl_full/t2i_compbench/complex/complex_0273/0000.png
[1428/2953] sample 0: OK 31.6s -> /home/hm/Projects/Tests/2026-09-02/image-generation/realvisxl_full/t2i_compbench/complex/complex_0274/0000.png
[1429/2953] sample 0: OK 31.6s -> /home/hm/Projects/Tests/2026-09-02/image-generation/realvisxl_full/t2i_compbench/complex/complex_0275/0000.png
[1430/2953] sample 0: OK 31.6s -> /home/hm/Projects/Tests/2026-09-02/image-generation/realvisxl_full/t2i_compbench/complex/complex_0276/0000.png
[1431/2953] sample 0: OK 31.6s -> /home/hm/Projects/Tests/2026-09-02/image-generation/realvisxl_full/t2i_compbench/complex/complex_0277/0000.png
[1432/2953] sample 0: OK 31.6s -> /home/hm/Projects/Tests/2026-09-02/image-generation/realvisxl_full/t2i_compbench/complex/complex_0278/0000.png
[1433/2953] sample 0: OK 31.6s -> /home/hm/Projects/Tests/2026-09-02/image-generation/realvisxl_full/t2i_compbench/complex/complex_0279/0000.png
[1434/2953] sample 0: OK 31.6s -> /home/hm/Projects/Tests/2026-09-02/image-generation/realvisxl_full/t2i_compbench/complex/complex_0280/0000.png
[1435/2953] sample 0: OK 31.6s -> /home/hm/Projects/Tests/2026-09-02/image-generation/realvisxl_full/t2i_compbench/complex/complex_0281/0000.png
[1436/2953] sample 0: OK 31.6s -> /home/hm/Projects/Tests/2026-09-02/image-generation/realvisxl_full/t2i_compbench/complex/complex_0282/0000.png
[1437/2953] sample 0: OK 31.6s -> /home/hm/Projects/Tests/2026-09-02/image-generation/realvisxl_full/t2i_compbench/complex/complex_0283/0000.png
[1438/2953] sample 0: OK 31.6s -> /home/hm/Projects/Tests/2026-09-02/image-generation/realvisxl_full/t2i_compbench/complex/complex_0284/0000.png
[1439/2953] sample 0: OK 31.6s -> /home/hm/Projects/Tests/2026-09-02/image-generation/realvisxl_full/t2i_compbench/complex/complex_0285/0000.png
[1440/2953] sample 0: OK 31.6s -> /home/hm/Projects/Tests/2026-09-02/image-generation/realvisxl_full/t2i_compbench/complex/complex_0286/0000.png
[1441/2953] sample 0: OK 31.6s -> /home/hm/Projects/Tests/2026-09-02/image-generation/realvisxl_full/t2i_compbench/complex/complex_0287/0000.png
[1442/2953] sample 0: OK 31.6s -> /home/hm/Projects/Tests/2026-09-02/image-generation/realvisxl_full/t2i_compbench/complex/complex_0288/0000.png
[1443/2953] sample 0: OK 31.6s -> /home/hm/Projects/Tests/2026-09-02/image-generation/realvisxl_full/t2i_compbench/complex/complex_0289/0000.png
[1444/2953] sample 0: OK 31.6s -> /home/hm/Projects/Tests/2026-09-02/image-generation/realvisxl_full/t2i_compbench/complex/complex_0290/0000.png
[1445/2953] sample 0: OK 31.6s -> /home/hm/Projects/Tests/2026-09-02/image-generation/realvisxl_full/t2i_compbench/complex/complex_0291/0000.png
[1446/2953] sample 0: OK 31.6s -> /home/hm/Projects/Tests/2026-09-02/image-generation/realvisxl_full/t2i_compbench/complex/complex_0292/0000.png
[1447/2953] sample 0: OK 31.6s -> /home/hm/Projects/Tests/2026-09-02/image-generation/realvisxl_full/t2i_compbench/complex/complex_0293/0000.png
[1448/2953] sample 0: OK 31.6s -> /home/hm/Projects/Tests/2026-09-02/image-generation/realvisxl_full/t2i_compbench/complex/complex_0294/0000.png
[1449/2953] sample 0: OK 31.6s -> /home/hm/Projects/Tests/2026-09-02/image-generation/realvisxl_full/t2i_compbench/complex/complex_0295/0000.png
[1450/2953] sample 0: OK 31.6s -> /home/hm/Projects/Tests/2026-09-02/image-generation/realvisxl_full/t2i_compbench/complex/complex_0296/0000.png
[1451/2953] sample 0: OK 31.6s -> /home/hm/Projects/Tests/2026-09-02/image-generation/realvisxl_full/t2i_compbench/complex/complex_0297/0000.png
[1452/2953] sample 0: OK 31.6s -> /home/hm/Projects/Tests/2026-09-02/image-generation/realvisxl_full/t2i_compbench/complex/complex_0298/0000.png
[1453/2953] sample 0: OK 31.6s -> /home/hm/Projects/Tests/2026-09-02/image-generation/realvisxl_full/t2i_compbench/complex/complex_0299/0000.png
[1454/2953] sample 0: OK 31.6s -> /home/hm/Projects/Tests/2026-09-02/image-generation/realvisxl_full/t2i_compbench/non_spatial/non_spatial_0000/0000.png
[1455/2953] sample 0: OK 31.6s -> /home/hm/Projects/Tests/2026-09-02/image-generation/realvisxl_full/t2i_compbench/non_spatial/non_spatial_0001/0000.png
[1456/2953] sample 0: OK 31.6s -> /home/hm/Projects/Tests/2026-09-02/image-generation/realvisxl_full/t2i_compbench/non_spatial/non_spatial_0002/0000.png
[1457/2953] sample 0: OK 31.6s -> /home/hm/Projects/Tests/2026-09-02/image-generation/realvisxl_full/t2i_compbench/non_spatial/non_spatial_0003/0000.png
[1458/2953] sample 0: OK 31.6s -> /home/hm/Projects/Tests/2026-09-02/image-generation/realvisxl_full/t2i_compbench/non_spatial/non_spatial_0004/0000.png
[1459/2953] sample 0: OK 31.6s -> /home/hm/Projects/Tests/2026-09-02/image-generation/realvisxl_full/t2i_compbench/non_spatial/non_spatial_0005/0000.png
[1460/2953] sample 0: OK 31.6s -> /home/hm/Projects/Tests/2026-09-02/image-generation/realvisxl_full/t2i_compbench/non_spatial/non_spatial_0006/0000.png
[1461/2953] sample 0: OK 31.6s -> /home/hm/Projects/Tests/2026-09-02/image-generation/realvisxl_full/t2i_compbench/non_spatial/non_spatial_0007/0000.png
[1462/2953] sample 0: OK 31.6s -> /home/hm/Projects/Tests/2026-09-02/image-generation/realvisxl_full/t2i_compbench/non_spatial/non_spatial_0008/0000.png
[1463/2953] sample 0: OK 31.6s -> /home/hm/Projects/Tests/2026-09-02/image-generation/realvisxl_full/t2i_compbench/non_spatial/non_spatial_0009/0000.png
[1464/2953] sample 0: OK 31.6s -> /home/hm/Projects/Tests/2026-09-02/image-generation/realvisxl_full/t2i_compbench/non_spatial/non_spatial_0010/0000.png
[1465/2953] sample 0: OK 31.6s -> /home/hm/Projects/Tests/2026-09-02/image-generation/realvisxl_full/t2i_compbench/non_spatial/non_spatial_0011/0000.png
[1466/2953] sample 0: OK 31.6s -> /home/hm/Projects/Tests/2026-09-02/image-generation/realvisxl_full/t2i_compbench/non_spatial/non_spatial_0012/0000.png
[1467/2953] sample 0: OK 31.6s -> /home/hm/Projects/Tests/2026-09-02/image-generation/realvisxl_full/t2i_compbench/non_spatial/non_spatial_0013/0000.png
[1468/2953] sample 0: OK 31.6s -> /home/hm/Projects/Tests/2026-09-02/image-generation/realvisxl_full/t2i_compbench/non_spatial/non_spatial_0014/0000.png
[1469/2953] sample 0: OK 31.6s -> /home/hm/Projects/Tests/2026-09-02/image-generation/realvisxl_full/t2i_compbench/non_spatial/non_spatial_0015/0000.png
[1470/2953] sample 0: OK 31.6s -> /home/hm/Projects/Tests/2026-09-02/image-generation/realvisxl_full/t2i_compbench/non_spatial/non_spatial_0016/0000.png
[1471/2953] sample 0: OK 31.6s -> /home/hm/Projects/Tests/2026-09-02/image-generation/realvisxl_full/t2i_compbench/non_spatial/non_spatial_0017/0000.png
[1472/2953] sample 0: OK 31.6s -> /home/hm/Projects/Tests/2026-09-02/image-generation/realvisxl_full/t2i_compbench/non_spatial/non_spatial_0018/0000.png
[1473/2953] sample 0: OK 31.6s -> /home/hm/Projects/Tests/2026-09-02/image-generation/realvisxl_full/t2i_compbench/non_spatial/non_spatial_0019/0000.png
[1474/2953] sample 0: OK 31.6s -> /home/hm/Projects/Tests/2026-09-02/image-generation/realvisxl_full/t2i_compbench/non_spatial/non_spatial_0020/0000.png
[1475/2953] sample 0: OK 31.6s -> /home/hm/Projects/Tests/2026-09-02/image-generation/realvisxl_full/t2i_compbench/non_spatial/non_spatial_0021/0000.png
[1476/2953] sample 0: OK 31.6s -> /home/hm/Projects/Tests/2026-09-02/image-generation/realvisxl_full/t2i_compbench/non_spatial/non_spatial_0022/0000.png
[1477/2953] sample 0: OK 31.6s -> /home/hm/Projects/Tests/2026-09-02/image-generation/realvisxl_full/t2i_compbench/non_spatial/non_spatial_0023/0000.png
[1478/2953] sample 0: OK 31.6s -> /home/hm/Projects/Tests/2026-09-02/image-generation/realvisxl_full/t2i_compbench/non_spatial/non_spatial_0024/0000.png
[1479/2953] sample 0: OK 31.6s -> /home/hm/Projects/Tests/2026-09-02/image-generation/realvisxl_full/t2i_compbench/non_spatial/non_spatial_0025/0000.png
[1480/2953] sample 0: OK 31.6s -> /home/hm/Projects/Tests/2026-09-02/image-generation/realvisxl_full/t2i_compbench/non_spatial/non_spatial_0026/0000.png
[1481/2953] sample 0: OK 31.6s -> /home/hm/Projects/Tests/2026-09-02/image-generation/realvisxl_full/t2i_compbench/non_spatial/non_spatial_0027/0000.png
[1482/2953] sample 0: OK 31.6s -> /home/hm/Projects/Tests/2026-09-02/image-generation/realvisxl_full/t2i_compbench/non_spatial/non_spatial_0028/0000.png
[1483/2953] sample 0: OK 31.6s -> /home/hm/Projects/Tests/2026-09-02/image-generation/realvisxl_full/t2i_compbench/non_spatial/non_spatial_0029/0000.png
[1484/2953] sample 0: OK 31.6s -> /home/hm/Projects/Tests/2026-09-02/image-generation/realvisxl_full/t2i_compbench/non_spatial/non_spatial_0030/0000.png
[1485/2953] sample 0: OK 31.6s -> /home/hm/Projects/Tests/2026-09-02/image-generation/realvisxl_full/t2i_compbench/non_spatial/non_spatial_0031/0000.png
[1486/2953] sample 0: OK 31.6s -> /home/hm/Projects/Tests/2026-09-02/image-generation/realvisxl_full/t2i_compbench/non_spatial/non_spatial_0032/0000.png
[1487/2953] sample 0: OK 31.6s -> /home/hm/Projects/Tests/2026-09-02/image-generation/realvisxl_full/t2i_compbench/non_spatial/non_spatial_0033/0000.png
[1488/2953] sample 0: OK 31.6s -> /home/hm/Projects/Tests/2026-09-02/image-generation/realvisxl_full/t2i_compbench/non_spatial/non_spatial_0034/0000.png
[1489/2953] sample 0: OK 31.6s -> /home/hm/Projects/Tests/2026-09-02/image-generation/realvisxl_full/t2i_compbench/non_spatial/non_spatial_0035/0000.png
[1490/2953] sample 0: OK 31.6s -> /home/hm/Projects/Tests/2026-09-02/image-generation/realvisxl_full/t2i_compbench/non_spatial/non_spatial_0036/0000.png
[1491/2953] sample 0: OK 31.6s -> /home/hm/Projects/Tests/2026-09-02/image-generation/realvisxl_full/t2i_compbench/non_spatial/non_spatial_0037/0000.png
[1492/2953] sample 0: OK 31.6s -> /home/hm/Projects/Tests/2026-09-02/image-generation/realvisxl_full/t2i_compbench/non_spatial/non_spatial_0038/0000.png
[1493/2953] sample 0: OK 31.6s -> /home/hm/Projects/Tests/2026-09-02/image-generation/realvisxl_full/t2i_compbench/non_spatial/non_spatial_0039/0000.png
[1494/2953] sample 0: OK 31.6s -> /home/hm/Projects/Tests/2026-09-02/image-generation/realvisxl_full/t2i_compbench/non_spatial/non_spatial_0040/0000.png
[1495/2953] sample 0: OK 31.6s -> /home/hm/Projects/Tests/2026-09-02/image-generation/realvisxl_full/t2i_compbench/non_spatial/non_spatial_0041/0000.png
[1496/2953] sample 0: OK 31.6s -> /home/hm/Projects/Tests/2026-09-02/image-generation/realvisxl_full/t2i_compbench/non_spatial/non_spatial_0042/0000.png
[1497/2953] sample 0: OK 31.6s -> /home/hm/Projects/Tests/2026-09-02/image-generation/realvisxl_full/t2i_compbench/non_spatial/non_spatial_0043/0000.png
[1498/2953] sample 0: OK 31.6s -> /home/hm/Projects/Tests/2026-09-02/image-generation/realvisxl_full/t2i_compbench/non_spatial/non_spatial_0044/0000.png
[1499/2953] sample 0: OK 31.6s -> /home/hm/Projects/Tests/2026-09-02/image-generation/realvisxl_full/t2i_compbench/non_spatial/non_spatial_0045/0000.png
[1500/2953] sample 0: OK 31.6s -> /home/hm/Projects/Tests/2026-09-02/image-generation/realvisxl_full/t2i_compbench/non_spatial/non_spatial_0046/0000.png
[1501/2953] sample 0: OK 31.6s -> /home/hm/Projects/Tests/2026-09-02/image-generation/realvisxl_full/t2i_compbench/non_spatial/non_spatial_0047/0000.png
[1502/2953] sample 0: OK 31.6s -> /home/hm/Projects/Tests/2026-09-02/image-generation/realvisxl_full/t2i_compbench/non_spatial/non_spatial_0048/0000.png
[1503/2953] sample 0: OK 31.6s -> /home/hm/Projects/Tests/2026-09-02/image-generation/realvisxl_full/t2i_compbench/non_spatial/non_spatial_0049/0000.png
[1504/2953] sample 0: OK 31.6s -> /home/hm/Projects/Tests/2026-09-02/image-generation/realvisxl_full/t2i_compbench/non_spatial/non_spatial_0050/0000.png
[1505/2953] sample 0: OK 31.6s -> /home/hm/Projects/Tests/2026-09-02/image-generation/realvisxl_full/t2i_compbench/non_spatial/non_spatial_0051/0000.png
[1506/2953] sample 0: OK 31.6s -> /home/hm/Projects/Tests/2026-09-02/image-generation/realvisxl_full/t2i_compbench/non_spatial/non_spatial_0052/0000.png
[1507/2953] sample 0: OK 31.6s -> /home/hm/Projects/Tests/2026-09-02/image-generation/realvisxl_full/t2i_compbench/non_spatial/non_spatial_0053/0000.png
[1508/2953] sample 0: OK 31.6s -> /home/hm/Projects/Tests/2026-09-02/image-generation/realvisxl_full/t2i_compbench/non_spatial/non_spatial_0054/0000.png
[1509/2953] sample 0: OK 31.6s -> /home/hm/Projects/Tests/2026-09-02/image-generation/realvisxl_full/t2i_compbench/non_spatial/non_spatial_0055/0000.png
[1510/2953] sample 0: OK 31.6s -> /home/hm/Projects/Tests/2026-09-02/image-generation/realvisxl_full/t2i_compbench/non_spatial/non_spatial_0056/0000.png
[1511/2953] sample 0: OK 31.6s -> /home/hm/Projects/Tests/2026-09-02/image-generation/realvisxl_full/t2i_compbench/non_spatial/non_spatial_0057/0000.png
[1512/2953] sample 0: OK 31.6s -> /home/hm/Projects/Tests/2026-09-02/image-generation/realvisxl_full/t2i_compbench/non_spatial/non_spatial_0058/0000.png
[1513/2953] sample 0: OK 31.6s -> /home/hm/Projects/Tests/2026-09-02/image-generation/realvisxl_full/t2i_compbench/non_spatial/non_spatial_0059/0000.png
[1514/2953] sample 0: OK 31.6s -> /home/hm/Projects/Tests/2026-09-02/image-generation/realvisxl_full/t2i_compbench/non_spatial/non_spatial_0060/0000.png
[1515/2953] sample 0: OK 31.6s -> /home/hm/Projects/Tests/2026-09-02/image-generation/realvisxl_full/t2i_compbench/non_spatial/non_spatial_0061/0000.png
[1516/2953] sample 0: OK 31.6s -> /home/hm/Projects/Tests/2026-09-02/image-generation/realvisxl_full/t2i_compbench/non_spatial/non_spatial_0062/0000.png
[1517/2953] sample 0: OK 31.6s -> /home/hm/Projects/Tests/2026-09-02/image-generation/realvisxl_full/t2i_compbench/non_spatial/non_spatial_0063/0000.png
[1518/2953] sample 0: OK 31.6s -> /home/hm/Projects/Tests/2026-09-02/image-generation/realvisxl_full/t2i_compbench/non_spatial/non_spatial_0064/0000.png
[1519/2953] sample 0: OK 31.6s -> /home/hm/Projects/Tests/2026-09-02/image-generation/realvisxl_full/t2i_compbench/non_spatial/non_spatial_0065/0000.png
[1520/2953] sample 0: OK 31.6s -> /home/hm/Projects/Tests/2026-09-02/image-generation/realvisxl_full/t2i_compbench/non_spatial/non_spatial_0066/0000.png
[1521/2953] sample 0: OK 31.6s -> /home/hm/Projects/Tests/2026-09-02/image-generation/realvisxl_full/t2i_compbench/non_spatial/non_spatial_0067/0000.png
[1522/2953] sample 0: OK 31.6s -> /home/hm/Projects/Tests/2026-09-02/image-generation/realvisxl_full/t2i_compbench/non_spatial/non_spatial_0068/0000.png
[1523/2953] sample 0: OK 31.6s -> /home/hm/Projects/Tests/2026-09-02/image-generation/realvisxl_full/t2i_compbench/non_spatial/non_spatial_0069/0000.png
[1524/2953] sample 0: OK 31.6s -> /home/hm/Projects/Tests/2026-09-02/image-generation/realvisxl_full/t2i_compbench/non_spatial/non_spatial_0070/0000.png
[1525/2953] sample 0: OK 31.6s -> /home/hm/Projects/Tests/2026-09-02/image-generation/realvisxl_full/t2i_compbench/non_spatial/non_spatial_0071/0000.png
[1526/2953] sample 0: OK 31.6s -> /home/hm/Projects/Tests/2026-09-02/image-generation/realvisxl_full/t2i_compbench/non_spatial/non_spatial_0072/0000.png
[1527/2953] sample 0: OK 31.6s -> /home/hm/Projects/Tests/2026-09-02/image-generation/realvisxl_full/t2i_compbench/non_spatial/non_spatial_0073/0000.png
[1528/2953] sample 0: OK 31.6s -> /home/hm/Projects/Tests/2026-09-02/image-generation/realvisxl_full/t2i_compbench/non_spatial/non_spatial_0074/0000.png
[1529/2953] sample 0: OK 31.6s -> /home/hm/Projects/Tests/2026-09-02/image-generation/realvisxl_full/t2i_compbench/non_spatial/non_spatial_0075/0000.png
[1530/2953] sample 0: OK 31.6s -> /home/hm/Projects/Tests/2026-09-02/image-generation/realvisxl_full/t2i_compbench/non_spatial/non_spatial_0076/0000.png
[1531/2953] sample 0: OK 31.6s -> /home/hm/Projects/Tests/2026-09-02/image-generation/realvisxl_full/t2i_compbench/non_spatial/non_spatial_0077/0000.png
[1532/2953] sample 0: OK 31.6s -> /home/hm/Projects/Tests/2026-09-02/image-generation/realvisxl_full/t2i_compbench/non_spatial/non_spatial_0078/0000.png
[1533/2953] sample 0: OK 31.6s -> /home/hm/Projects/Tests/2026-09-02/image-generation/realvisxl_full/t2i_compbench/non_spatial/non_spatial_0079/0000.png
[1534/2953] sample 0: OK 31.6s -> /home/hm/Projects/Tests/2026-09-02/image-generation/realvisxl_full/t2i_compbench/non_spatial/non_spatial_0080/0000.png
[1535/2953] sample 0: OK 31.6s -> /home/hm/Projects/Tests/2026-09-02/image-generation/realvisxl_full/t2i_compbench/non_spatial/non_spatial_0081/0000.png
[1536/2953] sample 0: OK 31.6s -> /home/hm/Projects/Tests/2026-09-02/image-generation/realvisxl_full/t2i_compbench/non_spatial/non_spatial_0082/0000.png
[1537/2953] sample 0: OK 31.6s -> /home/hm/Projects/Tests/2026-09-02/image-generation/realvisxl_full/t2i_compbench/non_spatial/non_spatial_0083/0000.png
[1538/2953] sample 0: OK 31.6s -> /home/hm/Projects/Tests/2026-09-02/image-generation/realvisxl_full/t2i_compbench/non_spatial/non_spatial_0084/0000.png
[1539/2953] sample 0: OK 31.6s -> /home/hm/Projects/Tests/2026-09-02/image-generation/realvisxl_full/t2i_compbench/non_spatial/non_spatial_0085/0000.png
[1540/2953] sample 0: OK 31.6s -> /home/hm/Projects/Tests/2026-09-02/image-generation/realvisxl_full/t2i_compbench/non_spatial/non_spatial_0086/0000.png
[1541/2953] sample 0: OK 31.6s -> /home/hm/Projects/Tests/2026-09-02/image-generation/realvisxl_full/t2i_compbench/non_spatial/non_spatial_0087/0000.png
[1542/2953] sample 0: OK 31.6s -> /home/hm/Projects/Tests/2026-09-02/image-generation/realvisxl_full/t2i_compbench/non_spatial/non_spatial_0088/0000.png
[1543/2953] sample 0: OK 31.6s -> /home/hm/Projects/Tests/2026-09-02/image-generation/realvisxl_full/t2i_compbench/non_spatial/non_spatial_0089/0000.png
[1544/2953] sample 0: OK 31.6s -> /home/hm/Projects/Tests/2026-09-02/image-generation/realvisxl_full/t2i_compbench/non_spatial/non_spatial_0090/0000.png
[1545/2953] sample 0: OK 31.6s -> /home/hm/Projects/Tests/2026-09-02/image-generation/realvisxl_full/t2i_compbench/non_spatial/non_spatial_0091/0000.png
[1546/2953] sample 0: OK 31.6s -> /home/hm/Projects/Tests/2026-09-02/image-generation/realvisxl_full/t2i_compbench/non_spatial/non_spatial_0092/0000.png
[1547/2953] sample 0: OK 31.6s -> /home/hm/Projects/Tests/2026-09-02/image-generation/realvisxl_full/t2i_compbench/non_spatial/non_spatial_0093/0000.png
[1548/2953] sample 0: OK 31.6s -> /home/hm/Projects/Tests/2026-09-02/image-generation/realvisxl_full/t2i_compbench/non_spatial/non_spatial_0094/0000.png
[1549/2953] sample 0: OK 31.6s -> /home/hm/Projects/Tests/2026-09-02/image-generation/realvisxl_full/t2i_compbench/non_spatial/non_spatial_0095/0000.png
[1550/2953] sample 0: OK 31.6s -> /home/hm/Projects/Tests/2026-09-02/image-generation/realvisxl_full/t2i_compbench/non_spatial/non_spatial_0096/0000.png
[1551/2953] sample 0: OK 31.6s -> /home/hm/Projects/Tests/2026-09-02/image-generation/realvisxl_full/t2i_compbench/non_spatial/non_spatial_0097/0000.png
[1552/2953] sample 0: OK 31.6s -> /home/hm/Projects/Tests/2026-09-02/image-generation/realvisxl_full/t2i_compbench/non_spatial/non_spatial_0098/0000.png
[1553/2953] sample 0: OK 31.6s -> /home/hm/Projects/Tests/2026-09-02/image-generation/realvisxl_full/t2i_compbench/non_spatial/non_spatial_0099/0000.png
[1554/2953] sample 0: OK 31.6s -> /home/hm/Projects/Tests/2026-09-02/image-generation/realvisxl_full/t2i_compbench/non_spatial/non_spatial_0100/0000.png
[1555/2953] sample 0: OK 31.6s -> /home/hm/Projects/Tests/2026-09-02/image-generation/realvisxl_full/t2i_compbench/non_spatial/non_spatial_0101/0000.png
[1556/2953] sample 0: OK 31.6s -> /home/hm/Projects/Tests/2026-09-02/image-generation/realvisxl_full/t2i_compbench/non_spatial/non_spatial_0102/0000.png
[1557/2953] sample 0: OK 31.6s -> /home/hm/Projects/Tests/2026-09-02/image-generation/realvisxl_full/t2i_compbench/non_spatial/non_spatial_0103/0000.png
[1558/2953] sample 0: OK 31.6s -> /home/hm/Projects/Tests/2026-09-02/image-generation/realvisxl_full/t2i_compbench/non_spatial/non_spatial_0104/0000.png
[1559/2953] sample 0: OK 31.6s -> /home/hm/Projects/Tests/2026-09-02/image-generation/realvisxl_full/t2i_compbench/non_spatial/non_spatial_0105/0000.png
[1560/2953] sample 0: OK 31.6s -> /home/hm/Projects/Tests/2026-09-02/image-generation/realvisxl_full/t2i_compbench/non_spatial/non_spatial_0106/0000.png
[1561/2953] sample 0: OK 31.6s -> /home/hm/Projects/Tests/2026-09-02/image-generation/realvisxl_full/t2i_compbench/non_spatial/non_spatial_0107/0000.png
[1562/2953] sample 0: OK 31.6s -> /home/hm/Projects/Tests/2026-09-02/image-generation/realvisxl_full/t2i_compbench/non_spatial/non_spatial_0108/0000.png
[1563/2953] sample 0: OK 31.6s -> /home/hm/Projects/Tests/2026-09-02/image-generation/realvisxl_full/t2i_compbench/non_spatial/non_spatial_0109/0000.png
[1564/2953] sample 0: OK 31.6s -> /home/hm/Projects/Tests/2026-09-02/image-generation/realvisxl_full/t2i_compbench/non_spatial/non_spatial_0110/0000.png
[1565/2953] sample 0: OK 31.6s -> /home/hm/Projects/Tests/2026-09-02/image-generation/realvisxl_full/t2i_compbench/non_spatial/non_spatial_0111/0000.png
[1566/2953] sample 0: OK 31.6s -> /home/hm/Projects/Tests/2026-09-02/image-generation/realvisxl_full/t2i_compbench/non_spatial/non_spatial_0112/0000.png
[1567/2953] sample 0: OK 31.6s -> /home/hm/Projects/Tests/2026-09-02/image-generation/realvisxl_full/t2i_compbench/non_spatial/non_spatial_0113/0000.png
[1568/2953] sample 0: OK 31.6s -> /home/hm/Projects/Tests/2026-09-02/image-generation/realvisxl_full/t2i_compbench/non_spatial/non_spatial_0114/0000.png
[1569/2953] sample 0: OK 31.6s -> /home/hm/Projects/Tests/2026-09-02/image-generation/realvisxl_full/t2i_compbench/non_spatial/non_spatial_0115/0000.png
[1570/2953] sample 0: OK 31.6s -> /home/hm/Projects/Tests/2026-09-02/image-generation/realvisxl_full/t2i_compbench/non_spatial/non_spatial_0116/0000.png
[1571/2953] sample 0: OK 31.6s -> /home/hm/Projects/Tests/2026-09-02/image-generation/realvisxl_full/t2i_compbench/non_spatial/non_spatial_0117/0000.png
[1572/2953] sample 0: OK 31.6s -> /home/hm/Projects/Tests/2026-09-02/image-generation/realvisxl_full/t2i_compbench/non_spatial/non_spatial_0118/0000.png
[1573/2953] sample 0: OK 31.6s -> /home/hm/Projects/Tests/2026-09-02/image-generation/realvisxl_full/t2i_compbench/non_spatial/non_spatial_0119/0000.png
[1574/2953] sample 0: OK 31.6s -> /home/hm/Projects/Tests/2026-09-02/image-generation/realvisxl_full/t2i_compbench/non_spatial/non_spatial_0120/0000.png
[1575/2953] sample 0: OK 31.6s -> /home/hm/Projects/Tests/2026-09-02/image-generation/realvisxl_full/t2i_compbench/non_spatial/non_spatial_0121/0000.png
[1576/2953] sample 0: OK 31.6s -> /home/hm/Projects/Tests/2026-09-02/image-generation/realvisxl_full/t2i_compbench/non_spatial/non_spatial_0122/0000.png
[1577/2953] sample 0: OK 31.6s -> /home/hm/Projects/Tests/2026-09-02/image-generation/realvisxl_full/t2i_compbench/non_spatial/non_spatial_0123/0000.png
[1578/2953] sample 0: OK 31.6s -> /home/hm/Projects/Tests/2026-09-02/image-generation/realvisxl_full/t2i_compbench/non_spatial/non_spatial_0124/0000.png
[1579/2953] sample 0: OK 31.6s -> /home/hm/Projects/Tests/2026-09-02/image-generation/realvisxl_full/t2i_compbench/non_spatial/non_spatial_0125/0000.png
[1580/2953] sample 0: OK 31.6s -> /home/hm/Projects/Tests/2026-09-02/image-generation/realvisxl_full/t2i_compbench/non_spatial/non_spatial_0126/0000.png
[1581/2953] sample 0: OK 31.6s -> /home/hm/Projects/Tests/2026-09-02/image-generation/realvisxl_full/t2i_compbench/non_spatial/non_spatial_0127/0000.png
[1582/2953] sample 0: OK 31.6s -> /home/hm/Projects/Tests/2026-09-02/image-generation/realvisxl_full/t2i_compbench/non_spatial/non_spatial_0128/0000.png
[1583/2953] sample 0: OK 31.6s -> /home/hm/Projects/Tests/2026-09-02/image-generation/realvisxl_full/t2i_compbench/non_spatial/non_spatial_0129/0000.png
[1584/2953] sample 0: OK 31.6s -> /home/hm/Projects/Tests/2026-09-02/image-generation/realvisxl_full/t2i_compbench/non_spatial/non_spatial_0130/0000.png
[1585/2953] sample 0: OK 31.6s -> /home/hm/Projects/Tests/2026-09-02/image-generation/realvisxl_full/t2i_compbench/non_spatial/non_spatial_0131/0000.png
[1586/2953] sample 0: OK 31.6s -> /home/hm/Projects/Tests/2026-09-02/image-generation/realvisxl_full/t2i_compbench/non_spatial/non_spatial_0132/0000.png
[1587/2953] sample 0: OK 31.6s -> /home/hm/Projects/Tests/2026-09-02/image-generation/realvisxl_full/t2i_compbench/non_spatial/non_spatial_0133/0000.png
[1588/2953] sample 0: OK 31.6s -> /home/hm/Projects/Tests/2026-09-02/image-generation/realvisxl_full/t2i_compbench/non_spatial/non_spatial_0134/0000.png
[1589/2953] sample 0: OK 31.6s -> /home/hm/Projects/Tests/2026-09-02/image-generation/realvisxl_full/t2i_compbench/non_spatial/non_spatial_0135/0000.png
[1590/2953] sample 0: OK 31.6s -> /home/hm/Projects/Tests/2026-09-02/image-generation/realvisxl_full/t2i_compbench/non_spatial/non_spatial_0136/0000.png
[1591/2953] sample 0: OK 31.6s -> /home/hm/Projects/Tests/2026-09-02/image-generation/realvisxl_full/t2i_compbench/non_spatial/non_spatial_0137/0000.png
[1592/2953] sample 0: OK 31.6s -> /home/hm/Projects/Tests/2026-09-02/image-generation/realvisxl_full/t2i_compbench/non_spatial/non_spatial_0138/0000.png
[1593/2953] sample 0: OK 31.6s -> /home/hm/Projects/Tests/2026-09-02/image-generation/realvisxl_full/t2i_compbench/non_spatial/non_spatial_0139/0000.png
[1594/2953] sample 0: OK 31.6s -> /home/hm/Projects/Tests/2026-09-02/image-generation/realvisxl_full/t2i_compbench/non_spatial/non_spatial_0140/0000.png
[1595/2953] sample 0: OK 31.6s -> /home/hm/Projects/Tests/2026-09-02/image-generation/realvisxl_full/t2i_compbench/non_spatial/non_spatial_0141/0000.png
[1596/2953] sample 0: OK 31.6s -> /home/hm/Projects/Tests/2026-09-02/image-generation/realvisxl_full/t2i_compbench/non_spatial/non_spatial_0142/0000.png
[1597/2953] sample 0: OK 31.6s -> /home/hm/Projects/Tests/2026-09-02/image-generation/realvisxl_full/t2i_compbench/non_spatial/non_spatial_0143/0000.png
[1598/2953] sample 0: OK 31.6s -> /home/hm/Projects/Tests/2026-09-02/image-generation/realvisxl_full/t2i_compbench/non_spatial/non_spatial_0144/0000.png
[1599/2953] sample 0: OK 31.6s -> /home/hm/Projects/Tests/2026-09-02/image-generation/realvisxl_full/t2i_compbench/non_spatial/non_spatial_0145/0000.png
[1600/2953] sample 0: OK 31.6s -> /home/hm/Projects/Tests/2026-09-02/image-generation/realvisxl_full/t2i_compbench/non_spatial/non_spatial_0146/0000.png
[1601/2953] sample 0: OK 31.6s -> /home/hm/Projects/Tests/2026-09-02/image-generation/realvisxl_full/t2i_compbench/non_spatial/non_spatial_0147/0000.png
[1602/2953] sample 0: OK 31.6s -> /home/hm/Projects/Tests/2026-09-02/image-generation/realvisxl_full/t2i_compbench/non_spatial/non_spatial_0148/0000.png
[1603/2953] sample 0: OK 31.6s -> /home/hm/Projects/Tests/2026-09-02/image-generation/realvisxl_full/t2i_compbench/non_spatial/non_spatial_0149/0000.png
[1604/2953] sample 0: OK 31.6s -> /home/hm/Projects/Tests/2026-09-02/image-generation/realvisxl_full/t2i_compbench/non_spatial/non_spatial_0150/0000.png
[1605/2953] sample 0: OK 31.6s -> /home/hm/Projects/Tests/2026-09-02/image-generation/realvisxl_full/t2i_compbench/non_spatial/non_spatial_0151/0000.png
[1606/2953] sample 0: OK 31.6s -> /home/hm/Projects/Tests/2026-09-02/image-generation/realvisxl_full/t2i_compbench/non_spatial/non_spatial_0152/0000.png
[1607/2953] sample 0: OK 31.6s -> /home/hm/Projects/Tests/2026-09-02/image-generation/realvisxl_full/t2i_compbench/non_spatial/non_spatial_0153/0000.png
[1608/2953] sample 0: OK 31.6s -> /home/hm/Projects/Tests/2026-09-02/image-generation/realvisxl_full/t2i_compbench/non_spatial/non_spatial_0154/0000.png
[1609/2953] sample 0: OK 31.6s -> /home/hm/Projects/Tests/2026-09-02/image-generation/realvisxl_full/t2i_compbench/non_spatial/non_spatial_0155/0000.png
[1610/2953] sample 0: OK 31.6s -> /home/hm/Projects/Tests/2026-09-02/image-generation/realvisxl_full/t2i_compbench/non_spatial/non_spatial_0156/0000.png
[1611/2953] sample 0: OK 31.6s -> /home/hm/Projects/Tests/2026-09-02/image-generation/realvisxl_full/t2i_compbench/non_spatial/non_spatial_0157/0000.png
[1612/2953] sample 0: OK 31.6s -> /home/hm/Projects/Tests/2026-09-02/image-generation/realvisxl_full/t2i_compbench/non_spatial/non_spatial_0158/0000.png
[1613/2953] sample 0: OK 31.6s -> /home/hm/Projects/Tests/2026-09-02/image-generation/realvisxl_full/t2i_compbench/non_spatial/non_spatial_0159/0000.png
[1614/2953] sample 0: OK 31.6s -> /home/hm/Projects/Tests/2026-09-02/image-generation/realvisxl_full/t2i_compbench/non_spatial/non_spatial_0160/0000.png
[1615/2953] sample 0: OK 31.6s -> /home/hm/Projects/Tests/2026-09-02/image-generation/realvisxl_full/t2i_compbench/non_spatial/non_spatial_0161/0000.png
[1616/2953] sample 0: OK 31.6s -> /home/hm/Projects/Tests/2026-09-02/image-generation/realvisxl_full/t2i_compbench/non_spatial/non_spatial_0162/0000.png
[1617/2953] sample 0: OK 31.6s -> /home/hm/Projects/Tests/2026-09-02/image-generation/realvisxl_full/t2i_compbench/non_spatial/non_spatial_0163/0000.png
[1618/2953] sample 0: OK 31.6s -> /home/hm/Projects/Tests/2026-09-02/image-generation/realvisxl_full/t2i_compbench/non_spatial/non_spatial_0164/0000.png
[1619/2953] sample 0: OK 31.6s -> /home/hm/Projects/Tests/2026-09-02/image-generation/realvisxl_full/t2i_compbench/non_spatial/non_spatial_0165/0000.png
[1620/2953] sample 0: OK 31.6s -> /home/hm/Projects/Tests/2026-09-02/image-generation/realvisxl_full/t2i_compbench/non_spatial/non_spatial_0166/0000.png
[1621/2953] sample 0: OK 31.6s -> /home/hm/Projects/Tests/2026-09-02/image-generation/realvisxl_full/t2i_compbench/non_spatial/non_spatial_0167/0000.png
[1622/2953] sample 0: OK 31.6s -> /home/hm/Projects/Tests/2026-09-02/image-generation/realvisxl_full/t2i_compbench/non_spatial/non_spatial_0168/0000.png
[1623/2953] sample 0: OK 31.6s -> /home/hm/Projects/Tests/2026-09-02/image-generation/realvisxl_full/t2i_compbench/non_spatial/non_spatial_0169/0000.png
[1624/2953] sample 0: OK 31.6s -> /home/hm/Projects/Tests/2026-09-02/image-generation/realvisxl_full/t2i_compbench/non_spatial/non_spatial_0170/0000.png
[1625/2953] sample 0: OK 31.6s -> /home/hm/Projects/Tests/2026-09-02/image-generation/realvisxl_full/t2i_compbench/non_spatial/non_spatial_0171/0000.png
[1626/2953] sample 0: OK 31.6s -> /home/hm/Projects/Tests/2026-09-02/image-generation/realvisxl_full/t2i_compbench/non_spatial/non_spatial_0172/0000.png
[1627/2953] sample 0: OK 31.6s -> /home/hm/Projects/Tests/2026-09-02/image-generation/realvisxl_full/t2i_compbench/non_spatial/non_spatial_0173/0000.png
[1628/2953] sample 0: OK 31.6s -> /home/hm/Projects/Tests/2026-09-02/image-generation/realvisxl_full/t2i_compbench/non_spatial/non_spatial_0174/0000.png
[1629/2953] sample 0: OK 31.6s -> /home/hm/Projects/Tests/2026-09-02/image-generation/realvisxl_full/t2i_compbench/non_spatial/non_spatial_0175/0000.png
[1630/2953] sample 0: OK 31.6s -> /home/hm/Projects/Tests/2026-09-02/image-generation/realvisxl_full/t2i_compbench/non_spatial/non_spatial_0176/0000.png
[1631/2953] sample 0: OK 31.6s -> /home/hm/Projects/Tests/2026-09-02/image-generation/realvisxl_full/t2i_compbench/non_spatial/non_spatial_0177/0000.png
[1632/2953] sample 0: OK 31.6s -> /home/hm/Projects/Tests/2026-09-02/image-generation/realvisxl_full/t2i_compbench/non_spatial/non_spatial_0178/0000.png
[1633/2953] sample 0: OK 31.6s -> /home/hm/Projects/Tests/2026-09-02/image-generation/realvisxl_full/t2i_compbench/non_spatial/non_spatial_0179/0000.png
[1634/2953] sample 0: OK 31.6s -> /home/hm/Projects/Tests/2026-09-02/image-generation/realvisxl_full/t2i_compbench/non_spatial/non_spatial_0180/0000.png
[1635/2953] sample 0: OK 31.6s -> /home/hm/Projects/Tests/2026-09-02/image-generation/realvisxl_full/t2i_compbench/non_spatial/non_spatial_0181/0000.png
[1636/2953] sample 0: OK 31.6s -> /home/hm/Projects/Tests/2026-09-02/image-generation/realvisxl_full/t2i_compbench/non_spatial/non_spatial_0182/0000.png
[1637/2953] sample 0: OK 31.6s -> /home/hm/Projects/Tests/2026-09-02/image-generation/realvisxl_full/t2i_compbench/non_spatial/non_spatial_0183/0000.png
[1638/2953] sample 0: OK 31.6s -> /home/hm/Projects/Tests/2026-09-02/image-generation/realvisxl_full/t2i_compbench/non_spatial/non_spatial_0184/0000.png
[1639/2953] sample 0: OK 31.6s -> /home/hm/Projects/Tests/2026-09-02/image-generation/realvisxl_full/t2i_compbench/non_spatial/non_spatial_0185/0000.png
[1640/2953] sample 0: OK 31.6s -> /home/hm/Projects/Tests/2026-09-02/image-generation/realvisxl_full/t2i_compbench/non_spatial/non_spatial_0186/0000.png
[1641/2953] sample 0: OK 31.6s -> /home/hm/Projects/Tests/2026-09-02/image-generation/realvisxl_full/t2i_compbench/non_spatial/non_spatial_0187/0000.png
[1642/2953] sample 0: OK 31.6s -> /home/hm/Projects/Tests/2026-09-02/image-generation/realvisxl_full/t2i_compbench/non_spatial/non_spatial_0188/0000.png
[1643/2953] sample 0: OK 31.6s -> /home/hm/Projects/Tests/2026-09-02/image-generation/realvisxl_full/t2i_compbench/non_spatial/non_spatial_0189/0000.png
[1644/2953] sample 0: OK 31.6s -> /home/hm/Projects/Tests/2026-09-02/image-generation/realvisxl_full/t2i_compbench/non_spatial/non_spatial_0190/0000.png
[1645/2953] sample 0: OK 31.6s -> /home/hm/Projects/Tests/2026-09-02/image-generation/realvisxl_full/t2i_compbench/non_spatial/non_spatial_0191/0000.png
[1646/2953] sample 0: OK 31.6s -> /home/hm/Projects/Tests/2026-09-02/image-generation/realvisxl_full/t2i_compbench/non_spatial/non_spatial_0192/0000.png
[1647/2953] sample 0: OK 31.6s -> /home/hm/Projects/Tests/2026-09-02/image-generation/realvisxl_full/t2i_compbench/non_spatial/non_spatial_0193/0000.png
[1648/2953] sample 0: OK 31.6s -> /home/hm/Projects/Tests/2026-09-02/image-generation/realvisxl_full/t2i_compbench/non_spatial/non_spatial_0194/0000.png
[1649/2953] sample 0: OK 31.6s -> /home/hm/Projects/Tests/2026-09-02/image-generation/realvisxl_full/t2i_compbench/non_spatial/non_spatial_0195/0000.png
[1650/2953] sample 0: OK 31.6s -> /home/hm/Projects/Tests/2026-09-02/image-generation/realvisxl_full/t2i_compbench/non_spatial/non_spatial_0196/0000.png
[1651/2953] sample 0: OK 31.6s -> /home/hm/Projects/Tests/2026-09-02/image-generation/realvisxl_full/t2i_compbench/non_spatial/non_spatial_0197/0000.png
[1652/2953] sample 0: OK 31.6s -> /home/hm/Projects/Tests/2026-09-02/image-generation/realvisxl_full/t2i_compbench/non_spatial/non_spatial_0198/0000.png
[1653/2953] sample 0: OK 31.6s -> /home/hm/Projects/Tests/2026-09-02/image-generation/realvisxl_full/t2i_compbench/non_spatial/non_spatial_0199/0000.png
[1654/2953] sample 0: OK 31.6s -> /home/hm/Projects/Tests/2026-09-02/image-generation/realvisxl_full/t2i_compbench/non_spatial/non_spatial_0200/0000.png
[1655/2953] sample 0: OK 31.6s -> /home/hm/Projects/Tests/2026-09-02/image-generation/realvisxl_full/t2i_compbench/non_spatial/non_spatial_0201/0000.png
[1656/2953] sample 0: OK 31.6s -> /home/hm/Projects/Tests/2026-09-02/image-generation/realvisxl_full/t2i_compbench/non_spatial/non_spatial_0202/0000.png
[1657/2953] sample 0: OK 31.6s -> /home/hm/Projects/Tests/2026-09-02/image-generation/realvisxl_full/t2i_compbench/non_spatial/non_spatial_0203/0000.png
[1658/2953] sample 0: OK 31.6s -> /home/hm/Projects/Tests/2026-09-02/image-generation/realvisxl_full/t2i_compbench/non_spatial/non_spatial_0204/0000.png
[1659/2953] sample 0: OK 31.6s -> /home/hm/Projects/Tests/2026-09-02/image-generation/realvisxl_full/t2i_compbench/non_spatial/non_spatial_0205/0000.png
[1660/2953] sample 0: OK 31.6s -> /home/hm/Projects/Tests/2026-09-02/image-generation/realvisxl_full/t2i_compbench/non_spatial/non_spatial_0206/0000.png
[1661/2953] sample 0: OK 31.6s -> /home/hm/Projects/Tests/2026-09-02/image-generation/realvisxl_full/t2i_compbench/non_spatial/non_spatial_0207/0000.png
[1662/2953] sample 0: OK 31.6s -> /home/hm/Projects/Tests/2026-09-02/image-generation/realvisxl_full/t2i_compbench/non_spatial/non_spatial_0208/0000.png
[1663/2953] sample 0: OK 31.6s -> /home/hm/Projects/Tests/2026-09-02/image-generation/realvisxl_full/t2i_compbench/non_spatial/non_spatial_0209/0000.png
[1664/2953] sample 0: OK 31.6s -> /home/hm/Projects/Tests/2026-09-02/image-generation/realvisxl_full/t2i_compbench/non_spatial/non_spatial_0210/0000.png
[1665/2953] sample 0: OK 31.6s -> /home/hm/Projects/Tests/2026-09-02/image-generation/realvisxl_full/t2i_compbench/non_spatial/non_spatial_0211/0000.png
[1666/2953] sample 0: OK 31.6s -> /home/hm/Projects/Tests/2026-09-02/image-generation/realvisxl_full/t2i_compbench/non_spatial/non_spatial_0212/0000.png
[1667/2953] sample 0: OK 31.6s -> /home/hm/Projects/Tests/2026-09-02/image-generation/realvisxl_full/t2i_compbench/non_spatial/non_spatial_0213/0000.png
[1668/2953] sample 0: OK 31.6s -> /home/hm/Projects/Tests/2026-09-02/image-generation/realvisxl_full/t2i_compbench/non_spatial/non_spatial_0214/0000.png
[1669/2953] sample 0: OK 31.6s -> /home/hm/Projects/Tests/2026-09-02/image-generation/realvisxl_full/t2i_compbench/non_spatial/non_spatial_0215/0000.png
[1670/2953] sample 0: OK 31.6s -> /home/hm/Projects/Tests/2026-09-02/image-generation/realvisxl_full/t2i_compbench/non_spatial/non_spatial_0216/0000.png
[1671/2953] sample 0: OK 31.6s -> /home/hm/Projects/Tests/2026-09-02/image-generation/realvisxl_full/t2i_compbench/non_spatial/non_spatial_0217/0000.png
[1672/2953] sample 0: OK 31.6s -> /home/hm/Projects/Tests/2026-09-02/image-generation/realvisxl_full/t2i_compbench/non_spatial/non_spatial_0218/0000.png
[1673/2953] sample 0: OK 31.6s -> /home/hm/Projects/Tests/2026-09-02/image-generation/realvisxl_full/t2i_compbench/non_spatial/non_spatial_0219/0000.png
[1674/2953] sample 0: OK 31.6s -> /home/hm/Projects/Tests/2026-09-02/image-generation/realvisxl_full/t2i_compbench/non_spatial/non_spatial_0220/0000.png
[1675/2953] sample 0: OK 31.6s -> /home/hm/Projects/Tests/2026-09-02/image-generation/realvisxl_full/t2i_compbench/non_spatial/non_spatial_0221/0000.png
[1676/2953] sample 0: OK 31.6s -> /home/hm/Projects/Tests/2026-09-02/image-generation/realvisxl_full/t2i_compbench/non_spatial/non_spatial_0222/0000.png
[1677/2953] sample 0: OK 31.6s -> /home/hm/Projects/Tests/2026-09-02/image-generation/realvisxl_full/t2i_compbench/non_spatial/non_spatial_0223/0000.png
[1678/2953] sample 0: OK 31.6s -> /home/hm/Projects/Tests/2026-09-02/image-generation/realvisxl_full/t2i_compbench/non_spatial/non_spatial_0224/0000.png
[1679/2953] sample 0: OK 31.6s -> /home/hm/Projects/Tests/2026-09-02/image-generation/realvisxl_full/t2i_compbench/non_spatial/non_spatial_0225/0000.png
[1680/2953] sample 0: OK 31.6s -> /home/hm/Projects/Tests/2026-09-02/image-generation/realvisxl_full/t2i_compbench/non_spatial/non_spatial_0226/0000.png
[1681/2953] sample 0: OK 31.6s -> /home/hm/Projects/Tests/2026-09-02/image-generation/realvisxl_full/t2i_compbench/non_spatial/non_spatial_0227/0000.png
[1682/2953] sample 0: OK 31.6s -> /home/hm/Projects/Tests/2026-09-02/image-generation/realvisxl_full/t2i_compbench/non_spatial/non_spatial_0228/0000.png
[1683/2953] sample 0: OK 31.6s -> /home/hm/Projects/Tests/2026-09-02/image-generation/realvisxl_full/t2i_compbench/non_spatial/non_spatial_0229/0000.png
[1684/2953] sample 0: OK 31.6s -> /home/hm/Projects/Tests/2026-09-02/image-generation/realvisxl_full/t2i_compbench/non_spatial/non_spatial_0230/0000.png
[1685/2953] sample 0: OK 31.6s -> /home/hm/Projects/Tests/2026-09-02/image-generation/realvisxl_full/t2i_compbench/non_spatial/non_spatial_0231/0000.png
[1686/2953] sample 0: OK 31.6s -> /home/hm/Projects/Tests/2026-09-02/image-generation/realvisxl_full/t2i_compbench/non_spatial/non_spatial_0232/0000.png
[1687/2953] sample 0: OK 31.6s -> /home/hm/Projects/Tests/2026-09-02/image-generation/realvisxl_full/t2i_compbench/non_spatial/non_spatial_0233/0000.png
[1688/2953] sample 0: OK 31.6s -> /home/hm/Projects/Tests/2026-09-02/image-generation/realvisxl_full/t2i_compbench/non_spatial/non_spatial_0234/0000.png
[1689/2953] sample 0: OK 31.6s -> /home/hm/Projects/Tests/2026-09-02/image-generation/realvisxl_full/t2i_compbench/non_spatial/non_spatial_0235/0000.png
[1690/2953] sample 0: OK 31.6s -> /home/hm/Projects/Tests/2026-09-02/image-generation/realvisxl_full/t2i_compbench/non_spatial/non_spatial_0236/0000.png
[1691/2953] sample 0: OK 31.6s -> /home/hm/Projects/Tests/2026-09-02/image-generation/realvisxl_full/t2i_compbench/non_spatial/non_spatial_0237/0000.png
[1692/2953] sample 0: OK 31.6s -> /home/hm/Projects/Tests/2026-09-02/image-generation/realvisxl_full/t2i_compbench/non_spatial/non_spatial_0238/0000.png
[1693/2953] sample 0: OK 31.6s -> /home/hm/Projects/Tests/2026-09-02/image-generation/realvisxl_full/t2i_compbench/non_spatial/non_spatial_0239/0000.png
[1694/2953] sample 0: OK 31.6s -> /home/hm/Projects/Tests/2026-09-02/image-generation/realvisxl_full/t2i_compbench/non_spatial/non_spatial_0240/0000.png
[1695/2953] sample 0: OK 31.6s -> /home/hm/Projects/Tests/2026-09-02/image-generation/realvisxl_full/t2i_compbench/non_spatial/non_spatial_0241/0000.png
[1696/2953] sample 0: OK 31.6s -> /home/hm/Projects/Tests/2026-09-02/image-generation/realvisxl_full/t2i_compbench/non_spatial/non_spatial_0242/0000.png
[1697/2953] sample 0: OK 31.6s -> /home/hm/Projects/Tests/2026-09-02/image-generation/realvisxl_full/t2i_compbench/non_spatial/non_spatial_0243/0000.png
[1698/2953] sample 0: OK 31.6s -> /home/hm/Projects/Tests/2026-09-02/image-generation/realvisxl_full/t2i_compbench/non_spatial/non_spatial_0244/0000.png
[1699/2953] sample 0: OK 31.6s -> /home/hm/Projects/Tests/2026-09-02/image-generation/realvisxl_full/t2i_compbench/non_spatial/non_spatial_0245/0000.png
[1700/2953] sample 0: OK 31.6s -> /home/hm/Projects/Tests/2026-09-02/image-generation/realvisxl_full/t2i_compbench/non_spatial/non_spatial_0246/0000.png
[1701/2953] sample 0: OK 31.6s -> /home/hm/Projects/Tests/2026-09-02/image-generation/realvisxl_full/t2i_compbench/non_spatial/non_spatial_0247/0000.png
[1702/2953] sample 0: OK 31.6s -> /home/hm/Projects/Tests/2026-09-02/image-generation/realvisxl_full/t2i_compbench/non_spatial/non_spatial_0248/0000.png
[1703/2953] sample 0: OK 31.6s -> /home/hm/Projects/Tests/2026-09-02/image-generation/realvisxl_full/t2i_compbench/non_spatial/non_spatial_0249/0000.png
[1704/2953] sample 0: OK 31.6s -> /home/hm/Projects/Tests/2026-09-02/image-generation/realvisxl_full/t2i_compbench/non_spatial/non_spatial_0250/0000.png
[1705/2953] sample 0: OK 31.6s -> /home/hm/Projects/Tests/2026-09-02/image-generation/realvisxl_full/t2i_compbench/non_spatial/non_spatial_0251/0000.png
[1706/2953] sample 0: OK 31.6s -> /home/hm/Projects/Tests/2026-09-02/image-generation/realvisxl_full/t2i_compbench/non_spatial/non_spatial_0252/0000.png
[1707/2953] sample 0: OK 31.6s -> /home/hm/Projects/Tests/2026-09-02/image-generation/realvisxl_full/t2i_compbench/non_spatial/non_spatial_0253/0000.png
[1708/2953] sample 0: OK 31.6s -> /home/hm/Projects/Tests/2026-09-02/image-generation/realvisxl_full/t2i_compbench/non_spatial/non_spatial_0254/0000.png
[1709/2953] sample 0: OK 31.6s -> /home/hm/Projects/Tests/2026-09-02/image-generation/realvisxl_full/t2i_compbench/non_spatial/non_spatial_0255/0000.png
[1710/2953] sample 0: OK 31.6s -> /home/hm/Projects/Tests/2026-09-02/image-generation/realvisxl_full/t2i_compbench/non_spatial/non_spatial_0256/0000.png
[1711/2953] sample 0: OK 31.6s -> /home/hm/Projects/Tests/2026-09-02/image-generation/realvisxl_full/t2i_compbench/non_spatial/non_spatial_0257/0000.png
[1712/2953] sample 0: OK 31.6s -> /home/hm/Projects/Tests/2026-09-02/image-generation/realvisxl_full/t2i_compbench/non_spatial/non_spatial_0258/0000.png
[1713/2953] sample 0: OK 31.6s -> /home/hm/Projects/Tests/2026-09-02/image-generation/realvisxl_full/t2i_compbench/non_spatial/non_spatial_0259/0000.png
[1714/2953] sample 0: OK 31.6s -> /home/hm/Projects/Tests/2026-09-02/image-generation/realvisxl_full/t2i_compbench/non_spatial/non_spatial_0260/0000.png
[1715/2953] sample 0: OK 31.6s -> /home/hm/Projects/Tests/2026-09-02/image-generation/realvisxl_full/t2i_compbench/non_spatial/non_spatial_0261/0000.png
[1716/2953] sample 0: OK 31.6s -> /home/hm/Projects/Tests/2026-09-02/image-generation/realvisxl_full/t2i_compbench/non_spatial/non_spatial_0262/0000.png
[1717/2953] sample 0: OK 31.6s -> /home/hm/Projects/Tests/2026-09-02/image-generation/realvisxl_full/t2i_compbench/non_spatial/non_spatial_0263/0000.png
[1718/2953] sample 0: OK 31.6s -> /home/hm/Projects/Tests/2026-09-02/image-generation/realvisxl_full/t2i_compbench/non_spatial/non_spatial_0264/0000.png
[1719/2953] sample 0: OK 31.6s -> /home/hm/Projects/Tests/2026-09-02/image-generation/realvisxl_full/t2i_compbench/non_spatial/non_spatial_0265/0000.png
[1720/2953] sample 0: OK 31.6s -> /home/hm/Projects/Tests/2026-09-02/image-generation/realvisxl_full/t2i_compbench/non_spatial/non_spatial_0266/0000.png
[1721/2953] sample 0: OK 31.6s -> /home/hm/Projects/Tests/2026-09-02/image-generation/realvisxl_full/t2i_compbench/non_spatial/non_spatial_0267/0000.png
[1722/2953] sample 0: OK 31.6s -> /home/hm/Projects/Tests/2026-09-02/image-generation/realvisxl_full/t2i_compbench/non_spatial/non_spatial_0268/0000.png
[1723/2953] sample 0: OK 31.6s -> /home/hm/Projects/Tests/2026-09-02/image-generation/realvisxl_full/t2i_compbench/non_spatial/non_spatial_0269/0000.png
[1724/2953] sample 0: OK 31.6s -> /home/hm/Projects/Tests/2026-09-02/image-generation/realvisxl_full/t2i_compbench/non_spatial/non_spatial_0270/0000.png
[1725/2953] sample 0: OK 31.6s -> /home/hm/Projects/Tests/2026-09-02/image-generation/realvisxl_full/t2i_compbench/non_spatial/non_spatial_0271/0000.png
[1726/2953] sample 0: OK 31.6s -> /home/hm/Projects/Tests/2026-09-02/image-generation/realvisxl_full/t2i_compbench/non_spatial/non_spatial_0272/0000.png
[1727/2953] sample 0: OK 31.6s -> /home/hm/Projects/Tests/2026-09-02/image-generation/realvisxl_full/t2i_compbench/non_spatial/non_spatial_0273/0000.png
[1728/2953] sample 0: OK 31.6s -> /home/hm/Projects/Tests/2026-09-02/image-generation/realvisxl_full/t2i_compbench/non_spatial/non_spatial_0274/0000.png
[1729/2953] sample 0: OK 31.6s -> /home/hm/Projects/Tests/2026-09-02/image-generation/realvisxl_full/t2i_compbench/non_spatial/non_spatial_0275/0000.png
[1730/2953] sample 0: OK 31.6s -> /home/hm/Projects/Tests/2026-09-02/image-generation/realvisxl_full/t2i_compbench/non_spatial/non_spatial_0276/0000.png
[1731/2953] sample 0: OK 31.6s -> /home/hm/Projects/Tests/2026-09-02/image-generation/realvisxl_full/t2i_compbench/non_spatial/non_spatial_0277/0000.png
[1732/2953] sample 0: OK 31.6s -> /home/hm/Projects/Tests/2026-09-02/image-generation/realvisxl_full/t2i_compbench/non_spatial/non_spatial_0278/0000.png
[1733/2953] sample 0: OK 31.6s -> /home/hm/Projects/Tests/2026-09-02/image-generation/realvisxl_full/t2i_compbench/non_spatial/non_spatial_0279/0000.png
[1734/2953] sample 0: OK 31.6s -> /home/hm/Projects/Tests/2026-09-02/image-generation/realvisxl_full/t2i_compbench/non_spatial/non_spatial_0280/0000.png
[1735/2953] sample 0: OK 31.6s -> /home/hm/Projects/Tests/2026-09-02/image-generation/realvisxl_full/t2i_compbench/non_spatial/non_spatial_0281/0000.png
[1736/2953] sample 0: OK 31.6s -> /home/hm/Projects/Tests/2026-09-02/image-generation/realvisxl_full/t2i_compbench/non_spatial/non_spatial_0282/0000.png
[1737/2953] sample 0: OK 31.6s -> /home/hm/Projects/Tests/2026-09-02/image-generation/realvisxl_full/t2i_compbench/non_spatial/non_spatial_0283/0000.png
[1738/2953] sample 0: OK 31.6s -> /home/hm/Projects/Tests/2026-09-02/image-generation/realvisxl_full/t2i_compbench/non_spatial/non_spatial_0284/0000.png
[1739/2953] sample 0: OK 31.6s -> /home/hm/Projects/Tests/2026-09-02/image-generation/realvisxl_full/t2i_compbench/non_spatial/non_spatial_0285/0000.png
[1740/2953] sample 0: OK 31.6s -> /home/hm/Projects/Tests/2026-09-02/image-generation/realvisxl_full/t2i_compbench/non_spatial/non_spatial_0286/0000.png
[1741/2953] sample 0: OK 31.6s -> /home/hm/Projects/Tests/2026-09-02/image-generation/realvisxl_full/t2i_compbench/non_spatial/non_spatial_0287/0000.png
[1742/2953] sample 0: OK 31.6s -> /home/hm/Projects/Tests/2026-09-02/image-generation/realvisxl_full/t2i_compbench/non_spatial/non_spatial_0288/0000.png
[1743/2953] sample 0: OK 31.6s -> /home/hm/Projects/Tests/2026-09-02/image-generation/realvisxl_full/t2i_compbench/non_spatial/non_spatial_0289/0000.png
[1744/2953] sample 0: OK 31.6s -> /home/hm/Projects/Tests/2026-09-02/image-generation/realvisxl_full/t2i_compbench/non_spatial/non_spatial_0290/0000.png
[1745/2953] sample 0: OK 31.6s -> /home/hm/Projects/Tests/2026-09-02/image-generation/realvisxl_full/t2i_compbench/non_spatial/non_spatial_0291/0000.png
[1746/2953] sample 0: OK 31.6s -> /home/hm/Projects/Tests/2026-09-02/image-generation/realvisxl_full/t2i_compbench/non_spatial/non_spatial_0292/0000.png
[1747/2953] sample 0: OK 31.6s -> /home/hm/Projects/Tests/2026-09-02/image-generation/realvisxl_full/t2i_compbench/non_spatial/non_spatial_0293/0000.png
[1748/2953] sample 0: OK 31.6s -> /home/hm/Projects/Tests/2026-09-02/image-generation/realvisxl_full/t2i_compbench/non_spatial/non_spatial_0294/0000.png
[1749/2953] sample 0: OK 31.6s -> /home/hm/Projects/Tests/2026-09-02/image-generation/realvisxl_full/t2i_compbench/non_spatial/non_spatial_0295/0000.png
[1750/2953] sample 0: OK 31.6s -> /home/hm/Projects/Tests/2026-09-02/image-generation/realvisxl_full/t2i_compbench/non_spatial/non_spatial_0296/0000.png
[1751/2953] sample 0: OK 31.6s -> /home/hm/Projects/Tests/2026-09-02/image-generation/realvisxl_full/t2i_compbench/non_spatial/non_spatial_0297/0000.png
[1752/2953] sample 0: OK 31.6s -> /home/hm/Projects/Tests/2026-09-02/image-generation/realvisxl_full/t2i_compbench/non_spatial/non_spatial_0298/0000.png
[1753/2953] sample 0: OK 31.6s -> /home/hm/Projects/Tests/2026-09-02/image-generation/realvisxl_full/t2i_compbench/non_spatial/non_spatial_0299/0000.png
[1754/2953] sample 0: OK 31.6s -> /home/hm/Projects/Tests/2026-09-02/image-generation/realvisxl_full/t2i_compbench/numeracy/numeracy_0000/0000.png
[1755/2953] sample 0: OK 31.6s -> /home/hm/Projects/Tests/2026-09-02/image-generation/realvisxl_full/t2i_compbench/numeracy/numeracy_0001/0000.png
[1756/2953] sample 0: OK 31.6s -> /home/hm/Projects/Tests/2026-09-02/image-generation/realvisxl_full/t2i_compbench/numeracy/numeracy_0002/0000.png
[1757/2953] sample 0: OK 31.6s -> /home/hm/Projects/Tests/2026-09-02/image-generation/realvisxl_full/t2i_compbench/numeracy/numeracy_0003/0000.png
[1758/2953] sample 0: OK 31.6s -> /home/hm/Projects/Tests/2026-09-02/image-generation/realvisxl_full/t2i_compbench/numeracy/numeracy_0004/0000.png
[1759/2953] sample 0: OK 31.6s -> /home/hm/Projects/Tests/2026-09-02/image-generation/realvisxl_full/t2i_compbench/numeracy/numeracy_0005/0000.png
[1760/2953] sample 0: OK 31.6s -> /home/hm/Projects/Tests/2026-09-02/image-generation/realvisxl_full/t2i_compbench/numeracy/numeracy_0006/0000.png
[1761/2953] sample 0: OK 31.6s -> /home/hm/Projects/Tests/2026-09-02/image-generation/realvisxl_full/t2i_compbench/numeracy/numeracy_0007/0000.png
[1762/2953] sample 0: OK 31.6s -> /home/hm/Projects/Tests/2026-09-02/image-generation/realvisxl_full/t2i_compbench/numeracy/numeracy_0008/0000.png
[1763/2953] sample 0: OK 31.6s -> /home/hm/Projects/Tests/2026-09-02/image-generation/realvisxl_full/t2i_compbench/numeracy/numeracy_0009/0000.png
[1764/2953] sample 0: OK 31.6s -> /home/hm/Projects/Tests/2026-09-02/image-generation/realvisxl_full/t2i_compbench/numeracy/numeracy_0010/0000.png
[1765/2953] sample 0: OK 31.6s -> /home/hm/Projects/Tests/2026-09-02/image-generation/realvisxl_full/t2i_compbench/numeracy/numeracy_0011/0000.png
[1766/2953] sample 0: OK 31.6s -> /home/hm/Projects/Tests/2026-09-02/image-generation/realvisxl_full/t2i_compbench/numeracy/numeracy_0012/0000.png
[1767/2953] sample 0: OK 31.6s -> /home/hm/Projects/Tests/2026-09-02/image-generation/realvisxl_full/t2i_compbench/numeracy/numeracy_0013/0000.png
[1768/2953] sample 0: OK 31.6s -> /home/hm/Projects/Tests/2026-09-02/image-generation/realvisxl_full/t2i_compbench/numeracy/numeracy_0014/0000.png
[1769/2953] sample 0: OK 31.6s -> /home/hm/Projects/Tests/2026-09-02/image-generation/realvisxl_full/t2i_compbench/numeracy/numeracy_0015/0000.png
[1770/2953] sample 0: OK 31.6s -> /home/hm/Projects/Tests/2026-09-02/image-generation/realvisxl_full/t2i_compbench/numeracy/numeracy_0016/0000.png
[1771/2953] sample 0: OK 31.6s -> /home/hm/Projects/Tests/2026-09-02/image-generation/realvisxl_full/t2i_compbench/numeracy/numeracy_0017/0000.png
[1772/2953] sample 0: OK 31.6s -> /home/hm/Projects/Tests/2026-09-02/image-generation/realvisxl_full/t2i_compbench/numeracy/numeracy_0018/0000.png
[1773/2953] sample 0: OK 31.6s -> /home/hm/Projects/Tests/2026-09-02/image-generation/realvisxl_full/t2i_compbench/numeracy/numeracy_0019/0000.png
[1774/2953] sample 0: OK 31.6s -> /home/hm/Projects/Tests/2026-09-02/image-generation/realvisxl_full/t2i_compbench/numeracy/numeracy_0020/0000.png
[1775/2953] sample 0: OK 31.6s -> /home/hm/Projects/Tests/2026-09-02/image-generation/realvisxl_full/t2i_compbench/numeracy/numeracy_0021/0000.png
[1776/2953] sample 0: OK 31.6s -> /home/hm/Projects/Tests/2026-09-02/image-generation/realvisxl_full/t2i_compbench/numeracy/numeracy_0022/0000.png
[1777/2953] sample 0: OK 31.6s -> /home/hm/Projects/Tests/2026-09-02/image-generation/realvisxl_full/t2i_compbench/numeracy/numeracy_0023/0000.png
[1778/2953] sample 0: OK 31.6s -> /home/hm/Projects/Tests/2026-09-02/image-generation/realvisxl_full/t2i_compbench/numeracy/numeracy_0024/0000.png
[1779/2953] sample 0: OK 31.6s -> /home/hm/Projects/Tests/2026-09-02/image-generation/realvisxl_full/t2i_compbench/numeracy/numeracy_0025/0000.png
[1780/2953] sample 0: OK 31.6s -> /home/hm/Projects/Tests/2026-09-02/image-generation/realvisxl_full/t2i_compbench/numeracy/numeracy_0026/0000.png
[1781/2953] sample 0: OK 31.6s -> /home/hm/Projects/Tests/2026-09-02/image-generation/realvisxl_full/t2i_compbench/numeracy/numeracy_0027/0000.png
[1782/2953] sample 0: OK 31.6s -> /home/hm/Projects/Tests/2026-09-02/image-generation/realvisxl_full/t2i_compbench/numeracy/numeracy_0028/0000.png
[1783/2953] sample 0: OK 31.6s -> /home/hm/Projects/Tests/2026-09-02/image-generation/realvisxl_full/t2i_compbench/numeracy/numeracy_0029/0000.png
[1784/2953] sample 0: OK 31.6s -> /home/hm/Projects/Tests/2026-09-02/image-generation/realvisxl_full/t2i_compbench/numeracy/numeracy_0030/0000.png
[1785/2953] sample 0: OK 31.6s -> /home/hm/Projects/Tests/2026-09-02/image-generation/realvisxl_full/t2i_compbench/numeracy/numeracy_0031/0000.png
[1786/2953] sample 0: OK 31.6s -> /home/hm/Projects/Tests/2026-09-02/image-generation/realvisxl_full/t2i_compbench/numeracy/numeracy_0032/0000.png
[1787/2953] sample 0: OK 31.6s -> /home/hm/Projects/Tests/2026-09-02/image-generation/realvisxl_full/t2i_compbench/numeracy/numeracy_0033/0000.png
[1788/2953] sample 0: OK 31.6s -> /home/hm/Projects/Tests/2026-09-02/image-generation/realvisxl_full/t2i_compbench/numeracy/numeracy_0034/0000.png
[1789/2953] sample 0: OK 31.6s -> /home/hm/Projects/Tests/2026-09-02/image-generation/realvisxl_full/t2i_compbench/numeracy/numeracy_0035/0000.png
[1790/2953] sample 0: OK 31.6s -> /home/hm/Projects/Tests/2026-09-02/image-generation/realvisxl_full/t2i_compbench/numeracy/numeracy_0036/0000.png
[1791/2953] sample 0: OK 31.6s -> /home/hm/Projects/Tests/2026-09-02/image-generation/realvisxl_full/t2i_compbench/numeracy/numeracy_0037/0000.png
[1792/2953] sample 0: OK 31.6s -> /home/hm/Projects/Tests/2026-09-02/image-generation/realvisxl_full/t2i_compbench/numeracy/numeracy_0038/0000.png
[1793/2953] sample 0: OK 31.6s -> /home/hm/Projects/Tests/2026-09-02/image-generation/realvisxl_full/t2i_compbench/numeracy/numeracy_0039/0000.png
[1794/2953] sample 0: OK 31.6s -> /home/hm/Projects/Tests/2026-09-02/image-generation/realvisxl_full/t2i_compbench/numeracy/numeracy_0040/0000.png
[1795/2953] sample 0: OK 31.6s -> /home/hm/Projects/Tests/2026-09-02/image-generation/realvisxl_full/t2i_compbench/numeracy/numeracy_0041/0000.png
[1796/2953] sample 0: OK 31.6s -> /home/hm/Projects/Tests/2026-09-02/image-generation/realvisxl_full/t2i_compbench/numeracy/numeracy_0042/0000.png
[1797/2953] sample 0: OK 31.6s -> /home/hm/Projects/Tests/2026-09-02/image-generation/realvisxl_full/t2i_compbench/numeracy/numeracy_0043/0000.png
[1798/2953] sample 0: OK 31.6s -> /home/hm/Projects/Tests/2026-09-02/image-generation/realvisxl_full/t2i_compbench/numeracy/numeracy_0044/0000.png
[1799/2953] sample 0: OK 31.6s -> /home/hm/Projects/Tests/2026-09-02/image-generation/realvisxl_full/t2i_compbench/numeracy/numeracy_0045/0000.png
[1800/2953] sample 0: OK 31.6s -> /home/hm/Projects/Tests/2026-09-02/image-generation/realvisxl_full/t2i_compbench/numeracy/numeracy_0046/0000.png
[1801/2953] sample 0: OK 31.6s -> /home/hm/Projects/Tests/2026-09-02/image-generation/realvisxl_full/t2i_compbench/numeracy/numeracy_0047/0000.png
[1802/2953] sample 0: OK 31.6s -> /home/hm/Projects/Tests/2026-09-02/image-generation/realvisxl_full/t2i_compbench/numeracy/numeracy_0048/0000.png
[1803/2953] sample 0: OK 31.6s -> /home/hm/Projects/Tests/2026-09-02/image-generation/realvisxl_full/t2i_compbench/numeracy/numeracy_0049/0000.png
[1804/2953] sample 0: OK 31.6s -> /home/hm/Projects/Tests/2026-09-02/image-generation/realvisxl_full/t2i_compbench/numeracy/numeracy_0050/0000.png
[1805/2953] sample 0: OK 31.6s -> /home/hm/Projects/Tests/2026-09-02/image-generation/realvisxl_full/t2i_compbench/numeracy/numeracy_0051/0000.png
[1806/2953] sample 0: OK 31.6s -> /home/hm/Projects/Tests/2026-09-02/image-generation/realvisxl_full/t2i_compbench/numeracy/numeracy_0052/0000.png
[1807/2953] sample 0: OK 31.6s -> /home/hm/Projects/Tests/2026-09-02/image-generation/realvisxl_full/t2i_compbench/numeracy/numeracy_0053/0000.png
[1808/2953] sample 0: OK 31.6s -> /home/hm/Projects/Tests/2026-09-02/image-generation/realvisxl_full/t2i_compbench/numeracy/numeracy_0054/0000.png
[1809/2953] sample 0: OK 31.6s -> /home/hm/Projects/Tests/2026-09-02/image-generation/realvisxl_full/t2i_compbench/numeracy/numeracy_0055/0000.png
[1810/2953] sample 0: OK 31.6s -> /home/hm/Projects/Tests/2026-09-02/image-generation/realvisxl_full/t2i_compbench/numeracy/numeracy_0056/0000.png
[1811/2953] sample 0: OK 31.6s -> /home/hm/Projects/Tests/2026-09-02/image-generation/realvisxl_full/t2i_compbench/numeracy/numeracy_0057/0000.png
[1812/2953] sample 0: OK 31.6s -> /home/hm/Projects/Tests/2026-09-02/image-generation/realvisxl_full/t2i_compbench/numeracy/numeracy_0058/0000.png
[1813/2953] sample 0: OK 31.6s -> /home/hm/Projects/Tests/2026-09-02/image-generation/realvisxl_full/t2i_compbench/numeracy/numeracy_0059/0000.png
[1814/2953] sample 0: OK 31.6s -> /home/hm/Projects/Tests/2026-09-02/image-generation/realvisxl_full/t2i_compbench/numeracy/numeracy_0060/0000.png
[1815/2953] sample 0: OK 31.6s -> /home/hm/Projects/Tests/2026-09-02/image-generation/realvisxl_full/t2i_compbench/numeracy/numeracy_0061/0000.png
[1816/2953] sample 0: OK 31.6s -> /home/hm/Projects/Tests/2026-09-02/image-generation/realvisxl_full/t2i_compbench/numeracy/numeracy_0062/0000.png
[1817/2953] sample 0: OK 31.6s -> /home/hm/Projects/Tests/2026-09-02/image-generation/realvisxl_full/t2i_compbench/numeracy/numeracy_0063/0000.png
[1818/2953] sample 0: OK 31.6s -> /home/hm/Projects/Tests/2026-09-02/image-generation/realvisxl_full/t2i_compbench/numeracy/numeracy_0064/0000.png
[1819/2953] sample 0: OK 31.6s -> /home/hm/Projects/Tests/2026-09-02/image-generation/realvisxl_full/t2i_compbench/numeracy/numeracy_0065/0000.png
[1820/2953] sample 0: OK 31.6s -> /home/hm/Projects/Tests/2026-09-02/image-generation/realvisxl_full/t2i_compbench/numeracy/numeracy_0066/0000.png
[1821/2953] sample 0: OK 31.6s -> /home/hm/Projects/Tests/2026-09-02/image-generation/realvisxl_full/t2i_compbench/numeracy/numeracy_0067/0000.png
[1822/2953] sample 0: OK 31.6s -> /home/hm/Projects/Tests/2026-09-02/image-generation/realvisxl_full/t2i_compbench/numeracy/numeracy_0068/0000.png
[1823/2953] sample 0: OK 31.6s -> /home/hm/Projects/Tests/2026-09-02/image-generation/realvisxl_full/t2i_compbench/numeracy/numeracy_0069/0000.png
[1824/2953] sample 0: OK 31.6s -> /home/hm/Projects/Tests/2026-09-02/image-generation/realvisxl_full/t2i_compbench/numeracy/numeracy_0070/0000.png
[1825/2953] sample 0: OK 31.6s -> /home/hm/Projects/Tests/2026-09-02/image-generation/realvisxl_full/t2i_compbench/numeracy/numeracy_0071/0000.png
[1826/2953] sample 0: OK 31.6s -> /home/hm/Projects/Tests/2026-09-02/image-generation/realvisxl_full/t2i_compbench/numeracy/numeracy_0072/0000.png
[1827/2953] sample 0: OK 31.6s -> /home/hm/Projects/Tests/2026-09-02/image-generation/realvisxl_full/t2i_compbench/numeracy/numeracy_0073/0000.png
[1828/2953] sample 0: OK 31.6s -> /home/hm/Projects/Tests/2026-09-02/image-generation/realvisxl_full/t2i_compbench/numeracy/numeracy_0074/0000.png
[1829/2953] sample 0: OK 31.6s -> /home/hm/Projects/Tests/2026-09-02/image-generation/realvisxl_full/t2i_compbench/numeracy/numeracy_0075/0000.png
[1830/2953] sample 0: OK 31.6s -> /home/hm/Projects/Tests/2026-09-02/image-generation/realvisxl_full/t2i_compbench/numeracy/numeracy_0076/0000.png
[1831/2953] sample 0: OK 31.6s -> /home/hm/Projects/Tests/2026-09-02/image-generation/realvisxl_full/t2i_compbench/numeracy/numeracy_0077/0000.png
[1832/2953] sample 0: OK 31.6s -> /home/hm/Projects/Tests/2026-09-02/image-generation/realvisxl_full/t2i_compbench/numeracy/numeracy_0078/0000.png
[1833/2953] sample 0: OK 31.6s -> /home/hm/Projects/Tests/2026-09-02/image-generation/realvisxl_full/t2i_compbench/numeracy/numeracy_0079/0000.png
[1834/2953] sample 0: OK 31.6s -> /home/hm/Projects/Tests/2026-09-02/image-generation/realvisxl_full/t2i_compbench/numeracy/numeracy_0080/0000.png
[1835/2953] sample 0: OK 31.6s -> /home/hm/Projects/Tests/2026-09-02/image-generation/realvisxl_full/t2i_compbench/numeracy/numeracy_0081/0000.png
[1836/2953] sample 0: OK 31.6s -> /home/hm/Projects/Tests/2026-09-02/image-generation/realvisxl_full/t2i_compbench/numeracy/numeracy_0082/0000.png
[1837/2953] sample 0: OK 31.6s -> /home/hm/Projects/Tests/2026-09-02/image-generation/realvisxl_full/t2i_compbench/numeracy/numeracy_0083/0000.png
[1838/2953] sample 0: OK 31.6s -> /home/hm/Projects/Tests/2026-09-02/image-generation/realvisxl_full/t2i_compbench/numeracy/numeracy_0084/0000.png
[1839/2953] sample 0: OK 31.6s -> /home/hm/Projects/Tests/2026-09-02/image-generation/realvisxl_full/t2i_compbench/numeracy/numeracy_0085/0000.png
[1840/2953] sample 0: OK 31.6s -> /home/hm/Projects/Tests/2026-09-02/image-generation/realvisxl_full/t2i_compbench/numeracy/numeracy_0086/0000.png
[1841/2953] sample 0: OK 31.6s -> /home/hm/Projects/Tests/2026-09-02/image-generation/realvisxl_full/t2i_compbench/numeracy/numeracy_0087/0000.png
[1842/2953] sample 0: OK 31.6s -> /home/hm/Projects/Tests/2026-09-02/image-generation/realvisxl_full/t2i_compbench/numeracy/numeracy_0088/0000.png
[1843/2953] sample 0: OK 31.6s -> /home/hm/Projects/Tests/2026-09-02/image-generation/realvisxl_full/t2i_compbench/numeracy/numeracy_0089/0000.png
[1844/2953] sample 0: OK 31.6s -> /home/hm/Projects/Tests/2026-09-02/image-generation/realvisxl_full/t2i_compbench/numeracy/numeracy_0090/0000.png
[1845/2953] sample 0: OK 31.6s -> /home/hm/Projects/Tests/2026-09-02/image-generation/realvisxl_full/t2i_compbench/numeracy/numeracy_0091/0000.png
[1846/2953] sample 0: OK 31.6s -> /home/hm/Projects/Tests/2026-09-02/image-generation/realvisxl_full/t2i_compbench/numeracy/numeracy_0092/0000.png
[1847/2953] sample 0: OK 31.6s -> /home/hm/Projects/Tests/2026-09-02/image-generation/realvisxl_full/t2i_compbench/numeracy/numeracy_0093/0000.png
[1848/2953] sample 0: OK 31.6s -> /home/hm/Projects/Tests/2026-09-02/image-generation/realvisxl_full/t2i_compbench/numeracy/numeracy_0094/0000.png
[1849/2953] sample 0: OK 31.6s -> /home/hm/Projects/Tests/2026-09-02/image-generation/realvisxl_full/t2i_compbench/numeracy/numeracy_0095/0000.png
[1850/2953] sample 0: OK 31.6s -> /home/hm/Projects/Tests/2026-09-02/image-generation/realvisxl_full/t2i_compbench/numeracy/numeracy_0096/0000.png
[1851/2953] sample 0: OK 31.6s -> /home/hm/Projects/Tests/2026-09-02/image-generation/realvisxl_full/t2i_compbench/numeracy/numeracy_0097/0000.png
[1852/2953] sample 0: OK 31.6s -> /home/hm/Projects/Tests/2026-09-02/image-generation/realvisxl_full/t2i_compbench/numeracy/numeracy_0098/0000.png
[1853/2953] sample 0: OK 31.6s -> /home/hm/Projects/Tests/2026-09-02/image-generation/realvisxl_full/t2i_compbench/numeracy/numeracy_0099/0000.png
[1854/2953] sample 0: OK 31.6s -> /home/hm/Projects/Tests/2026-09-02/image-generation/realvisxl_full/t2i_compbench/numeracy/numeracy_0100/0000.png
[1855/2953] sample 0: OK 31.6s -> /home/hm/Projects/Tests/2026-09-02/image-generation/realvisxl_full/t2i_compbench/numeracy/numeracy_0101/0000.png
[1856/2953] sample 0: OK 31.6s -> /home/hm/Projects/Tests/2026-09-02/image-generation/realvisxl_full/t2i_compbench/numeracy/numeracy_0102/0000.png
[1857/2953] sample 0: OK 31.6s -> /home/hm/Projects/Tests/2026-09-02/image-generation/realvisxl_full/t2i_compbench/numeracy/numeracy_0103/0000.png
[1858/2953] sample 0: OK 31.6s -> /home/hm/Projects/Tests/2026-09-02/image-generation/realvisxl_full/t2i_compbench/numeracy/numeracy_0104/0000.png
[1859/2953] sample 0: OK 31.6s -> /home/hm/Projects/Tests/2026-09-02/image-generation/realvisxl_full/t2i_compbench/numeracy/numeracy_0105/0000.png
[1860/2953] sample 0: OK 31.6s -> /home/hm/Projects/Tests/2026-09-02/image-generation/realvisxl_full/t2i_compbench/numeracy/numeracy_0106/0000.png
[1861/2953] sample 0: OK 31.6s -> /home/hm/Projects/Tests/2026-09-02/image-generation/realvisxl_full/t2i_compbench/numeracy/numeracy_0107/0000.png
[1862/2953] sample 0: OK 31.6s -> /home/hm/Projects/Tests/2026-09-02/image-generation/realvisxl_full/t2i_compbench/numeracy/numeracy_0108/0000.png
[1863/2953] sample 0: OK 31.6s -> /home/hm/Projects/Tests/2026-09-02/image-generation/realvisxl_full/t2i_compbench/numeracy/numeracy_0109/0000.png
[1864/2953] sample 0: OK 31.6s -> /home/hm/Projects/Tests/2026-09-02/image-generation/realvisxl_full/t2i_compbench/numeracy/numeracy_0110/0000.png
[1865/2953] sample 0: OK 31.6s -> /home/hm/Projects/Tests/2026-09-02/image-generation/realvisxl_full/t2i_compbench/numeracy/numeracy_0111/0000.png
[1866/2953] sample 0: OK 31.6s -> /home/hm/Projects/Tests/2026-09-02/image-generation/realvisxl_full/t2i_compbench/numeracy/numeracy_0112/0000.png
[1867/2953] sample 0: OK 31.6s -> /home/hm/Projects/Tests/2026-09-02/image-generation/realvisxl_full/t2i_compbench/numeracy/numeracy_0113/0000.png
[1868/2953] sample 0: OK 31.6s -> /home/hm/Projects/Tests/2026-09-02/image-generation/realvisxl_full/t2i_compbench/numeracy/numeracy_0114/0000.png
[1869/2953] sample 0: OK 31.6s -> /home/hm/Projects/Tests/2026-09-02/image-generation/realvisxl_full/t2i_compbench/numeracy/numeracy_0115/0000.png
[1870/2953] sample 0: OK 31.6s -> /home/hm/Projects/Tests/2026-09-02/image-generation/realvisxl_full/t2i_compbench/numeracy/numeracy_0116/0000.png
[1871/2953] sample 0: OK 31.6s -> /home/hm/Projects/Tests/2026-09-02/image-generation/realvisxl_full/t2i_compbench/numeracy/numeracy_0117/0000.png
[1872/2953] sample 0: OK 31.6s -> /home/hm/Projects/Tests/2026-09-02/image-generation/realvisxl_full/t2i_compbench/numeracy/numeracy_0118/0000.png
[1873/2953] sample 0: OK 31.6s -> /home/hm/Projects/Tests/2026-09-02/image-generation/realvisxl_full/t2i_compbench/numeracy/numeracy_0119/0000.png
[1874/2953] sample 0: OK 31.6s -> /home/hm/Projects/Tests/2026-09-02/image-generation/realvisxl_full/t2i_compbench/numeracy/numeracy_0120/0000.png
[1875/2953] sample 0: OK 31.6s -> /home/hm/Projects/Tests/2026-09-02/image-generation/realvisxl_full/t2i_compbench/numeracy/numeracy_0121/0000.png
[1876/2953] sample 0: OK 31.6s -> /home/hm/Projects/Tests/2026-09-02/image-generation/realvisxl_full/t2i_compbench/numeracy/numeracy_0122/0000.png
[1877/2953] sample 0: OK 31.6s -> /home/hm/Projects/Tests/2026-09-02/image-generation/realvisxl_full/t2i_compbench/numeracy/numeracy_0123/0000.png
[1878/2953] sample 0: OK 31.6s -> /home/hm/Projects/Tests/2026-09-02/image-generation/realvisxl_full/t2i_compbench/numeracy/numeracy_0124/0000.png
[1879/2953] sample 0: OK 31.6s -> /home/hm/Projects/Tests/2026-09-02/image-generation/realvisxl_full/t2i_compbench/numeracy/numeracy_0125/0000.png
[1880/2953] sample 0: OK 31.6s -> /home/hm/Projects/Tests/2026-09-02/image-generation/realvisxl_full/t2i_compbench/numeracy/numeracy_0126/0000.png
[1881/2953] sample 0: OK 31.6s -> /home/hm/Projects/Tests/2026-09-02/image-generation/realvisxl_full/t2i_compbench/numeracy/numeracy_0127/0000.png
[1882/2953] sample 0: OK 31.6s -> /home/hm/Projects/Tests/2026-09-02/image-generation/realvisxl_full/t2i_compbench/numeracy/numeracy_0128/0000.png
[1883/2953] sample 0: OK 31.6s -> /home/hm/Projects/Tests/2026-09-02/image-generation/realvisxl_full/t2i_compbench/numeracy/numeracy_0129/0000.png
[1884/2953] sample 0: OK 31.6s -> /home/hm/Projects/Tests/2026-09-02/image-generation/realvisxl_full/t2i_compbench/numeracy/numeracy_0130/0000.png
[1885/2953] sample 0: OK 31.6s -> /home/hm/Projects/Tests/2026-09-02/image-generation/realvisxl_full/t2i_compbench/numeracy/numeracy_0131/0000.png
[1886/2953] sample 0: OK 31.6s -> /home/hm/Projects/Tests/2026-09-02/image-generation/realvisxl_full/t2i_compbench/numeracy/numeracy_0132/0000.png
[1887/2953] sample 0: OK 31.6s -> /home/hm/Projects/Tests/2026-09-02/image-generation/realvisxl_full/t2i_compbench/numeracy/numeracy_0133/0000.png
[1888/2953] sample 0: OK 31.6s -> /home/hm/Projects/Tests/2026-09-02/image-generation/realvisxl_full/t2i_compbench/numeracy/numeracy_0134/0000.png
[1889/2953] sample 0: OK 31.6s -> /home/hm/Projects/Tests/2026-09-02/image-generation/realvisxl_full/t2i_compbench/numeracy/numeracy_0135/0000.png
[1890/2953] sample 0: OK 31.6s -> /home/hm/Projects/Tests/2026-09-02/image-generation/realvisxl_full/t2i_compbench/numeracy/numeracy_0136/0000.png
[1891/2953] sample 0: OK 31.6s -> /home/hm/Projects/Tests/2026-09-02/image-generation/realvisxl_full/t2i_compbench/numeracy/numeracy_0137/0000.png
[1892/2953] sample 0: OK 31.6s -> /home/hm/Projects/Tests/2026-09-02/image-generation/realvisxl_full/t2i_compbench/numeracy/numeracy_0138/0000.png
[1893/2953] sample 0: OK 31.6s -> /home/hm/Projects/Tests/2026-09-02/image-generation/realvisxl_full/t2i_compbench/numeracy/numeracy_0139/0000.png
[1894/2953] sample 0: OK 31.6s -> /home/hm/Projects/Tests/2026-09-02/image-generation/realvisxl_full/t2i_compbench/numeracy/numeracy_0140/0000.png
[1895/2953] sample 0: OK 31.6s -> /home/hm/Projects/Tests/2026-09-02/image-generation/realvisxl_full/t2i_compbench/numeracy/numeracy_0141/0000.png
[1896/2953] sample 0: OK 31.6s -> /home/hm/Projects/Tests/2026-09-02/image-generation/realvisxl_full/t2i_compbench/numeracy/numeracy_0142/0000.png
[1897/2953] sample 0: OK 31.6s -> /home/hm/Projects/Tests/2026-09-02/image-generation/realvisxl_full/t2i_compbench/numeracy/numeracy_0143/0000.png
[1898/2953] sample 0: OK 31.6s -> /home/hm/Projects/Tests/2026-09-02/image-generation/realvisxl_full/t2i_compbench/numeracy/numeracy_0144/0000.png
[1899/2953] sample 0: OK 31.6s -> /home/hm/Projects/Tests/2026-09-02/image-generation/realvisxl_full/t2i_compbench/numeracy/numeracy_0145/0000.png
[1900/2953] sample 0: OK 31.6s -> /home/hm/Projects/Tests/2026-09-02/image-generation/realvisxl_full/t2i_compbench/numeracy/numeracy_0146/0000.png
[1901/2953] sample 0: OK 31.6s -> /home/hm/Projects/Tests/2026-09-02/image-generation/realvisxl_full/t2i_compbench/numeracy/numeracy_0147/0000.png
[1902/2953] sample 0: OK 31.6s -> /home/hm/Projects/Tests/2026-09-02/image-generation/realvisxl_full/t2i_compbench/numeracy/numeracy_0148/0000.png
[1903/2953] sample 0: OK 31.6s -> /home/hm/Projects/Tests/2026-09-02/image-generation/realvisxl_full/t2i_compbench/numeracy/numeracy_0149/0000.png
[1904/2953] sample 0: OK 31.6s -> /home/hm/Projects/Tests/2026-09-02/image-generation/realvisxl_full/t2i_compbench/numeracy/numeracy_0150/0000.png
[1905/2953] sample 0: OK 31.6s -> /home/hm/Projects/Tests/2026-09-02/image-generation/realvisxl_full/t2i_compbench/numeracy/numeracy_0151/0000.png
[1906/2953] sample 0: OK 31.6s -> /home/hm/Projects/Tests/2026-09-02/image-generation/realvisxl_full/t2i_compbench/numeracy/numeracy_0152/0000.png
[1907/2953] sample 0: OK 31.6s -> /home/hm/Projects/Tests/2026-09-02/image-generation/realvisxl_full/t2i_compbench/numeracy/numeracy_0153/0000.png
[1908/2953] sample 0: OK 31.6s -> /home/hm/Projects/Tests/2026-09-02/image-generation/realvisxl_full/t2i_compbench/numeracy/numeracy_0154/0000.png
[1909/2953] sample 0: OK 31.6s -> /home/hm/Projects/Tests/2026-09-02/image-generation/realvisxl_full/t2i_compbench/numeracy/numeracy_0155/0000.png
[1910/2953] sample 0: OK 31.6s -> /home/hm/Projects/Tests/2026-09-02/image-generation/realvisxl_full/t2i_compbench/numeracy/numeracy_0156/0000.png
[1911/2953] sample 0: OK 31.6s -> /home/hm/Projects/Tests/2026-09-02/image-generation/realvisxl_full/t2i_compbench/numeracy/numeracy_0157/0000.png
[1912/2953] sample 0: OK 31.6s -> /home/hm/Projects/Tests/2026-09-02/image-generation/realvisxl_full/t2i_compbench/numeracy/numeracy_0158/0000.png
[1913/2953] sample 0: OK 31.6s -> /home/hm/Projects/Tests/2026-09-02/image-generation/realvisxl_full/t2i_compbench/numeracy/numeracy_0159/0000.png
[1914/2953] sample 0: OK 31.6s -> /home/hm/Projects/Tests/2026-09-02/image-generation/realvisxl_full/t2i_compbench/numeracy/numeracy_0160/0000.png
[1915/2953] sample 0: OK 31.6s -> /home/hm/Projects/Tests/2026-09-02/image-generation/realvisxl_full/t2i_compbench/numeracy/numeracy_0161/0000.png
[1916/2953] sample 0: OK 31.6s -> /home/hm/Projects/Tests/2026-09-02/image-generation/realvisxl_full/t2i_compbench/numeracy/numeracy_0162/0000.png
[1917/2953] sample 0: OK 31.6s -> /home/hm/Projects/Tests/2026-09-02/image-generation/realvisxl_full/t2i_compbench/numeracy/numeracy_0163/0000.png
[1918/2953] sample 0: OK 31.6s -> /home/hm/Projects/Tests/2026-09-02/image-generation/realvisxl_full/t2i_compbench/numeracy/numeracy_0164/0000.png
[1919/2953] sample 0: OK 31.6s -> /home/hm/Projects/Tests/2026-09-02/image-generation/realvisxl_full/t2i_compbench/numeracy/numeracy_0165/0000.png
[1920/2953] sample 0: OK 31.6s -> /home/hm/Projects/Tests/2026-09-02/image-generation/realvisxl_full/t2i_compbench/numeracy/numeracy_0166/0000.png
[1921/2953] sample 0: OK 31.6s -> /home/hm/Projects/Tests/2026-09-02/image-generation/realvisxl_full/t2i_compbench/numeracy/numeracy_0167/0000.png
[1922/2953] sample 0: OK 31.6s -> /home/hm/Projects/Tests/2026-09-02/image-generation/realvisxl_full/t2i_compbench/numeracy/numeracy_0168/0000.png
[1923/2953] sample 0: OK 31.6s -> /home/hm/Projects/Tests/2026-09-02/image-generation/realvisxl_full/t2i_compbench/numeracy/numeracy_0169/0000.png
[1924/2953] sample 0: OK 31.6s -> /home/hm/Projects/Tests/2026-09-02/image-generation/realvisxl_full/t2i_compbench/numeracy/numeracy_0170/0000.png
[1925/2953] sample 0: OK 31.6s -> /home/hm/Projects/Tests/2026-09-02/image-generation/realvisxl_full/t2i_compbench/numeracy/numeracy_0171/0000.png
[1926/2953] sample 0: OK 31.6s -> /home/hm/Projects/Tests/2026-09-02/image-generation/realvisxl_full/t2i_compbench/numeracy/numeracy_0172/0000.png
[1927/2953] sample 0: OK 31.6s -> /home/hm/Projects/Tests/2026-09-02/image-generation/realvisxl_full/t2i_compbench/numeracy/numeracy_0173/0000.png
[1928/2953] sample 0: OK 31.6s -> /home/hm/Projects/Tests/2026-09-02/image-generation/realvisxl_full/t2i_compbench/numeracy/numeracy_0174/0000.png
[1929/2953] sample 0: OK 31.6s -> /home/hm/Projects/Tests/2026-09-02/image-generation/realvisxl_full/t2i_compbench/numeracy/numeracy_0175/0000.png
[1930/2953] sample 0: OK 31.6s -> /home/hm/Projects/Tests/2026-09-02/image-generation/realvisxl_full/t2i_compbench/numeracy/numeracy_0176/0000.png
[1931/2953] sample 0: OK 31.6s -> /home/hm/Projects/Tests/2026-09-02/image-generation/realvisxl_full/t2i_compbench/numeracy/numeracy_0177/0000.png
[1932/2953] sample 0: OK 31.6s -> /home/hm/Projects/Tests/2026-09-02/image-generation/realvisxl_full/t2i_compbench/numeracy/numeracy_0178/0000.png
[1933/2953] sample 0: OK 31.6s -> /home/hm/Projects/Tests/2026-09-02/image-generation/realvisxl_full/t2i_compbench/numeracy/numeracy_0179/0000.png
[1934/2953] sample 0: OK 31.6s -> /home/hm/Projects/Tests/2026-09-02/image-generation/realvisxl_full/t2i_compbench/numeracy/numeracy_0180/0000.png
[1935/2953] sample 0: OK 31.6s -> /home/hm/Projects/Tests/2026-09-02/image-generation/realvisxl_full/t2i_compbench/numeracy/numeracy_0181/0000.png
[1936/2953] sample 0: OK 31.6s -> /home/hm/Projects/Tests/2026-09-02/image-generation/realvisxl_full/t2i_compbench/numeracy/numeracy_0182/0000.png
[1937/2953] sample 0: OK 31.6s -> /home/hm/Projects/Tests/2026-09-02/image-generation/realvisxl_full/t2i_compbench/numeracy/numeracy_0183/0000.png
[1938/2953] sample 0: OK 31.6s -> /home/hm/Projects/Tests/2026-09-02/image-generation/realvisxl_full/t2i_compbench/numeracy/numeracy_0184/0000.png
[1939/2953] sample 0: OK 31.6s -> /home/hm/Projects/Tests/2026-09-02/image-generation/realvisxl_full/t2i_compbench/numeracy/numeracy_0185/0000.png
[1940/2953] sample 0: OK 31.6s -> /home/hm/Projects/Tests/2026-09-02/image-generation/realvisxl_full/t2i_compbench/numeracy/numeracy_0186/0000.png
[1941/2953] sample 0: OK 31.6s -> /home/hm/Projects/Tests/2026-09-02/image-generation/realvisxl_full/t2i_compbench/numeracy/numeracy_0187/0000.png
[1942/2953] sample 0: OK 31.6s -> /home/hm/Projects/Tests/2026-09-02/image-generation/realvisxl_full/t2i_compbench/numeracy/numeracy_0188/0000.png
[1943/2953] sample 0: OK 31.6s -> /home/hm/Projects/Tests/2026-09-02/image-generation/realvisxl_full/t2i_compbench/numeracy/numeracy_0189/0000.png
[1944/2953] sample 0: OK 31.6s -> /home/hm/Projects/Tests/2026-09-02/image-generation/realvisxl_full/t2i_compbench/numeracy/numeracy_0190/0000.png
[1945/2953] sample 0: OK 31.6s -> /home/hm/Projects/Tests/2026-09-02/image-generation/realvisxl_full/t2i_compbench/numeracy/numeracy_0191/0000.png
[1946/2953] sample 0: OK 31.6s -> /home/hm/Projects/Tests/2026-09-02/image-generation/realvisxl_full/t2i_compbench/numeracy/numeracy_0192/0000.png
[1947/2953] sample 0: OK 31.6s -> /home/hm/Projects/Tests/2026-09-02/image-generation/realvisxl_full/t2i_compbench/numeracy/numeracy_0193/0000.png
[1948/2953] sample 0: OK 31.6s -> /home/hm/Projects/Tests/2026-09-02/image-generation/realvisxl_full/t2i_compbench/numeracy/numeracy_0194/0000.png
[1949/2953] sample 0: OK 31.6s -> /home/hm/Projects/Tests/2026-09-02/image-generation/realvisxl_full/t2i_compbench/numeracy/numeracy_0195/0000.png
[1950/2953] sample 0: OK 31.6s -> /home/hm/Projects/Tests/2026-09-02/image-generation/realvisxl_full/t2i_compbench/numeracy/numeracy_0196/0000.png
[1951/2953] sample 0: OK 31.6s -> /home/hm/Projects/Tests/2026-09-02/image-generation/realvisxl_full/t2i_compbench/numeracy/numeracy_0197/0000.png
[1952/2953] sample 0: OK 31.6s -> /home/hm/Projects/Tests/2026-09-02/image-generation/realvisxl_full/t2i_compbench/numeracy/numeracy_0198/0000.png
[1953/2953] sample 0: OK 31.6s -> /home/hm/Projects/Tests/2026-09-02/image-generation/realvisxl_full/t2i_compbench/numeracy/numeracy_0199/0000.png
[1954/2953] sample 0: OK 31.6s -> /home/hm/Projects/Tests/2026-09-02/image-generation/realvisxl_full/t2i_compbench/numeracy/numeracy_0200/0000.png
[1955/2953] sample 0: OK 31.6s -> /home/hm/Projects/Tests/2026-09-02/image-generation/realvisxl_full/t2i_compbench/numeracy/numeracy_0201/0000.png
[1956/2953] sample 0: OK 31.6s -> /home/hm/Projects/Tests/2026-09-02/image-generation/realvisxl_full/t2i_compbench/numeracy/numeracy_0202/0000.png
[1957/2953] sample 0: OK 31.6s -> /home/hm/Projects/Tests/2026-09-02/image-generation/realvisxl_full/t2i_compbench/numeracy/numeracy_0203/0000.png
[1958/2953] sample 0: OK 31.6s -> /home/hm/Projects/Tests/2026-09-02/image-generation/realvisxl_full/t2i_compbench/numeracy/numeracy_0204/0000.png
[1959/2953] sample 0: OK 31.6s -> /home/hm/Projects/Tests/2026-09-02/image-generation/realvisxl_full/t2i_compbench/numeracy/numeracy_0205/0000.png
[1960/2953] sample 0: OK 31.6s -> /home/hm/Projects/Tests/2026-09-02/image-generation/realvisxl_full/t2i_compbench/numeracy/numeracy_0206/0000.png
[1961/2953] sample 0: OK 31.6s -> /home/hm/Projects/Tests/2026-09-02/image-generation/realvisxl_full/t2i_compbench/numeracy/numeracy_0207/0000.png
[1962/2953] sample 0: OK 31.6s -> /home/hm/Projects/Tests/2026-09-02/image-generation/realvisxl_full/t2i_compbench/numeracy/numeracy_0208/0000.png
[1963/2953] sample 0: OK 31.6s -> /home/hm/Projects/Tests/2026-09-02/image-generation/realvisxl_full/t2i_compbench/numeracy/numeracy_0209/0000.png
[1964/2953] sample 0: OK 31.6s -> /home/hm/Projects/Tests/2026-09-02/image-generation/realvisxl_full/t2i_compbench/numeracy/numeracy_0210/0000.png
[1965/2953] sample 0: OK 31.6s -> /home/hm/Projects/Tests/2026-09-02/image-generation/realvisxl_full/t2i_compbench/numeracy/numeracy_0211/0000.png
[1966/2953] sample 0: OK 31.6s -> /home/hm/Projects/Tests/2026-09-02/image-generation/realvisxl_full/t2i_compbench/numeracy/numeracy_0212/0000.png
[1967/2953] sample 0: OK 31.6s -> /home/hm/Projects/Tests/2026-09-02/image-generation/realvisxl_full/t2i_compbench/numeracy/numeracy_0213/0000.png
[1968/2953] sample 0: OK 31.6s -> /home/hm/Projects/Tests/2026-09-02/image-generation/realvisxl_full/t2i_compbench/numeracy/numeracy_0214/0000.png
[1969/2953] sample 0: OK 31.6s -> /home/hm/Projects/Tests/2026-09-02/image-generation/realvisxl_full/t2i_compbench/numeracy/numeracy_0215/0000.png
[1970/2953] sample 0: OK 31.6s -> /home/hm/Projects/Tests/2026-09-02/image-generation/realvisxl_full/t2i_compbench/numeracy/numeracy_0216/0000.png
[1971/2953] sample 0: OK 31.6s -> /home/hm/Projects/Tests/2026-09-02/image-generation/realvisxl_full/t2i_compbench/numeracy/numeracy_0217/0000.png
[1972/2953] sample 0: OK 31.6s -> /home/hm/Projects/Tests/2026-09-02/image-generation/realvisxl_full/t2i_compbench/numeracy/numeracy_0218/0000.png
[1973/2953] sample 0: OK 31.6s -> /home/hm/Projects/Tests/2026-09-02/image-generation/realvisxl_full/t2i_compbench/numeracy/numeracy_0219/0000.png
[1974/2953] sample 0: OK 31.6s -> /home/hm/Projects/Tests/2026-09-02/image-generation/realvisxl_full/t2i_compbench/numeracy/numeracy_0220/0000.png
[1975/2953] sample 0: OK 31.6s -> /home/hm/Projects/Tests/2026-09-02/image-generation/realvisxl_full/t2i_compbench/numeracy/numeracy_0221/0000.png
[1976/2953] sample 0: OK 31.6s -> /home/hm/Projects/Tests/2026-09-02/image-generation/realvisxl_full/t2i_compbench/numeracy/numeracy_0222/0000.png
[1977/2953] sample 0: OK 31.6s -> /home/hm/Projects/Tests/2026-09-02/image-generation/realvisxl_full/t2i_compbench/numeracy/numeracy_0223/0000.png
[1978/2953] sample 0: OK 31.6s -> /home/hm/Projects/Tests/2026-09-02/image-generation/realvisxl_full/t2i_compbench/numeracy/numeracy_0224/0000.png
[1979/2953] sample 0: OK 31.6s -> /home/hm/Projects/Tests/2026-09-02/image-generation/realvisxl_full/t2i_compbench/numeracy/numeracy_0225/0000.png
[1980/2953] sample 0: OK 31.6s -> /home/hm/Projects/Tests/2026-09-02/image-generation/realvisxl_full/t2i_compbench/numeracy/numeracy_0226/0000.png
[1981/2953] sample 0: OK 31.6s -> /home/hm/Projects/Tests/2026-09-02/image-generation/realvisxl_full/t2i_compbench/numeracy/numeracy_0227/0000.png
[1982/2953] sample 0: OK 31.6s -> /home/hm/Projects/Tests/2026-09-02/image-generation/realvisxl_full/t2i_compbench/numeracy/numeracy_0228/0000.png
[1983/2953] sample 0: OK 31.6s -> /home/hm/Projects/Tests/2026-09-02/image-generation/realvisxl_full/t2i_compbench/numeracy/numeracy_0229/0000.png
[1984/2953] sample 0: OK 31.6s -> /home/hm/Projects/Tests/2026-09-02/image-generation/realvisxl_full/t2i_compbench/numeracy/numeracy_0230/0000.png
[1985/2953] sample 0: OK 31.6s -> /home/hm/Projects/Tests/2026-09-02/image-generation/realvisxl_full/t2i_compbench/numeracy/numeracy_0231/0000.png
[1986/2953] sample 0: OK 31.6s -> /home/hm/Projects/Tests/2026-09-02/image-generation/realvisxl_full/t2i_compbench/numeracy/numeracy_0232/0000.png
[1987/2953] sample 0: OK 31.6s -> /home/hm/Projects/Tests/2026-09-02/image-generation/realvisxl_full/t2i_compbench/numeracy/numeracy_0233/0000.png
[1988/2953] sample 0: OK 31.6s -> /home/hm/Projects/Tests/2026-09-02/image-generation/realvisxl_full/t2i_compbench/numeracy/numeracy_0234/0000.png
[1989/2953] sample 0: OK 31.6s -> /home/hm/Projects/Tests/2026-09-02/image-generation/realvisxl_full/t2i_compbench/numeracy/numeracy_0235/0000.png
[1990/2953] sample 0: OK 31.6s -> /home/hm/Projects/Tests/2026-09-02/image-generation/realvisxl_full/t2i_compbench/numeracy/numeracy_0236/0000.png
[1991/2953] sample 0: OK 31.6s -> /home/hm/Projects/Tests/2026-09-02/image-generation/realvisxl_full/t2i_compbench/numeracy/numeracy_0237/0000.png
[1992/2953] sample 0: OK 31.6s -> /home/hm/Projects/Tests/2026-09-02/image-generation/realvisxl_full/t2i_compbench/numeracy/numeracy_0238/0000.png
[1993/2953] sample 0: OK 31.6s -> /home/hm/Projects/Tests/2026-09-02/image-generation/realvisxl_full/t2i_compbench/numeracy/numeracy_0239/0000.png
[1994/2953] sample 0: OK 31.6s -> /home/hm/Projects/Tests/2026-09-02/image-generation/realvisxl_full/t2i_compbench/numeracy/numeracy_0240/0000.png
[1995/2953] sample 0: OK 31.6s -> /home/hm/Projects/Tests/2026-09-02/image-generation/realvisxl_full/t2i_compbench/numeracy/numeracy_0241/0000.png
[1996/2953] sample 0: OK 31.6s -> /home/hm/Projects/Tests/2026-09-02/image-generation/realvisxl_full/t2i_compbench/numeracy/numeracy_0242/0000.png
[1997/2953] sample 0: OK 31.6s -> /home/hm/Projects/Tests/2026-09-02/image-generation/realvisxl_full/t2i_compbench/numeracy/numeracy_0243/0000.png
[1998/2953] sample 0: OK 31.6s -> /home/hm/Projects/Tests/2026-09-02/image-generation/realvisxl_full/t2i_compbench/numeracy/numeracy_0244/0000.png
[1999/2953] sample 0: OK 31.6s -> /home/hm/Projects/Tests/2026-09-02/image-generation/realvisxl_full/t2i_compbench/numeracy/numeracy_0245/0000.png
[2000/2953] sample 0: OK 31.6s -> /home/hm/Projects/Tests/2026-09-02/image-generation/realvisxl_full/t2i_compbench/numeracy/numeracy_0246/0000.png
[2001/2953] sample 0: OK 31.6s -> /home/hm/Projects/Tests/2026-09-02/image-generation/realvisxl_full/t2i_compbench/numeracy/numeracy_0247/0000.png
[2002/2953] sample 0: OK 31.6s -> /home/hm/Projects/Tests/2026-09-02/image-generation/realvisxl_full/t2i_compbench/numeracy/numeracy_0248/0000.png
[2003/2953] sample 0: OK 31.6s -> /home/hm/Projects/Tests/2026-09-02/image-generation/realvisxl_full/t2i_compbench/numeracy/numeracy_0249/0000.png
[2004/2953] sample 0: OK 31.6s -> /home/hm/Projects/Tests/2026-09-02/image-generation/realvisxl_full/t2i_compbench/numeracy/numeracy_0250/0000.png
[2005/2953] sample 0: OK 31.6s -> /home/hm/Projects/Tests/2026-09-02/image-generation/realvisxl_full/t2i_compbench/numeracy/numeracy_0251/0000.png
[2006/2953] sample 0: OK 31.6s -> /home/hm/Projects/Tests/2026-09-02/image-generation/realvisxl_full/t2i_compbench/numeracy/numeracy_0252/0000.png
[2007/2953] sample 0: OK 31.6s -> /home/hm/Projects/Tests/2026-09-02/image-generation/realvisxl_full/t2i_compbench/numeracy/numeracy_0253/0000.png
[2008/2953] sample 0: OK 31.6s -> /home/hm/Projects/Tests/2026-09-02/image-generation/realvisxl_full/t2i_compbench/numeracy/numeracy_0254/0000.png
[2009/2953] sample 0: OK 31.6s -> /home/hm/Projects/Tests/2026-09-02/image-generation/realvisxl_full/t2i_compbench/numeracy/numeracy_0255/0000.png
[2010/2953] sample 0: OK 31.6s -> /home/hm/Projects/Tests/2026-09-02/image-generation/realvisxl_full/t2i_compbench/numeracy/numeracy_0256/0000.png
[2011/2953] sample 0: OK 31.6s -> /home/hm/Projects/Tests/2026-09-02/image-generation/realvisxl_full/t2i_compbench/numeracy/numeracy_0257/0000.png
[2012/2953] sample 0: OK 31.6s -> /home/hm/Projects/Tests/2026-09-02/image-generation/realvisxl_full/t2i_compbench/numeracy/numeracy_0258/0000.png
[2013/2953] sample 0: OK 31.6s -> /home/hm/Projects/Tests/2026-09-02/image-generation/realvisxl_full/t2i_compbench/numeracy/numeracy_0259/0000.png
[2014/2953] sample 0: OK 31.6s -> /home/hm/Projects/Tests/2026-09-02/image-generation/realvisxl_full/t2i_compbench/numeracy/numeracy_0260/0000.png
[2015/2953] sample 0: OK 31.6s -> /home/hm/Projects/Tests/2026-09-02/image-generation/realvisxl_full/t2i_compbench/numeracy/numeracy_0261/0000.png
[2016/2953] sample 0: OK 31.6s -> /home/hm/Projects/Tests/2026-09-02/image-generation/realvisxl_full/t2i_compbench/numeracy/numeracy_0262/0000.png
[2017/2953] sample 0: OK 31.6s -> /home/hm/Projects/Tests/2026-09-02/image-generation/realvisxl_full/t2i_compbench/numeracy/numeracy_0263/0000.png
[2018/2953] sample 0: OK 31.6s -> /home/hm/Projects/Tests/2026-09-02/image-generation/realvisxl_full/t2i_compbench/numeracy/numeracy_0264/0000.png
[2019/2953] sample 0: OK 31.6s -> /home/hm/Projects/Tests/2026-09-02/image-generation/realvisxl_full/t2i_compbench/numeracy/numeracy_0265/0000.png
[2020/2953] sample 0: OK 31.6s -> /home/hm/Projects/Tests/2026-09-02/image-generation/realvisxl_full/t2i_compbench/numeracy/numeracy_0266/0000.png
[2021/2953] sample 0: OK 31.6s -> /home/hm/Projects/Tests/2026-09-02/image-generation/realvisxl_full/t2i_compbench/numeracy/numeracy_0267/0000.png
[2022/2953] sample 0: OK 31.6s -> /home/hm/Projects/Tests/2026-09-02/image-generation/realvisxl_full/t2i_compbench/numeracy/numeracy_0268/0000.png
[2023/2953] sample 0: OK 31.6s -> /home/hm/Projects/Tests/2026-09-02/image-generation/realvisxl_full/t2i_compbench/numeracy/numeracy_0269/0000.png
[2024/2953] sample 0: OK 31.6s -> /home/hm/Projects/Tests/2026-09-02/image-generation/realvisxl_full/t2i_compbench/numeracy/numeracy_0270/0000.png
[2025/2953] sample 0: OK 31.6s -> /home/hm/Projects/Tests/2026-09-02/image-generation/realvisxl_full/t2i_compbench/numeracy/numeracy_0271/0000.png
[2026/2953] sample 0: OK 31.6s -> /home/hm/Projects/Tests/2026-09-02/image-generation/realvisxl_full/t2i_compbench/numeracy/numeracy_0272/0000.png
[2027/2953] sample 0: OK 31.6s -> /home/hm/Projects/Tests/2026-09-02/image-generation/realvisxl_full/t2i_compbench/numeracy/numeracy_0273/0000.png
[2028/2953] sample 0: OK 31.6s -> /home/hm/Projects/Tests/2026-09-02/image-generation/realvisxl_full/t2i_compbench/numeracy/numeracy_0274/0000.png
[2029/2953] sample 0: OK 31.6s -> /home/hm/Projects/Tests/2026-09-02/image-generation/realvisxl_full/t2i_compbench/numeracy/numeracy_0275/0000.png
[2030/2953] sample 0: OK 31.6s -> /home/hm/Projects/Tests/2026-09-02/image-generation/realvisxl_full/t2i_compbench/numeracy/numeracy_0276/0000.png
[2031/2953] sample 0: OK 31.6s -> /home/hm/Projects/Tests/2026-09-02/image-generation/realvisxl_full/t2i_compbench/numeracy/numeracy_0277/0000.png
[2032/2953] sample 0: OK 31.6s -> /home/hm/Projects/Tests/2026-09-02/image-generation/realvisxl_full/t2i_compbench/numeracy/numeracy_0278/0000.png
[2033/2953] sample 0: OK 31.6s -> /home/hm/Projects/Tests/2026-09-02/image-generation/realvisxl_full/t2i_compbench/numeracy/numeracy_0279/0000.png
[2034/2953] sample 0: OK 31.6s -> /home/hm/Projects/Tests/2026-09-02/image-generation/realvisxl_full/t2i_compbench/numeracy/numeracy_0280/0000.png
[2035/2953] sample 0: OK 31.6s -> /home/hm/Projects/Tests/2026-09-02/image-generation/realvisxl_full/t2i_compbench/numeracy/numeracy_0281/0000.png
[2036/2953] sample 0: OK 31.6s -> /home/hm/Projects/Tests/2026-09-02/image-generation/realvisxl_full/t2i_compbench/numeracy/numeracy_0282/0000.png
[2037/2953] sample 0: OK 31.6s -> /home/hm/Projects/Tests/2026-09-02/image-generation/realvisxl_full/t2i_compbench/numeracy/numeracy_0283/0000.png
[2038/2953] sample 0: OK 31.6s -> /home/hm/Projects/Tests/2026-09-02/image-generation/realvisxl_full/t2i_compbench/numeracy/numeracy_0284/0000.png
[2039/2953] sample 0: OK 31.6s -> /home/hm/Projects/Tests/2026-09-02/image-generation/realvisxl_full/t2i_compbench/numeracy/numeracy_0285/0000.png
[2040/2953] sample 0: OK 31.6s -> /home/hm/Projects/Tests/2026-09-02/image-generation/realvisxl_full/t2i_compbench/numeracy/numeracy_0286/0000.png
[2041/2953] sample 0: OK 31.6s -> /home/hm/Projects/Tests/2026-09-02/image-generation/realvisxl_full/t2i_compbench/numeracy/numeracy_0287/0000.png
[2042/2953] sample 0: OK 31.6s -> /home/hm/Projects/Tests/2026-09-02/image-generation/realvisxl_full/t2i_compbench/numeracy/numeracy_0288/0000.png
[2043/2953] sample 0: OK 31.6s -> /home/hm/Projects/Tests/2026-09-02/image-generation/realvisxl_full/t2i_compbench/numeracy/numeracy_0289/0000.png
[2044/2953] sample 0: OK 31.6s -> /home/hm/Projects/Tests/2026-09-02/image-generation/realvisxl_full/t2i_compbench/numeracy/numeracy_0290/0000.png
[2045/2953] sample 0: OK 31.6s -> /home/hm/Projects/Tests/2026-09-02/image-generation/realvisxl_full/t2i_compbench/numeracy/numeracy_0291/0000.png
[2046/2953] sample 0: OK 31.6s -> /home/hm/Projects/Tests/2026-09-02/image-generation/realvisxl_full/t2i_compbench/numeracy/numeracy_0292/0000.png
[2047/2953] sample 0: OK 31.6s -> /home/hm/Projects/Tests/2026-09-02/image-generation/realvisxl_full/t2i_compbench/numeracy/numeracy_0293/0000.png
[2048/2953] sample 0: OK 31.6s -> /home/hm/Projects/Tests/2026-09-02/image-generation/realvisxl_full/t2i_compbench/numeracy/numeracy_0294/0000.png
[2049/2953] sample 0: OK 31.6s -> /home/hm/Projects/Tests/2026-09-02/image-generation/realvisxl_full/t2i_compbench/numeracy/numeracy_0295/0000.png
[2050/2953] sample 0: OK 31.6s -> /home/hm/Projects/Tests/2026-09-02/image-generation/realvisxl_full/t2i_compbench/numeracy/numeracy_0296/0000.png
[2051/2953] sample 0: OK 31.6s -> /home/hm/Projects/Tests/2026-09-02/image-generation/realvisxl_full/t2i_compbench/numeracy/numeracy_0297/0000.png
[2052/2953] sample 0: OK 31.6s -> /home/hm/Projects/Tests/2026-09-02/image-generation/realvisxl_full/t2i_compbench/numeracy/numeracy_0298/0000.png
[2053/2953] sample 0: OK 31.6s -> /home/hm/Projects/Tests/2026-09-02/image-generation/realvisxl_full/t2i_compbench/numeracy/numeracy_0299/0000.png
[2054/2953] sample 0: OK 31.6s -> /home/hm/Projects/Tests/2026-09-02/image-generation/realvisxl_full/t2i_compbench/shape/shape_0000/0000.png
[2055/2953] sample 0: OK 31.6s -> /home/hm/Projects/Tests/2026-09-02/image-generation/realvisxl_full/t2i_compbench/shape/shape_0001/0000.png
[2056/2953] sample 0: OK 31.6s -> /home/hm/Projects/Tests/2026-09-02/image-generation/realvisxl_full/t2i_compbench/shape/shape_0002/0000.png
[2057/2953] sample 0: OK 31.6s -> /home/hm/Projects/Tests/2026-09-02/image-generation/realvisxl_full/t2i_compbench/shape/shape_0003/0000.png
[2058/2953] sample 0: OK 31.6s -> /home/hm/Projects/Tests/2026-09-02/image-generation/realvisxl_full/t2i_compbench/shape/shape_0004/0000.png
[2059/2953] sample 0: OK 31.6s -> /home/hm/Projects/Tests/2026-09-02/image-generation/realvisxl_full/t2i_compbench/shape/shape_0005/0000.png
[2060/2953] sample 0: OK 31.6s -> /home/hm/Projects/Tests/2026-09-02/image-generation/realvisxl_full/t2i_compbench/shape/shape_0006/0000.png
[2061/2953] sample 0: OK 31.6s -> /home/hm/Projects/Tests/2026-09-02/image-generation/realvisxl_full/t2i_compbench/shape/shape_0007/0000.png
[2062/2953] sample 0: OK 31.6s -> /home/hm/Projects/Tests/2026-09-02/image-generation/realvisxl_full/t2i_compbench/shape/shape_0008/0000.png
[2063/2953] sample 0: OK 31.6s -> /home/hm/Projects/Tests/2026-09-02/image-generation/realvisxl_full/t2i_compbench/shape/shape_0009/0000.png
[2064/2953] sample 0: OK 31.6s -> /home/hm/Projects/Tests/2026-09-02/image-generation/realvisxl_full/t2i_compbench/shape/shape_0010/0000.png
[2065/2953] sample 0: OK 31.6s -> /home/hm/Projects/Tests/2026-09-02/image-generation/realvisxl_full/t2i_compbench/shape/shape_0011/0000.png
[2066/2953] sample 0: OK 31.6s -> /home/hm/Projects/Tests/2026-09-02/image-generation/realvisxl_full/t2i_compbench/shape/shape_0012/0000.png
[2067/2953] sample 0: OK 31.6s -> /home/hm/Projects/Tests/2026-09-02/image-generation/realvisxl_full/t2i_compbench/shape/shape_0013/0000.png
[2068/2953] sample 0: OK 31.6s -> /home/hm/Projects/Tests/2026-09-02/image-generation/realvisxl_full/t2i_compbench/shape/shape_0014/0000.png
[2069/2953] sample 0: OK 31.6s -> /home/hm/Projects/Tests/2026-09-02/image-generation/realvisxl_full/t2i_compbench/shape/shape_0015/0000.png
[2070/2953] sample 0: OK 31.6s -> /home/hm/Projects/Tests/2026-09-02/image-generation/realvisxl_full/t2i_compbench/shape/shape_0016/0000.png
[2071/2953] sample 0: OK 31.6s -> /home/hm/Projects/Tests/2026-09-02/image-generation/realvisxl_full/t2i_compbench/shape/shape_0017/0000.png
[2072/2953] sample 0: OK 31.6s -> /home/hm/Projects/Tests/2026-09-02/image-generation/realvisxl_full/t2i_compbench/shape/shape_0018/0000.png
[2073/2953] sample 0: OK 31.6s -> /home/hm/Projects/Tests/2026-09-02/image-generation/realvisxl_full/t2i_compbench/shape/shape_0019/0000.png
[2074/2953] sample 0: OK 31.6s -> /home/hm/Projects/Tests/2026-09-02/image-generation/realvisxl_full/t2i_compbench/shape/shape_0020/0000.png
[2075/2953] sample 0: OK 31.6s -> /home/hm/Projects/Tests/2026-09-02/image-generation/realvisxl_full/t2i_compbench/shape/shape_0021/0000.png
[2076/2953] sample 0: OK 31.6s -> /home/hm/Projects/Tests/2026-09-02/image-generation/realvisxl_full/t2i_compbench/shape/shape_0022/0000.png
[2077/2953] sample 0: OK 31.6s -> /home/hm/Projects/Tests/2026-09-02/image-generation/realvisxl_full/t2i_compbench/shape/shape_0023/0000.png
[2078/2953] sample 0: OK 31.6s -> /home/hm/Projects/Tests/2026-09-02/image-generation/realvisxl_full/t2i_compbench/shape/shape_0024/0000.png
[2079/2953] sample 0: OK 31.6s -> /home/hm/Projects/Tests/2026-09-02/image-generation/realvisxl_full/t2i_compbench/shape/shape_0025/0000.png
[2080/2953] sample 0: OK 31.6s -> /home/hm/Projects/Tests/2026-09-02/image-generation/realvisxl_full/t2i_compbench/shape/shape_0026/0000.png
[2081/2953] sample 0: OK 31.6s -> /home/hm/Projects/Tests/2026-09-02/image-generation/realvisxl_full/t2i_compbench/shape/shape_0027/0000.png
[2082/2953] sample 0: OK 31.6s -> /home/hm/Projects/Tests/2026-09-02/image-generation/realvisxl_full/t2i_compbench/shape/shape_0028/0000.png
[2083/2953] sample 0: OK 31.6s -> /home/hm/Projects/Tests/2026-09-02/image-generation/realvisxl_full/t2i_compbench/shape/shape_0029/0000.png
[2084/2953] sample 0: OK 31.6s -> /home/hm/Projects/Tests/2026-09-02/image-generation/realvisxl_full/t2i_compbench/shape/shape_0030/0000.png
[2085/2953] sample 0: OK 31.6s -> /home/hm/Projects/Tests/2026-09-02/image-generation/realvisxl_full/t2i_compbench/shape/shape_0031/0000.png
[2086/2953] sample 0: OK 31.6s -> /home/hm/Projects/Tests/2026-09-02/image-generation/realvisxl_full/t2i_compbench/shape/shape_0032/0000.png
[2087/2953] sample 0: OK 31.6s -> /home/hm/Projects/Tests/2026-09-02/image-generation/realvisxl_full/t2i_compbench/shape/shape_0033/0000.png
[2088/2953] sample 0: OK 31.6s -> /home/hm/Projects/Tests/2026-09-02/image-generation/realvisxl_full/t2i_compbench/shape/shape_0034/0000.png
[2089/2953] sample 0: OK 31.6s -> /home/hm/Projects/Tests/2026-09-02/image-generation/realvisxl_full/t2i_compbench/shape/shape_0035/0000.png
[2090/2953] sample 0: OK 31.6s -> /home/hm/Projects/Tests/2026-09-02/image-generation/realvisxl_full/t2i_compbench/shape/shape_0036/0000.png
[2091/2953] sample 0: OK 31.6s -> /home/hm/Projects/Tests/2026-09-02/image-generation/realvisxl_full/t2i_compbench/shape/shape_0037/0000.png
[2092/2953] sample 0: OK 31.6s -> /home/hm/Projects/Tests/2026-09-02/image-generation/realvisxl_full/t2i_compbench/shape/shape_0038/0000.png
[2093/2953] sample 0: OK 31.6s -> /home/hm/Projects/Tests/2026-09-02/image-generation/realvisxl_full/t2i_compbench/shape/shape_0039/0000.png
[2094/2953] sample 0: OK 31.6s -> /home/hm/Projects/Tests/2026-09-02/image-generation/realvisxl_full/t2i_compbench/shape/shape_0040/0000.png
[2095/2953] sample 0: OK 31.6s -> /home/hm/Projects/Tests/2026-09-02/image-generation/realvisxl_full/t2i_compbench/shape/shape_0041/0000.png
[2096/2953] sample 0: OK 31.6s -> /home/hm/Projects/Tests/2026-09-02/image-generation/realvisxl_full/t2i_compbench/shape/shape_0042/0000.png
[2097/2953] sample 0: OK 31.6s -> /home/hm/Projects/Tests/2026-09-02/image-generation/realvisxl_full/t2i_compbench/shape/shape_0043/0000.png
[2098/2953] sample 0: OK 31.6s -> /home/hm/Projects/Tests/2026-09-02/image-generation/realvisxl_full/t2i_compbench/shape/shape_0044/0000.png
[2099/2953] sample 0: OK 31.6s -> /home/hm/Projects/Tests/2026-09-02/image-generation/realvisxl_full/t2i_compbench/shape/shape_0045/0000.png
[2100/2953] sample 0: OK 31.6s -> /home/hm/Projects/Tests/2026-09-02/image-generation/realvisxl_full/t2i_compbench/shape/shape_0046/0000.png
[2101/2953] sample 0: OK 31.6s -> /home/hm/Projects/Tests/2026-09-02/image-generation/realvisxl_full/t2i_compbench/shape/shape_0047/0000.png
[2102/2953] sample 0: OK 31.6s -> /home/hm/Projects/Tests/2026-09-02/image-generation/realvisxl_full/t2i_compbench/shape/shape_0048/0000.png
[2103/2953] sample 0: OK 31.6s -> /home/hm/Projects/Tests/2026-09-02/image-generation/realvisxl_full/t2i_compbench/shape/shape_0049/0000.png
[2104/2953] sample 0: OK 31.6s -> /home/hm/Projects/Tests/2026-09-02/image-generation/realvisxl_full/t2i_compbench/shape/shape_0050/0000.png
[2105/2953] sample 0: OK 31.6s -> /home/hm/Projects/Tests/2026-09-02/image-generation/realvisxl_full/t2i_compbench/shape/shape_0051/0000.png
[2106/2953] sample 0: OK 31.6s -> /home/hm/Projects/Tests/2026-09-02/image-generation/realvisxl_full/t2i_compbench/shape/shape_0052/0000.png
[2107/2953] sample 0: OK 31.6s -> /home/hm/Projects/Tests/2026-09-02/image-generation/realvisxl_full/t2i_compbench/shape/shape_0053/0000.png
[2108/2953] sample 0: OK 31.6s -> /home/hm/Projects/Tests/2026-09-02/image-generation/realvisxl_full/t2i_compbench/shape/shape_0054/0000.png
[2109/2953] sample 0: OK 31.6s -> /home/hm/Projects/Tests/2026-09-02/image-generation/realvisxl_full/t2i_compbench/shape/shape_0055/0000.png
[2110/2953] sample 0: OK 31.6s -> /home/hm/Projects/Tests/2026-09-02/image-generation/realvisxl_full/t2i_compbench/shape/shape_0056/0000.png
[2111/2953] sample 0: OK 31.6s -> /home/hm/Projects/Tests/2026-09-02/image-generation/realvisxl_full/t2i_compbench/shape/shape_0057/0000.png
[2112/2953] sample 0: OK 31.6s -> /home/hm/Projects/Tests/2026-09-02/image-generation/realvisxl_full/t2i_compbench/shape/shape_0058/0000.png
[2113/2953] sample 0: OK 31.6s -> /home/hm/Projects/Tests/2026-09-02/image-generation/realvisxl_full/t2i_compbench/shape/shape_0059/0000.png
[2114/2953] sample 0: OK 31.6s -> /home/hm/Projects/Tests/2026-09-02/image-generation/realvisxl_full/t2i_compbench/shape/shape_0060/0000.png
[2115/2953] sample 0: OK 31.6s -> /home/hm/Projects/Tests/2026-09-02/image-generation/realvisxl_full/t2i_compbench/shape/shape_0061/0000.png
[2116/2953] sample 0: OK 31.6s -> /home/hm/Projects/Tests/2026-09-02/image-generation/realvisxl_full/t2i_compbench/shape/shape_0062/0000.png
[2117/2953] sample 0: OK 31.6s -> /home/hm/Projects/Tests/2026-09-02/image-generation/realvisxl_full/t2i_compbench/shape/shape_0063/0000.png
[2118/2953] sample 0: OK 31.6s -> /home/hm/Projects/Tests/2026-09-02/image-generation/realvisxl_full/t2i_compbench/shape/shape_0064/0000.png
[2119/2953] sample 0: OK 31.6s -> /home/hm/Projects/Tests/2026-09-02/image-generation/realvisxl_full/t2i_compbench/shape/shape_0065/0000.png
[2120/2953] sample 0: OK 31.6s -> /home/hm/Projects/Tests/2026-09-02/image-generation/realvisxl_full/t2i_compbench/shape/shape_0066/0000.png
[2121/2953] sample 0: OK 31.6s -> /home/hm/Projects/Tests/2026-09-02/image-generation/realvisxl_full/t2i_compbench/shape/shape_0067/0000.png
[2122/2953] sample 0: OK 31.6s -> /home/hm/Projects/Tests/2026-09-02/image-generation/realvisxl_full/t2i_compbench/shape/shape_0068/0000.png
[2123/2953] sample 0: OK 31.6s -> /home/hm/Projects/Tests/2026-09-02/image-generation/realvisxl_full/t2i_compbench/shape/shape_0069/0000.png
[2124/2953] sample 0: OK 31.6s -> /home/hm/Projects/Tests/2026-09-02/image-generation/realvisxl_full/t2i_compbench/shape/shape_0070/0000.png
[2125/2953] sample 0: OK 31.6s -> /home/hm/Projects/Tests/2026-09-02/image-generation/realvisxl_full/t2i_compbench/shape/shape_0071/0000.png
[2126/2953] sample 0: OK 31.6s -> /home/hm/Projects/Tests/2026-09-02/image-generation/realvisxl_full/t2i_compbench/shape/shape_0072/0000.png
[2127/2953] sample 0: OK 31.6s -> /home/hm/Projects/Tests/2026-09-02/image-generation/realvisxl_full/t2i_compbench/shape/shape_0073/0000.png
[2128/2953] sample 0: OK 31.6s -> /home/hm/Projects/Tests/2026-09-02/image-generation/realvisxl_full/t2i_compbench/shape/shape_0074/0000.png
[2129/2953] sample 0: OK 31.6s -> /home/hm/Projects/Tests/2026-09-02/image-generation/realvisxl_full/t2i_compbench/shape/shape_0075/0000.png
[2130/2953] sample 0: OK 31.6s -> /home/hm/Projects/Tests/2026-09-02/image-generation/realvisxl_full/t2i_compbench/shape/shape_0076/0000.png
[2131/2953] sample 0: OK 31.6s -> /home/hm/Projects/Tests/2026-09-02/image-generation/realvisxl_full/t2i_compbench/shape/shape_0077/0000.png
[2132/2953] sample 0: OK 31.6s -> /home/hm/Projects/Tests/2026-09-02/image-generation/realvisxl_full/t2i_compbench/shape/shape_0078/0000.png
[2133/2953] sample 0: OK 31.6s -> /home/hm/Projects/Tests/2026-09-02/image-generation/realvisxl_full/t2i_compbench/shape/shape_0079/0000.png
[2134/2953] sample 0: OK 31.6s -> /home/hm/Projects/Tests/2026-09-02/image-generation/realvisxl_full/t2i_compbench/shape/shape_0080/0000.png
[2135/2953] sample 0: OK 31.6s -> /home/hm/Projects/Tests/2026-09-02/image-generation/realvisxl_full/t2i_compbench/shape/shape_0081/0000.png
[2136/2953] sample 0: OK 31.6s -> /home/hm/Projects/Tests/2026-09-02/image-generation/realvisxl_full/t2i_compbench/shape/shape_0082/0000.png
[2137/2953] sample 0: OK 31.6s -> /home/hm/Projects/Tests/2026-09-02/image-generation/realvisxl_full/t2i_compbench/shape/shape_0083/0000.png
[2138/2953] sample 0: OK 31.6s -> /home/hm/Projects/Tests/2026-09-02/image-generation/realvisxl_full/t2i_compbench/shape/shape_0084/0000.png
[2139/2953] sample 0: OK 31.6s -> /home/hm/Projects/Tests/2026-09-02/image-generation/realvisxl_full/t2i_compbench/shape/shape_0085/0000.png
[2140/2953] sample 0: OK 31.6s -> /home/hm/Projects/Tests/2026-09-02/image-generation/realvisxl_full/t2i_compbench/shape/shape_0086/0000.png
[2141/2953] sample 0: OK 31.6s -> /home/hm/Projects/Tests/2026-09-02/image-generation/realvisxl_full/t2i_compbench/shape/shape_0087/0000.png
[2142/2953] sample 0: OK 31.6s -> /home/hm/Projects/Tests/2026-09-02/image-generation/realvisxl_full/t2i_compbench/shape/shape_0088/0000.png
[2143/2953] sample 0: OK 31.6s -> /home/hm/Projects/Tests/2026-09-02/image-generation/realvisxl_full/t2i_compbench/shape/shape_0089/0000.png
[2144/2953] sample 0: OK 31.6s -> /home/hm/Projects/Tests/2026-09-02/image-generation/realvisxl_full/t2i_compbench/shape/shape_0090/0000.png
[2145/2953] sample 0: OK 31.6s -> /home/hm/Projects/Tests/2026-09-02/image-generation/realvisxl_full/t2i_compbench/shape/shape_0091/0000.png
[2146/2953] sample 0: OK 31.6s -> /home/hm/Projects/Tests/2026-09-02/image-generation/realvisxl_full/t2i_compbench/shape/shape_0092/0000.png
[2147/2953] sample 0: OK 31.6s -> /home/hm/Projects/Tests/2026-09-02/image-generation/realvisxl_full/t2i_compbench/shape/shape_0093/0000.png
[2148/2953] sample 0: OK 31.6s -> /home/hm/Projects/Tests/2026-09-02/image-generation/realvisxl_full/t2i_compbench/shape/shape_0094/0000.png
[2149/2953] sample 0: OK 31.6s -> /home/hm/Projects/Tests/2026-09-02/image-generation/realvisxl_full/t2i_compbench/shape/shape_0095/0000.png
[2150/2953] sample 0: OK 31.6s -> /home/hm/Projects/Tests/2026-09-02/image-generation/realvisxl_full/t2i_compbench/shape/shape_0096/0000.png
[2151/2953] sample 0: OK 31.6s -> /home/hm/Projects/Tests/2026-09-02/image-generation/realvisxl_full/t2i_compbench/shape/shape_0097/0000.png
[2152/2953] sample 0: OK 31.6s -> /home/hm/Projects/Tests/2026-09-02/image-generation/realvisxl_full/t2i_compbench/shape/shape_0098/0000.png
[2153/2953] sample 0: OK 31.6s -> /home/hm/Projects/Tests/2026-09-02/image-generation/realvisxl_full/t2i_compbench/shape/shape_0099/0000.png
[2154/2953] sample 0: OK 31.6s -> /home/hm/Projects/Tests/2026-09-02/image-generation/realvisxl_full/t2i_compbench/shape/shape_0100/0000.png
[2155/2953] sample 0: OK 31.6s -> /home/hm/Projects/Tests/2026-09-02/image-generation/realvisxl_full/t2i_compbench/shape/shape_0101/0000.png
[2156/2953] sample 0: OK 31.6s -> /home/hm/Projects/Tests/2026-09-02/image-generation/realvisxl_full/t2i_compbench/shape/shape_0102/0000.png
[2157/2953] sample 0: OK 31.6s -> /home/hm/Projects/Tests/2026-09-02/image-generation/realvisxl_full/t2i_compbench/shape/shape_0103/0000.png
[2158/2953] sample 0: OK 31.6s -> /home/hm/Projects/Tests/2026-09-02/image-generation/realvisxl_full/t2i_compbench/shape/shape_0104/0000.png
[2159/2953] sample 0: OK 31.6s -> /home/hm/Projects/Tests/2026-09-02/image-generation/realvisxl_full/t2i_compbench/shape/shape_0105/0000.png
[2160/2953] sample 0: OK 31.6s -> /home/hm/Projects/Tests/2026-09-02/image-generation/realvisxl_full/t2i_compbench/shape/shape_0106/0000.png
[2161/2953] sample 0: OK 31.6s -> /home/hm/Projects/Tests/2026-09-02/image-generation/realvisxl_full/t2i_compbench/shape/shape_0107/0000.png
[2162/2953] sample 0: OK 31.6s -> /home/hm/Projects/Tests/2026-09-02/image-generation/realvisxl_full/t2i_compbench/shape/shape_0108/0000.png
[2163/2953] sample 0: OK 31.6s -> /home/hm/Projects/Tests/2026-09-02/image-generation/realvisxl_full/t2i_compbench/shape/shape_0109/0000.png
[2164/2953] sample 0: OK 31.6s -> /home/hm/Projects/Tests/2026-09-02/image-generation/realvisxl_full/t2i_compbench/shape/shape_0110/0000.png
[2165/2953] sample 0: OK 31.6s -> /home/hm/Projects/Tests/2026-09-02/image-generation/realvisxl_full/t2i_compbench/shape/shape_0111/0000.png
[2166/2953] sample 0: OK 31.6s -> /home/hm/Projects/Tests/2026-09-02/image-generation/realvisxl_full/t2i_compbench/shape/shape_0112/0000.png
[2167/2953] sample 0: OK 31.6s -> /home/hm/Projects/Tests/2026-09-02/image-generation/realvisxl_full/t2i_compbench/shape/shape_0113/0000.png
[2168/2953] sample 0: OK 31.6s -> /home/hm/Projects/Tests/2026-09-02/image-generation/realvisxl_full/t2i_compbench/shape/shape_0114/0000.png
[2169/2953] sample 0: OK 31.6s -> /home/hm/Projects/Tests/2026-09-02/image-generation/realvisxl_full/t2i_compbench/shape/shape_0115/0000.png
[2170/2953] sample 0: OK 31.6s -> /home/hm/Projects/Tests/2026-09-02/image-generation/realvisxl_full/t2i_compbench/shape/shape_0116/0000.png
[2171/2953] sample 0: OK 31.6s -> /home/hm/Projects/Tests/2026-09-02/image-generation/realvisxl_full/t2i_compbench/shape/shape_0117/0000.png
[2172/2953] sample 0: OK 31.6s -> /home/hm/Projects/Tests/2026-09-02/image-generation/realvisxl_full/t2i_compbench/shape/shape_0118/0000.png
[2173/2953] sample 0: OK 31.6s -> /home/hm/Projects/Tests/2026-09-02/image-generation/realvisxl_full/t2i_compbench/shape/shape_0119/0000.png
[2174/2953] sample 0: OK 31.6s -> /home/hm/Projects/Tests/2026-09-02/image-generation/realvisxl_full/t2i_compbench/shape/shape_0120/0000.png
[2175/2953] sample 0: OK 31.6s -> /home/hm/Projects/Tests/2026-09-02/image-generation/realvisxl_full/t2i_compbench/shape/shape_0121/0000.png
[2176/2953] sample 0: OK 31.6s -> /home/hm/Projects/Tests/2026-09-02/image-generation/realvisxl_full/t2i_compbench/shape/shape_0122/0000.png
[2177/2953] sample 0: OK 31.6s -> /home/hm/Projects/Tests/2026-09-02/image-generation/realvisxl_full/t2i_compbench/shape/shape_0123/0000.png
[2178/2953] sample 0: OK 31.6s -> /home/hm/Projects/Tests/2026-09-02/image-generation/realvisxl_full/t2i_compbench/shape/shape_0124/0000.png
[2179/2953] sample 0: OK 31.6s -> /home/hm/Projects/Tests/2026-09-02/image-generation/realvisxl_full/t2i_compbench/shape/shape_0125/0000.png
[2180/2953] sample 0: OK 31.6s -> /home/hm/Projects/Tests/2026-09-02/image-generation/realvisxl_full/t2i_compbench/shape/shape_0126/0000.png
[2181/2953] sample 0: OK 31.6s -> /home/hm/Projects/Tests/2026-09-02/image-generation/realvisxl_full/t2i_compbench/shape/shape_0127/0000.png
[2182/2953] sample 0: OK 31.6s -> /home/hm/Projects/Tests/2026-09-02/image-generation/realvisxl_full/t2i_compbench/shape/shape_0128/0000.png
[2183/2953] sample 0: OK 31.6s -> /home/hm/Projects/Tests/2026-09-02/image-generation/realvisxl_full/t2i_compbench/shape/shape_0129/0000.png
[2184/2953] sample 0: OK 31.6s -> /home/hm/Projects/Tests/2026-09-02/image-generation/realvisxl_full/t2i_compbench/shape/shape_0130/0000.png
[2185/2953] sample 0: OK 31.6s -> /home/hm/Projects/Tests/2026-09-02/image-generation/realvisxl_full/t2i_compbench/shape/shape_0131/0000.png
[2186/2953] sample 0: OK 31.6s -> /home/hm/Projects/Tests/2026-09-02/image-generation/realvisxl_full/t2i_compbench/shape/shape_0132/0000.png
[2187/2953] sample 0: OK 31.6s -> /home/hm/Projects/Tests/2026-09-02/image-generation/realvisxl_full/t2i_compbench/shape/shape_0133/0000.png
[2188/2953] sample 0: OK 31.6s -> /home/hm/Projects/Tests/2026-09-02/image-generation/realvisxl_full/t2i_compbench/shape/shape_0134/0000.png
[2189/2953] sample 0: OK 31.6s -> /home/hm/Projects/Tests/2026-09-02/image-generation/realvisxl_full/t2i_compbench/shape/shape_0135/0000.png
[2190/2953] sample 0: OK 31.6s -> /home/hm/Projects/Tests/2026-09-02/image-generation/realvisxl_full/t2i_compbench/shape/shape_0136/0000.png
[2191/2953] sample 0: OK 31.6s -> /home/hm/Projects/Tests/2026-09-02/image-generation/realvisxl_full/t2i_compbench/shape/shape_0137/0000.png
[2192/2953] sample 0: OK 31.6s -> /home/hm/Projects/Tests/2026-09-02/image-generation/realvisxl_full/t2i_compbench/shape/shape_0138/0000.png
[2193/2953] sample 0: OK 31.6s -> /home/hm/Projects/Tests/2026-09-02/image-generation/realvisxl_full/t2i_compbench/shape/shape_0139/0000.png
[2194/2953] sample 0: OK 31.6s -> /home/hm/Projects/Tests/2026-09-02/image-generation/realvisxl_full/t2i_compbench/shape/shape_0140/0000.png
[2195/2953] sample 0: OK 31.6s -> /home/hm/Projects/Tests/2026-09-02/image-generation/realvisxl_full/t2i_compbench/shape/shape_0141/0000.png
[2196/2953] sample 0: OK 31.6s -> /home/hm/Projects/Tests/2026-09-02/image-generation/realvisxl_full/t2i_compbench/shape/shape_0142/0000.png
[2197/2953] sample 0: OK 31.6s -> /home/hm/Projects/Tests/2026-09-02/image-generation/realvisxl_full/t2i_compbench/shape/shape_0143/0000.png
[2198/2953] sample 0: OK 31.6s -> /home/hm/Projects/Tests/2026-09-02/image-generation/realvisxl_full/t2i_compbench/shape/shape_0144/0000.png
[2199/2953] sample 0: OK 31.6s -> /home/hm/Projects/Tests/2026-09-02/image-generation/realvisxl_full/t2i_compbench/shape/shape_0145/0000.png
[2200/2953] sample 0: OK 31.6s -> /home/hm/Projects/Tests/2026-09-02/image-generation/realvisxl_full/t2i_compbench/shape/shape_0146/0000.png
[2201/2953] sample 0: OK 31.6s -> /home/hm/Projects/Tests/2026-09-02/image-generation/realvisxl_full/t2i_compbench/shape/shape_0147/0000.png
[2202/2953] sample 0: OK 31.6s -> /home/hm/Projects/Tests/2026-09-02/image-generation/realvisxl_full/t2i_compbench/shape/shape_0148/0000.png
[2203/2953] sample 0: OK 31.6s -> /home/hm/Projects/Tests/2026-09-02/image-generation/realvisxl_full/t2i_compbench/shape/shape_0149/0000.png
[2204/2953] sample 0: OK 31.6s -> /home/hm/Projects/Tests/2026-09-02/image-generation/realvisxl_full/t2i_compbench/shape/shape_0150/0000.png
[2205/2953] sample 0: OK 31.6s -> /home/hm/Projects/Tests/2026-09-02/image-generation/realvisxl_full/t2i_compbench/shape/shape_0151/0000.png
[2206/2953] sample 0: OK 31.6s -> /home/hm/Projects/Tests/2026-09-02/image-generation/realvisxl_full/t2i_compbench/shape/shape_0152/0000.png
[2207/2953] sample 0: OK 31.6s -> /home/hm/Projects/Tests/2026-09-02/image-generation/realvisxl_full/t2i_compbench/shape/shape_0153/0000.png
[2208/2953] sample 0: OK 31.6s -> /home/hm/Projects/Tests/2026-09-02/image-generation/realvisxl_full/t2i_compbench/shape/shape_0154/0000.png
[2209/2953] sample 0: OK 31.6s -> /home/hm/Projects/Tests/2026-09-02/image-generation/realvisxl_full/t2i_compbench/shape/shape_0155/0000.png
[2210/2953] sample 0: OK 31.6s -> /home/hm/Projects/Tests/2026-09-02/image-generation/realvisxl_full/t2i_compbench/shape/shape_0156/0000.png
[2211/2953] sample 0: OK 31.6s -> /home/hm/Projects/Tests/2026-09-02/image-generation/realvisxl_full/t2i_compbench/shape/shape_0157/0000.png
[2212/2953] sample 0: OK 31.6s -> /home/hm/Projects/Tests/2026-09-02/image-generation/realvisxl_full/t2i_compbench/shape/shape_0158/0000.png
[2213/2953] sample 0: OK 31.6s -> /home/hm/Projects/Tests/2026-09-02/image-generation/realvisxl_full/t2i_compbench/shape/shape_0159/0000.png
[2214/2953] sample 0: OK 31.6s -> /home/hm/Projects/Tests/2026-09-02/image-generation/realvisxl_full/t2i_compbench/shape/shape_0160/0000.png
[2215/2953] sample 0: OK 31.6s -> /home/hm/Projects/Tests/2026-09-02/image-generation/realvisxl_full/t2i_compbench/shape/shape_0161/0000.png
[2216/2953] sample 0: OK 31.6s -> /home/hm/Projects/Tests/2026-09-02/image-generation/realvisxl_full/t2i_compbench/shape/shape_0162/0000.png
[2217/2953] sample 0: OK 31.6s -> /home/hm/Projects/Tests/2026-09-02/image-generation/realvisxl_full/t2i_compbench/shape/shape_0163/0000.png
[2218/2953] sample 0: OK 31.6s -> /home/hm/Projects/Tests/2026-09-02/image-generation/realvisxl_full/t2i_compbench/shape/shape_0164/0000.png
[2219/2953] sample 0: OK 31.6s -> /home/hm/Projects/Tests/2026-09-02/image-generation/realvisxl_full/t2i_compbench/shape/shape_0165/0000.png
[2220/2953] sample 0: OK 31.6s -> /home/hm/Projects/Tests/2026-09-02/image-generation/realvisxl_full/t2i_compbench/shape/shape_0166/0000.png
[2221/2953] sample 0: OK 31.6s -> /home/hm/Projects/Tests/2026-09-02/image-generation/realvisxl_full/t2i_compbench/shape/shape_0167/0000.png
[2222/2953] sample 0: OK 31.6s -> /home/hm/Projects/Tests/2026-09-02/image-generation/realvisxl_full/t2i_compbench/shape/shape_0168/0000.png
[2223/2953] sample 0: OK 31.6s -> /home/hm/Projects/Tests/2026-09-02/image-generation/realvisxl_full/t2i_compbench/shape/shape_0169/0000.png
[2224/2953] sample 0: OK 31.6s -> /home/hm/Projects/Tests/2026-09-02/image-generation/realvisxl_full/t2i_compbench/shape/shape_0170/0000.png
[2225/2953] sample 0: OK 31.6s -> /home/hm/Projects/Tests/2026-09-02/image-generation/realvisxl_full/t2i_compbench/shape/shape_0171/0000.png
[2226/2953] sample 0: OK 31.6s -> /home/hm/Projects/Tests/2026-09-02/image-generation/realvisxl_full/t2i_compbench/shape/shape_0172/0000.png
[2227/2953] sample 0: OK 31.6s -> /home/hm/Projects/Tests/2026-09-02/image-generation/realvisxl_full/t2i_compbench/shape/shape_0173/0000.png
[2228/2953] sample 0: OK 31.6s -> /home/hm/Projects/Tests/2026-09-02/image-generation/realvisxl_full/t2i_compbench/shape/shape_0174/0000.png
[2229/2953] sample 0: OK 31.6s -> /home/hm/Projects/Tests/2026-09-02/image-generation/realvisxl_full/t2i_compbench/shape/shape_0175/0000.png
[2230/2953] sample 0: OK 31.6s -> /home/hm/Projects/Tests/2026-09-02/image-generation/realvisxl_full/t2i_compbench/shape/shape_0176/0000.png
[2231/2953] sample 0: OK 31.6s -> /home/hm/Projects/Tests/2026-09-02/image-generation/realvisxl_full/t2i_compbench/shape/shape_0177/0000.png
[2232/2953] sample 0: OK 31.6s -> /home/hm/Projects/Tests/2026-09-02/image-generation/realvisxl_full/t2i_compbench/shape/shape_0178/0000.png
[2233/2953] sample 0: OK 31.6s -> /home/hm/Projects/Tests/2026-09-02/image-generation/realvisxl_full/t2i_compbench/shape/shape_0179/0000.png
[2234/2953] sample 0: OK 31.6s -> /home/hm/Projects/Tests/2026-09-02/image-generation/realvisxl_full/t2i_compbench/shape/shape_0180/0000.png
[2235/2953] sample 0: OK 31.6s -> /home/hm/Projects/Tests/2026-09-02/image-generation/realvisxl_full/t2i_compbench/shape/shape_0181/0000.png
[2236/2953] sample 0: OK 31.6s -> /home/hm/Projects/Tests/2026-09-02/image-generation/realvisxl_full/t2i_compbench/shape/shape_0182/0000.png
[2237/2953] sample 0: OK 31.6s -> /home/hm/Projects/Tests/2026-09-02/image-generation/realvisxl_full/t2i_compbench/shape/shape_0183/0000.png
[2238/2953] sample 0: OK 31.6s -> /home/hm/Projects/Tests/2026-09-02/image-generation/realvisxl_full/t2i_compbench/shape/shape_0184/0000.png
[2239/2953] sample 0: OK 31.6s -> /home/hm/Projects/Tests/2026-09-02/image-generation/realvisxl_full/t2i_compbench/shape/shape_0185/0000.png
[2240/2953] sample 0: OK 31.6s -> /home/hm/Projects/Tests/2026-09-02/image-generation/realvisxl_full/t2i_compbench/shape/shape_0186/0000.png
[2241/2953] sample 0: OK 31.6s -> /home/hm/Projects/Tests/2026-09-02/image-generation/realvisxl_full/t2i_compbench/shape/shape_0187/0000.png
[2242/2953] sample 0: OK 31.6s -> /home/hm/Projects/Tests/2026-09-02/image-generation/realvisxl_full/t2i_compbench/shape/shape_0188/0000.png
[2243/2953] sample 0: OK 31.6s -> /home/hm/Projects/Tests/2026-09-02/image-generation/realvisxl_full/t2i_compbench/shape/shape_0189/0000.png
[2244/2953] sample 0: OK 31.6s -> /home/hm/Projects/Tests/2026-09-02/image-generation/realvisxl_full/t2i_compbench/shape/shape_0190/0000.png
[2245/2953] sample 0: OK 31.6s -> /home/hm/Projects/Tests/2026-09-02/image-generation/realvisxl_full/t2i_compbench/shape/shape_0191/0000.png
[2246/2953] sample 0: OK 31.6s -> /home/hm/Projects/Tests/2026-09-02/image-generation/realvisxl_full/t2i_compbench/shape/shape_0192/0000.png
[2247/2953] sample 0: OK 31.6s -> /home/hm/Projects/Tests/2026-09-02/image-generation/realvisxl_full/t2i_compbench/shape/shape_0193/0000.png
[2248/2953] sample 0: OK 31.6s -> /home/hm/Projects/Tests/2026-09-02/image-generation/realvisxl_full/t2i_compbench/shape/shape_0194/0000.png
[2249/2953] sample 0: OK 31.6s -> /home/hm/Projects/Tests/2026-09-02/image-generation/realvisxl_full/t2i_compbench/shape/shape_0195/0000.png
[2250/2953] sample 0: OK 31.6s -> /home/hm/Projects/Tests/2026-09-02/image-generation/realvisxl_full/t2i_compbench/shape/shape_0196/0000.png
[2251/2953] sample 0: OK 31.6s -> /home/hm/Projects/Tests/2026-09-02/image-generation/realvisxl_full/t2i_compbench/shape/shape_0197/0000.png
[2252/2953] sample 0: OK 31.6s -> /home/hm/Projects/Tests/2026-09-02/image-generation/realvisxl_full/t2i_compbench/shape/shape_0198/0000.png
[2253/2953] sample 0: OK 31.6s -> /home/hm/Projects/Tests/2026-09-02/image-generation/realvisxl_full/t2i_compbench/shape/shape_0199/0000.png
[2254/2953] sample 0: OK 31.6s -> /home/hm/Projects/Tests/2026-09-02/image-generation/realvisxl_full/t2i_compbench/shape/shape_0200/0000.png
[2255/2953] sample 0: OK 31.6s -> /home/hm/Projects/Tests/2026-09-02/image-generation/realvisxl_full/t2i_compbench/shape/shape_0201/0000.png
[2256/2953] sample 0: OK 31.6s -> /home/hm/Projects/Tests/2026-09-02/image-generation/realvisxl_full/t2i_compbench/shape/shape_0202/0000.png
[2257/2953] sample 0: OK 31.6s -> /home/hm/Projects/Tests/2026-09-02/image-generation/realvisxl_full/t2i_compbench/shape/shape_0203/0000.png
[2258/2953] sample 0: OK 31.6s -> /home/hm/Projects/Tests/2026-09-02/image-generation/realvisxl_full/t2i_compbench/shape/shape_0204/0000.png
[2259/2953] sample 0: OK 31.6s -> /home/hm/Projects/Tests/2026-09-02/image-generation/realvisxl_full/t2i_compbench/shape/shape_0205/0000.png
[2260/2953] sample 0: OK 31.6s -> /home/hm/Projects/Tests/2026-09-02/image-generation/realvisxl_full/t2i_compbench/shape/shape_0206/0000.png
[2261/2953] sample 0: OK 31.6s -> /home/hm/Projects/Tests/2026-09-02/image-generation/realvisxl_full/t2i_compbench/shape/shape_0207/0000.png
[2262/2953] sample 0: OK 31.6s -> /home/hm/Projects/Tests/2026-09-02/image-generation/realvisxl_full/t2i_compbench/shape/shape_0208/0000.png
[2263/2953] sample 0: OK 31.6s -> /home/hm/Projects/Tests/2026-09-02/image-generation/realvisxl_full/t2i_compbench/shape/shape_0209/0000.png
[2264/2953] sample 0: OK 31.6s -> /home/hm/Projects/Tests/2026-09-02/image-generation/realvisxl_full/t2i_compbench/shape/shape_0210/0000.png
[2265/2953] sample 0: OK 31.6s -> /home/hm/Projects/Tests/2026-09-02/image-generation/realvisxl_full/t2i_compbench/shape/shape_0211/0000.png
[2266/2953] sample 0: OK 31.6s -> /home/hm/Projects/Tests/2026-09-02/image-generation/realvisxl_full/t2i_compbench/shape/shape_0212/0000.png
[2267/2953] sample 0: OK 31.6s -> /home/hm/Projects/Tests/2026-09-02/image-generation/realvisxl_full/t2i_compbench/shape/shape_0213/0000.png
[2268/2953] sample 0: OK 31.6s -> /home/hm/Projects/Tests/2026-09-02/image-generation/realvisxl_full/t2i_compbench/shape/shape_0214/0000.png
[2269/2953] sample 0: OK 31.6s -> /home/hm/Projects/Tests/2026-09-02/image-generation/realvisxl_full/t2i_compbench/shape/shape_0215/0000.png
[2270/2953] sample 0: OK 31.6s -> /home/hm/Projects/Tests/2026-09-02/image-generation/realvisxl_full/t2i_compbench/shape/shape_0216/0000.png
[2271/2953] sample 0: OK 31.6s -> /home/hm/Projects/Tests/2026-09-02/image-generation/realvisxl_full/t2i_compbench/shape/shape_0217/0000.png
[2272/2953] sample 0: OK 31.6s -> /home/hm/Projects/Tests/2026-09-02/image-generation/realvisxl_full/t2i_compbench/shape/shape_0218/0000.png
[2273/2953] sample 0: OK 31.6s -> /home/hm/Projects/Tests/2026-09-02/image-generation/realvisxl_full/t2i_compbench/shape/shape_0219/0000.png
[2274/2953] sample 0: OK 31.6s -> /home/hm/Projects/Tests/2026-09-02/image-generation/realvisxl_full/t2i_compbench/shape/shape_0220/0000.png
[2275/2953] sample 0: OK 31.6s -> /home/hm/Projects/Tests/2026-09-02/image-generation/realvisxl_full/t2i_compbench/shape/shape_0221/0000.png
[2276/2953] sample 0: OK 31.6s -> /home/hm/Projects/Tests/2026-09-02/image-generation/realvisxl_full/t2i_compbench/shape/shape_0222/0000.png
[2277/2953] sample 0: OK 31.6s -> /home/hm/Projects/Tests/2026-09-02/image-generation/realvisxl_full/t2i_compbench/shape/shape_0223/0000.png
[2278/2953] sample 0: OK 31.6s -> /home/hm/Projects/Tests/2026-09-02/image-generation/realvisxl_full/t2i_compbench/shape/shape_0224/0000.png
[2279/2953] sample 0: OK 31.6s -> /home/hm/Projects/Tests/2026-09-02/image-generation/realvisxl_full/t2i_compbench/shape/shape_0225/0000.png
[2280/2953] sample 0: OK 31.6s -> /home/hm/Projects/Tests/2026-09-02/image-generation/realvisxl_full/t2i_compbench/shape/shape_0226/0000.png
[2281/2953] sample 0: OK 31.6s -> /home/hm/Projects/Tests/2026-09-02/image-generation/realvisxl_full/t2i_compbench/shape/shape_0227/0000.png
[2282/2953] sample 0: OK 31.6s -> /home/hm/Projects/Tests/2026-09-02/image-generation/realvisxl_full/t2i_compbench/shape/shape_0228/0000.png
[2283/2953] sample 0: OK 31.6s -> /home/hm/Projects/Tests/2026-09-02/image-generation/realvisxl_full/t2i_compbench/shape/shape_0229/0000.png
[2284/2953] sample 0: OK 31.6s -> /home/hm/Projects/Tests/2026-09-02/image-generation/realvisxl_full/t2i_compbench/shape/shape_0230/0000.png
[2285/2953] sample 0: OK 31.6s -> /home/hm/Projects/Tests/2026-09-02/image-generation/realvisxl_full/t2i_compbench/shape/shape_0231/0000.png
[2286/2953] sample 0: OK 31.6s -> /home/hm/Projects/Tests/2026-09-02/image-generation/realvisxl_full/t2i_compbench/shape/shape_0232/0000.png
[2287/2953] sample 0: OK 31.6s -> /home/hm/Projects/Tests/2026-09-02/image-generation/realvisxl_full/t2i_compbench/shape/shape_0233/0000.png
[2288/2953] sample 0: OK 31.6s -> /home/hm/Projects/Tests/2026-09-02/image-generation/realvisxl_full/t2i_compbench/shape/shape_0234/0000.png
[2289/2953] sample 0: OK 31.6s -> /home/hm/Projects/Tests/2026-09-02/image-generation/realvisxl_full/t2i_compbench/shape/shape_0235/0000.png
[2290/2953] sample 0: OK 31.6s -> /home/hm/Projects/Tests/2026-09-02/image-generation/realvisxl_full/t2i_compbench/shape/shape_0236/0000.png
[2291/2953] sample 0: OK 31.6s -> /home/hm/Projects/Tests/2026-09-02/image-generation/realvisxl_full/t2i_compbench/shape/shape_0237/0000.png
[2292/2953] sample 0: OK 31.6s -> /home/hm/Projects/Tests/2026-09-02/image-generation/realvisxl_full/t2i_compbench/shape/shape_0238/0000.png
[2293/2953] sample 0: OK 31.6s -> /home/hm/Projects/Tests/2026-09-02/image-generation/realvisxl_full/t2i_compbench/shape/shape_0239/0000.png
[2294/2953] sample 0: OK 31.6s -> /home/hm/Projects/Tests/2026-09-02/image-generation/realvisxl_full/t2i_compbench/shape/shape_0240/0000.png
[2295/2953] sample 0: OK 31.6s -> /home/hm/Projects/Tests/2026-09-02/image-generation/realvisxl_full/t2i_compbench/shape/shape_0241/0000.png
[2296/2953] sample 0: OK 31.6s -> /home/hm/Projects/Tests/2026-09-02/image-generation/realvisxl_full/t2i_compbench/shape/shape_0242/0000.png
[2297/2953] sample 0: OK 31.6s -> /home/hm/Projects/Tests/2026-09-02/image-generation/realvisxl_full/t2i_compbench/shape/shape_0243/0000.png
[2298/2953] sample 0: OK 31.6s -> /home/hm/Projects/Tests/2026-09-02/image-generation/realvisxl_full/t2i_compbench/shape/shape_0244/0000.png
[2299/2953] sample 0: OK 31.6s -> /home/hm/Projects/Tests/2026-09-02/image-generation/realvisxl_full/t2i_compbench/shape/shape_0245/0000.png
[2300/2953] sample 0: OK 31.6s -> /home/hm/Projects/Tests/2026-09-02/image-generation/realvisxl_full/t2i_compbench/shape/shape_0246/0000.png
[2301/2953] sample 0: OK 31.6s -> /home/hm/Projects/Tests/2026-09-02/image-generation/realvisxl_full/t2i_compbench/shape/shape_0247/0000.png
[2302/2953] sample 0: OK 31.6s -> /home/hm/Projects/Tests/2026-09-02/image-generation/realvisxl_full/t2i_compbench/shape/shape_0248/0000.png
[2303/2953] sample 0: OK 31.6s -> /home/hm/Projects/Tests/2026-09-02/image-generation/realvisxl_full/t2i_compbench/shape/shape_0249/0000.png
[2304/2953] sample 0: OK 31.6s -> /home/hm/Projects/Tests/2026-09-02/image-generation/realvisxl_full/t2i_compbench/shape/shape_0250/0000.png
[2305/2953] sample 0: OK 31.6s -> /home/hm/Projects/Tests/2026-09-02/image-generation/realvisxl_full/t2i_compbench/shape/shape_0251/0000.png
[2306/2953] sample 0: OK 31.6s -> /home/hm/Projects/Tests/2026-09-02/image-generation/realvisxl_full/t2i_compbench/shape/shape_0252/0000.png
[2307/2953] sample 0: OK 31.6s -> /home/hm/Projects/Tests/2026-09-02/image-generation/realvisxl_full/t2i_compbench/shape/shape_0253/0000.png
[2308/2953] sample 0: OK 31.6s -> /home/hm/Projects/Tests/2026-09-02/image-generation/realvisxl_full/t2i_compbench/shape/shape_0254/0000.png
[2309/2953] sample 0: OK 31.6s -> /home/hm/Projects/Tests/2026-09-02/image-generation/realvisxl_full/t2i_compbench/shape/shape_0255/0000.png
[2310/2953] sample 0: OK 31.6s -> /home/hm/Projects/Tests/2026-09-02/image-generation/realvisxl_full/t2i_compbench/shape/shape_0256/0000.png
[2311/2953] sample 0: OK 31.6s -> /home/hm/Projects/Tests/2026-09-02/image-generation/realvisxl_full/t2i_compbench/shape/shape_0257/0000.png
[2312/2953] sample 0: OK 31.8s -> /home/hm/Projects/Tests/2026-09-02/image-generation/realvisxl_full/t2i_compbench/shape/shape_0258/0000.png
[2313/2953] sample 0: OK 31.6s -> /home/hm/Projects/Tests/2026-09-02/image-generation/realvisxl_full/t2i_compbench/shape/shape_0259/0000.png
[2314/2953] sample 0: OK 31.6s -> /home/hm/Projects/Tests/2026-09-02/image-generation/realvisxl_full/t2i_compbench/shape/shape_0260/0000.png
[2315/2953] sample 0: OK 31.6s -> /home/hm/Projects/Tests/2026-09-02/image-generation/realvisxl_full/t2i_compbench/shape/shape_0261/0000.png
[2316/2953] sample 0: OK 31.6s -> /home/hm/Projects/Tests/2026-09-02/image-generation/realvisxl_full/t2i_compbench/shape/shape_0262/0000.png
[2317/2953] sample 0: OK 31.6s -> /home/hm/Projects/Tests/2026-09-02/image-generation/realvisxl_full/t2i_compbench/shape/shape_0263/0000.png
[2318/2953] sample 0: OK 31.6s -> /home/hm/Projects/Tests/2026-09-02/image-generation/realvisxl_full/t2i_compbench/shape/shape_0264/0000.png
[2319/2953] sample 0: OK 31.6s -> /home/hm/Projects/Tests/2026-09-02/image-generation/realvisxl_full/t2i_compbench/shape/shape_0265/0000.png
[2320/2953] sample 0: OK 31.6s -> /home/hm/Projects/Tests/2026-09-02/image-generation/realvisxl_full/t2i_compbench/shape/shape_0266/0000.png
[2321/2953] sample 0: OK 31.6s -> /home/hm/Projects/Tests/2026-09-02/image-generation/realvisxl_full/t2i_compbench/shape/shape_0267/0000.png
[2322/2953] sample 0: OK 31.6s -> /home/hm/Projects/Tests/2026-09-02/image-generation/realvisxl_full/t2i_compbench/shape/shape_0268/0000.png
[2323/2953] sample 0: OK 31.6s -> /home/hm/Projects/Tests/2026-09-02/image-generation/realvisxl_full/t2i_compbench/shape/shape_0269/0000.png
[2324/2953] sample 0: OK 31.6s -> /home/hm/Projects/Tests/2026-09-02/image-generation/realvisxl_full/t2i_compbench/shape/shape_0270/0000.png
[2325/2953] sample 0: OK 31.6s -> /home/hm/Projects/Tests/2026-09-02/image-generation/realvisxl_full/t2i_compbench/shape/shape_0271/0000.png
[2326/2953] sample 0: OK 31.6s -> /home/hm/Projects/Tests/2026-09-02/image-generation/realvisxl_full/t2i_compbench/shape/shape_0272/0000.png
[2327/2953] sample 0: OK 31.6s -> /home/hm/Projects/Tests/2026-09-02/image-generation/realvisxl_full/t2i_compbench/shape/shape_0273/0000.png
[2328/2953] sample 0: OK 31.6s -> /home/hm/Projects/Tests/2026-09-02/image-generation/realvisxl_full/t2i_compbench/shape/shape_0274/0000.png
[2329/2953] sample 0: OK 31.6s -> /home/hm/Projects/Tests/2026-09-02/image-generation/realvisxl_full/t2i_compbench/shape/shape_0275/0000.png
[2330/2953] sample 0: OK 31.6s -> /home/hm/Projects/Tests/2026-09-02/image-generation/realvisxl_full/t2i_compbench/shape/shape_0276/0000.png
[2331/2953] sample 0: OK 31.6s -> /home/hm/Projects/Tests/2026-09-02/image-generation/realvisxl_full/t2i_compbench/shape/shape_0277/0000.png
[2332/2953] sample 0: OK 31.6s -> /home/hm/Projects/Tests/2026-09-02/image-generation/realvisxl_full/t2i_compbench/shape/shape_0278/0000.png
[2333/2953] sample 0: OK 31.6s -> /home/hm/Projects/Tests/2026-09-02/image-generation/realvisxl_full/t2i_compbench/shape/shape_0279/0000.png
[2334/2953] sample 0: OK 31.6s -> /home/hm/Projects/Tests/2026-09-02/image-generation/realvisxl_full/t2i_compbench/shape/shape_0280/0000.png
[2335/2953] sample 0: OK 31.6s -> /home/hm/Projects/Tests/2026-09-02/image-generation/realvisxl_full/t2i_compbench/shape/shape_0281/0000.png
[2336/2953] sample 0: OK 31.6s -> /home/hm/Projects/Tests/2026-09-02/image-generation/realvisxl_full/t2i_compbench/shape/shape_0282/0000.png
[2337/2953] sample 0: OK 31.6s -> /home/hm/Projects/Tests/2026-09-02/image-generation/realvisxl_full/t2i_compbench/shape/shape_0283/0000.png
[2338/2953] sample 0: OK 31.6s -> /home/hm/Projects/Tests/2026-09-02/image-generation/realvisxl_full/t2i_compbench/shape/shape_0284/0000.png
[2339/2953] sample 0: OK 31.6s -> /home/hm/Projects/Tests/2026-09-02/image-generation/realvisxl_full/t2i_compbench/shape/shape_0285/0000.png
[2340/2953] sample 0: OK 31.6s -> /home/hm/Projects/Tests/2026-09-02/image-generation/realvisxl_full/t2i_compbench/shape/shape_0286/0000.png
[2341/2953] sample 0: OK 31.6s -> /home/hm/Projects/Tests/2026-09-02/image-generation/realvisxl_full/t2i_compbench/shape/shape_0287/0000.png
[2342/2953] sample 0: OK 31.6s -> /home/hm/Projects/Tests/2026-09-02/image-generation/realvisxl_full/t2i_compbench/shape/shape_0288/0000.png
[2343/2953] sample 0: OK 31.6s -> /home/hm/Projects/Tests/2026-09-02/image-generation/realvisxl_full/t2i_compbench/shape/shape_0289/0000.png
[2344/2953] sample 0: OK 31.6s -> /home/hm/Projects/Tests/2026-09-02/image-generation/realvisxl_full/t2i_compbench/shape/shape_0290/0000.png
[2345/2953] sample 0: OK 31.6s -> /home/hm/Projects/Tests/2026-09-02/image-generation/realvisxl_full/t2i_compbench/shape/shape_0291/0000.png
[2346/2953] sample 0: OK 31.6s -> /home/hm/Projects/Tests/2026-09-02/image-generation/realvisxl_full/t2i_compbench/shape/shape_0292/0000.png
[2347/2953] sample 0: OK 31.6s -> /home/hm/Projects/Tests/2026-09-02/image-generation/realvisxl_full/t2i_compbench/shape/shape_0293/0000.png
[2348/2953] sample 0: OK 31.6s -> /home/hm/Projects/Tests/2026-09-02/image-generation/realvisxl_full/t2i_compbench/shape/shape_0294/0000.png
[2349/2953] sample 0: OK 31.6s -> /home/hm/Projects/Tests/2026-09-02/image-generation/realvisxl_full/t2i_compbench/shape/shape_0295/0000.png
[2350/2953] sample 0: OK 31.6s -> /home/hm/Projects/Tests/2026-09-02/image-generation/realvisxl_full/t2i_compbench/shape/shape_0296/0000.png
[2351/2953] sample 0: OK 31.6s -> /home/hm/Projects/Tests/2026-09-02/image-generation/realvisxl_full/t2i_compbench/shape/shape_0297/0000.png
[2352/2953] sample 0: OK 31.6s -> /home/hm/Projects/Tests/2026-09-02/image-generation/realvisxl_full/t2i_compbench/shape/shape_0298/0000.png
[2353/2953] sample 0: OK 31.6s -> /home/hm/Projects/Tests/2026-09-02/image-generation/realvisxl_full/t2i_compbench/shape/shape_0299/0000.png
[2354/2953] sample 0: OK 31.6s -> /home/hm/Projects/Tests/2026-09-02/image-generation/realvisxl_full/t2i_compbench/spatial/spatial_0000/0000.png
[2355/2953] sample 0: OK 31.6s -> /home/hm/Projects/Tests/2026-09-02/image-generation/realvisxl_full/t2i_compbench/spatial/spatial_0001/0000.png
[2356/2953] sample 0: OK 31.6s -> /home/hm/Projects/Tests/2026-09-02/image-generation/realvisxl_full/t2i_compbench/spatial/spatial_0002/0000.png
[2357/2953] sample 0: OK 31.6s -> /home/hm/Projects/Tests/2026-09-02/image-generation/realvisxl_full/t2i_compbench/spatial/spatial_0003/0000.png
[2358/2953] sample 0: OK 31.6s -> /home/hm/Projects/Tests/2026-09-02/image-generation/realvisxl_full/t2i_compbench/spatial/spatial_0004/0000.png
[2359/2953] sample 0: OK 31.6s -> /home/hm/Projects/Tests/2026-09-02/image-generation/realvisxl_full/t2i_compbench/spatial/spatial_0005/0000.png
[2360/2953] sample 0: OK 31.6s -> /home/hm/Projects/Tests/2026-09-02/image-generation/realvisxl_full/t2i_compbench/spatial/spatial_0006/0000.png
[2361/2953] sample 0: OK 31.6s -> /home/hm/Projects/Tests/2026-09-02/image-generation/realvisxl_full/t2i_compbench/spatial/spatial_0007/0000.png
[2362/2953] sample 0: OK 31.6s -> /home/hm/Projects/Tests/2026-09-02/image-generation/realvisxl_full/t2i_compbench/spatial/spatial_0008/0000.png
[2363/2953] sample 0: OK 31.6s -> /home/hm/Projects/Tests/2026-09-02/image-generation/realvisxl_full/t2i_compbench/spatial/spatial_0009/0000.png
[2364/2953] sample 0: OK 31.6s -> /home/hm/Projects/Tests/2026-09-02/image-generation/realvisxl_full/t2i_compbench/spatial/spatial_0010/0000.png
[2365/2953] sample 0: OK 31.6s -> /home/hm/Projects/Tests/2026-09-02/image-generation/realvisxl_full/t2i_compbench/spatial/spatial_0011/0000.png
[2366/2953] sample 0: OK 31.6s -> /home/hm/Projects/Tests/2026-09-02/image-generation/realvisxl_full/t2i_compbench/spatial/spatial_0012/0000.png
[2367/2953] sample 0: OK 31.6s -> /home/hm/Projects/Tests/2026-09-02/image-generation/realvisxl_full/t2i_compbench/spatial/spatial_0013/0000.png
[2368/2953] sample 0: OK 31.6s -> /home/hm/Projects/Tests/2026-09-02/image-generation/realvisxl_full/t2i_compbench/spatial/spatial_0014/0000.png
[2369/2953] sample 0: OK 31.6s -> /home/hm/Projects/Tests/2026-09-02/image-generation/realvisxl_full/t2i_compbench/spatial/spatial_0015/0000.png
[2370/2953] sample 0: OK 31.6s -> /home/hm/Projects/Tests/2026-09-02/image-generation/realvisxl_full/t2i_compbench/spatial/spatial_0016/0000.png
[2371/2953] sample 0: OK 31.6s -> /home/hm/Projects/Tests/2026-09-02/image-generation/realvisxl_full/t2i_compbench/spatial/spatial_0017/0000.png
[2372/2953] sample 0: OK 31.6s -> /home/hm/Projects/Tests/2026-09-02/image-generation/realvisxl_full/t2i_compbench/spatial/spatial_0018/0000.png
[2373/2953] sample 0: OK 31.6s -> /home/hm/Projects/Tests/2026-09-02/image-generation/realvisxl_full/t2i_compbench/spatial/spatial_0019/0000.png
[2374/2953] sample 0: OK 31.6s -> /home/hm/Projects/Tests/2026-09-02/image-generation/realvisxl_full/t2i_compbench/spatial/spatial_0020/0000.png
[2375/2953] sample 0: OK 31.6s -> /home/hm/Projects/Tests/2026-09-02/image-generation/realvisxl_full/t2i_compbench/spatial/spatial_0021/0000.png
[2376/2953] sample 0: OK 31.6s -> /home/hm/Projects/Tests/2026-09-02/image-generation/realvisxl_full/t2i_compbench/spatial/spatial_0022/0000.png
[2377/2953] sample 0: OK 31.6s -> /home/hm/Projects/Tests/2026-09-02/image-generation/realvisxl_full/t2i_compbench/spatial/spatial_0023/0000.png
[2378/2953] sample 0: OK 31.6s -> /home/hm/Projects/Tests/2026-09-02/image-generation/realvisxl_full/t2i_compbench/spatial/spatial_0024/0000.png
[2379/2953] sample 0: OK 31.6s -> /home/hm/Projects/Tests/2026-09-02/image-generation/realvisxl_full/t2i_compbench/spatial/spatial_0025/0000.png
[2380/2953] sample 0: OK 31.6s -> /home/hm/Projects/Tests/2026-09-02/image-generation/realvisxl_full/t2i_compbench/spatial/spatial_0026/0000.png
[2381/2953] sample 0: OK 31.6s -> /home/hm/Projects/Tests/2026-09-02/image-generation/realvisxl_full/t2i_compbench/spatial/spatial_0027/0000.png
[2382/2953] sample 0: OK 31.6s -> /home/hm/Projects/Tests/2026-09-02/image-generation/realvisxl_full/t2i_compbench/spatial/spatial_0028/0000.png
[2383/2953] sample 0: OK 31.6s -> /home/hm/Projects/Tests/2026-09-02/image-generation/realvisxl_full/t2i_compbench/spatial/spatial_0029/0000.png
[2384/2953] sample 0: OK 31.6s -> /home/hm/Projects/Tests/2026-09-02/image-generation/realvisxl_full/t2i_compbench/spatial/spatial_0030/0000.png
[2385/2953] sample 0: OK 31.6s -> /home/hm/Projects/Tests/2026-09-02/image-generation/realvisxl_full/t2i_compbench/spatial/spatial_0031/0000.png
[2386/2953] sample 0: OK 31.6s -> /home/hm/Projects/Tests/2026-09-02/image-generation/realvisxl_full/t2i_compbench/spatial/spatial_0032/0000.png
[2387/2953] sample 0: OK 31.6s -> /home/hm/Projects/Tests/2026-09-02/image-generation/realvisxl_full/t2i_compbench/spatial/spatial_0033/0000.png
[2388/2953] sample 0: OK 31.6s -> /home/hm/Projects/Tests/2026-09-02/image-generation/realvisxl_full/t2i_compbench/spatial/spatial_0034/0000.png
[2389/2953] sample 0: OK 31.6s -> /home/hm/Projects/Tests/2026-09-02/image-generation/realvisxl_full/t2i_compbench/spatial/spatial_0035/0000.png
[2390/2953] sample 0: OK 31.6s -> /home/hm/Projects/Tests/2026-09-02/image-generation/realvisxl_full/t2i_compbench/spatial/spatial_0036/0000.png
[2391/2953] sample 0: OK 31.6s -> /home/hm/Projects/Tests/2026-09-02/image-generation/realvisxl_full/t2i_compbench/spatial/spatial_0037/0000.png
[2392/2953] sample 0: OK 31.6s -> /home/hm/Projects/Tests/2026-09-02/image-generation/realvisxl_full/t2i_compbench/spatial/spatial_0038/0000.png
[2393/2953] sample 0: OK 31.6s -> /home/hm/Projects/Tests/2026-09-02/image-generation/realvisxl_full/t2i_compbench/spatial/spatial_0039/0000.png
[2394/2953] sample 0: OK 31.6s -> /home/hm/Projects/Tests/2026-09-02/image-generation/realvisxl_full/t2i_compbench/spatial/spatial_0040/0000.png
[2395/2953] sample 0: OK 31.6s -> /home/hm/Projects/Tests/2026-09-02/image-generation/realvisxl_full/t2i_compbench/spatial/spatial_0041/0000.png
[2396/2953] sample 0: OK 31.6s -> /home/hm/Projects/Tests/2026-09-02/image-generation/realvisxl_full/t2i_compbench/spatial/spatial_0042/0000.png
[2397/2953] sample 0: OK 31.6s -> /home/hm/Projects/Tests/2026-09-02/image-generation/realvisxl_full/t2i_compbench/spatial/spatial_0043/0000.png
[2398/2953] sample 0: OK 31.6s -> /home/hm/Projects/Tests/2026-09-02/image-generation/realvisxl_full/t2i_compbench/spatial/spatial_0044/0000.png
[2399/2953] sample 0: OK 31.6s -> /home/hm/Projects/Tests/2026-09-02/image-generation/realvisxl_full/t2i_compbench/spatial/spatial_0045/0000.png
[2400/2953] sample 0: OK 31.6s -> /home/hm/Projects/Tests/2026-09-02/image-generation/realvisxl_full/t2i_compbench/spatial/spatial_0046/0000.png
[2401/2953] sample 0: OK 31.6s -> /home/hm/Projects/Tests/2026-09-02/image-generation/realvisxl_full/t2i_compbench/spatial/spatial_0047/0000.png
[2402/2953] sample 0: OK 31.6s -> /home/hm/Projects/Tests/2026-09-02/image-generation/realvisxl_full/t2i_compbench/spatial/spatial_0048/0000.png
[2403/2953] sample 0: OK 31.6s -> /home/hm/Projects/Tests/2026-09-02/image-generation/realvisxl_full/t2i_compbench/spatial/spatial_0049/0000.png
[2404/2953] sample 0: OK 31.6s -> /home/hm/Projects/Tests/2026-09-02/image-generation/realvisxl_full/t2i_compbench/spatial/spatial_0050/0000.png
[2405/2953] sample 0: OK 31.6s -> /home/hm/Projects/Tests/2026-09-02/image-generation/realvisxl_full/t2i_compbench/spatial/spatial_0051/0000.png
[2406/2953] sample 0: OK 31.6s -> /home/hm/Projects/Tests/2026-09-02/image-generation/realvisxl_full/t2i_compbench/spatial/spatial_0052/0000.png
[2407/2953] sample 0: OK 31.6s -> /home/hm/Projects/Tests/2026-09-02/image-generation/realvisxl_full/t2i_compbench/spatial/spatial_0053/0000.png
[2408/2953] sample 0: OK 31.6s -> /home/hm/Projects/Tests/2026-09-02/image-generation/realvisxl_full/t2i_compbench/spatial/spatial_0054/0000.png
[2409/2953] sample 0: OK 31.6s -> /home/hm/Projects/Tests/2026-09-02/image-generation/realvisxl_full/t2i_compbench/spatial/spatial_0055/0000.png
[2410/2953] sample 0: OK 31.6s -> /home/hm/Projects/Tests/2026-09-02/image-generation/realvisxl_full/t2i_compbench/spatial/spatial_0056/0000.png
[2411/2953] sample 0: OK 31.6s -> /home/hm/Projects/Tests/2026-09-02/image-generation/realvisxl_full/t2i_compbench/spatial/spatial_0057/0000.png
[2412/2953] sample 0: OK 31.6s -> /home/hm/Projects/Tests/2026-09-02/image-generation/realvisxl_full/t2i_compbench/spatial/spatial_0058/0000.png
[2413/2953] sample 0: OK 31.6s -> /home/hm/Projects/Tests/2026-09-02/image-generation/realvisxl_full/t2i_compbench/spatial/spatial_0059/0000.png
[2414/2953] sample 0: OK 31.6s -> /home/hm/Projects/Tests/2026-09-02/image-generation/realvisxl_full/t2i_compbench/spatial/spatial_0060/0000.png
[2415/2953] sample 0: OK 31.6s -> /home/hm/Projects/Tests/2026-09-02/image-generation/realvisxl_full/t2i_compbench/spatial/spatial_0061/0000.png
[2416/2953] sample 0: OK 31.6s -> /home/hm/Projects/Tests/2026-09-02/image-generation/realvisxl_full/t2i_compbench/spatial/spatial_0062/0000.png
[2417/2953] sample 0: OK 31.6s -> /home/hm/Projects/Tests/2026-09-02/image-generation/realvisxl_full/t2i_compbench/spatial/spatial_0063/0000.png
[2418/2953] sample 0: OK 31.6s -> /home/hm/Projects/Tests/2026-09-02/image-generation/realvisxl_full/t2i_compbench/spatial/spatial_0064/0000.png
[2419/2953] sample 0: OK 31.6s -> /home/hm/Projects/Tests/2026-09-02/image-generation/realvisxl_full/t2i_compbench/spatial/spatial_0065/0000.png
[2420/2953] sample 0: OK 31.6s -> /home/hm/Projects/Tests/2026-09-02/image-generation/realvisxl_full/t2i_compbench/spatial/spatial_0066/0000.png
[2421/2953] sample 0: OK 31.6s -> /home/hm/Projects/Tests/2026-09-02/image-generation/realvisxl_full/t2i_compbench/spatial/spatial_0067/0000.png
[2422/2953] sample 0: OK 31.6s -> /home/hm/Projects/Tests/2026-09-02/image-generation/realvisxl_full/t2i_compbench/spatial/spatial_0068/0000.png
[2423/2953] sample 0: OK 31.6s -> /home/hm/Projects/Tests/2026-09-02/image-generation/realvisxl_full/t2i_compbench/spatial/spatial_0069/0000.png
[2424/2953] sample 0: OK 31.6s -> /home/hm/Projects/Tests/2026-09-02/image-generation/realvisxl_full/t2i_compbench/spatial/spatial_0070/0000.png
[2425/2953] sample 0: OK 31.6s -> /home/hm/Projects/Tests/2026-09-02/image-generation/realvisxl_full/t2i_compbench/spatial/spatial_0071/0000.png
[2426/2953] sample 0: OK 31.6s -> /home/hm/Projects/Tests/2026-09-02/image-generation/realvisxl_full/t2i_compbench/spatial/spatial_0072/0000.png
[2427/2953] sample 0: OK 31.6s -> /home/hm/Projects/Tests/2026-09-02/image-generation/realvisxl_full/t2i_compbench/spatial/spatial_0073/0000.png
[2428/2953] sample 0: OK 31.6s -> /home/hm/Projects/Tests/2026-09-02/image-generation/realvisxl_full/t2i_compbench/spatial/spatial_0074/0000.png
[2429/2953] sample 0: OK 31.6s -> /home/hm/Projects/Tests/2026-09-02/image-generation/realvisxl_full/t2i_compbench/spatial/spatial_0075/0000.png
[2430/2953] sample 0: OK 31.6s -> /home/hm/Projects/Tests/2026-09-02/image-generation/realvisxl_full/t2i_compbench/spatial/spatial_0076/0000.png
[2431/2953] sample 0: OK 31.6s -> /home/hm/Projects/Tests/2026-09-02/image-generation/realvisxl_full/t2i_compbench/spatial/spatial_0077/0000.png
[2432/2953] sample 0: OK 31.6s -> /home/hm/Projects/Tests/2026-09-02/image-generation/realvisxl_full/t2i_compbench/spatial/spatial_0078/0000.png
[2433/2953] sample 0: OK 31.6s -> /home/hm/Projects/Tests/2026-09-02/image-generation/realvisxl_full/t2i_compbench/spatial/spatial_0079/0000.png
[2434/2953] sample 0: OK 31.6s -> /home/hm/Projects/Tests/2026-09-02/image-generation/realvisxl_full/t2i_compbench/spatial/spatial_0080/0000.png
[2435/2953] sample 0: OK 31.6s -> /home/hm/Projects/Tests/2026-09-02/image-generation/realvisxl_full/t2i_compbench/spatial/spatial_0081/0000.png
[2436/2953] sample 0: OK 31.6s -> /home/hm/Projects/Tests/2026-09-02/image-generation/realvisxl_full/t2i_compbench/spatial/spatial_0082/0000.png
[2437/2953] sample 0: OK 31.6s -> /home/hm/Projects/Tests/2026-09-02/image-generation/realvisxl_full/t2i_compbench/spatial/spatial_0083/0000.png
[2438/2953] sample 0: OK 31.6s -> /home/hm/Projects/Tests/2026-09-02/image-generation/realvisxl_full/t2i_compbench/spatial/spatial_0084/0000.png
[2439/2953] sample 0: OK 31.6s -> /home/hm/Projects/Tests/2026-09-02/image-generation/realvisxl_full/t2i_compbench/spatial/spatial_0085/0000.png
[2440/2953] sample 0: OK 31.6s -> /home/hm/Projects/Tests/2026-09-02/image-generation/realvisxl_full/t2i_compbench/spatial/spatial_0086/0000.png
[2441/2953] sample 0: OK 31.6s -> /home/hm/Projects/Tests/2026-09-02/image-generation/realvisxl_full/t2i_compbench/spatial/spatial_0087/0000.png
[2442/2953] sample 0: OK 31.6s -> /home/hm/Projects/Tests/2026-09-02/image-generation/realvisxl_full/t2i_compbench/spatial/spatial_0088/0000.png
[2443/2953] sample 0: OK 31.6s -> /home/hm/Projects/Tests/2026-09-02/image-generation/realvisxl_full/t2i_compbench/spatial/spatial_0089/0000.png
[2444/2953] sample 0: OK 31.6s -> /home/hm/Projects/Tests/2026-09-02/image-generation/realvisxl_full/t2i_compbench/spatial/spatial_0090/0000.png
[2445/2953] sample 0: OK 31.6s -> /home/hm/Projects/Tests/2026-09-02/image-generation/realvisxl_full/t2i_compbench/spatial/spatial_0091/0000.png
[2446/2953] sample 0: OK 31.6s -> /home/hm/Projects/Tests/2026-09-02/image-generation/realvisxl_full/t2i_compbench/spatial/spatial_0092/0000.png
[2447/2953] sample 0: OK 31.6s -> /home/hm/Projects/Tests/2026-09-02/image-generation/realvisxl_full/t2i_compbench/spatial/spatial_0093/0000.png
[2448/2953] sample 0: OK 31.6s -> /home/hm/Projects/Tests/2026-09-02/image-generation/realvisxl_full/t2i_compbench/spatial/spatial_0094/0000.png
[2449/2953] sample 0: OK 31.6s -> /home/hm/Projects/Tests/2026-09-02/image-generation/realvisxl_full/t2i_compbench/spatial/spatial_0095/0000.png
[2450/2953] sample 0: OK 31.6s -> /home/hm/Projects/Tests/2026-09-02/image-generation/realvisxl_full/t2i_compbench/spatial/spatial_0096/0000.png
[2451/2953] sample 0: OK 31.6s -> /home/hm/Projects/Tests/2026-09-02/image-generation/realvisxl_full/t2i_compbench/spatial/spatial_0097/0000.png
[2452/2953] sample 0: OK 31.6s -> /home/hm/Projects/Tests/2026-09-02/image-generation/realvisxl_full/t2i_compbench/spatial/spatial_0098/0000.png
[2453/2953] sample 0: OK 31.6s -> /home/hm/Projects/Tests/2026-09-02/image-generation/realvisxl_full/t2i_compbench/spatial/spatial_0099/0000.png
[2454/2953] sample 0: OK 31.6s -> /home/hm/Projects/Tests/2026-09-02/image-generation/realvisxl_full/t2i_compbench/spatial/spatial_0100/0000.png
[2455/2953] sample 0: OK 31.6s -> /home/hm/Projects/Tests/2026-09-02/image-generation/realvisxl_full/t2i_compbench/spatial/spatial_0101/0000.png
[2456/2953] sample 0: OK 31.6s -> /home/hm/Projects/Tests/2026-09-02/image-generation/realvisxl_full/t2i_compbench/spatial/spatial_0102/0000.png
[2457/2953] sample 0: OK 31.6s -> /home/hm/Projects/Tests/2026-09-02/image-generation/realvisxl_full/t2i_compbench/spatial/spatial_0103/0000.png
[2458/2953] sample 0: OK 31.6s -> /home/hm/Projects/Tests/2026-09-02/image-generation/realvisxl_full/t2i_compbench/spatial/spatial_0104/0000.png
[2459/2953] sample 0: OK 31.6s -> /home/hm/Projects/Tests/2026-09-02/image-generation/realvisxl_full/t2i_compbench/spatial/spatial_0105/0000.png
[2460/2953] sample 0: OK 31.6s -> /home/hm/Projects/Tests/2026-09-02/image-generation/realvisxl_full/t2i_compbench/spatial/spatial_0106/0000.png
[2461/2953] sample 0: OK 31.6s -> /home/hm/Projects/Tests/2026-09-02/image-generation/realvisxl_full/t2i_compbench/spatial/spatial_0107/0000.png
[2462/2953] sample 0: OK 31.6s -> /home/hm/Projects/Tests/2026-09-02/image-generation/realvisxl_full/t2i_compbench/spatial/spatial_0108/0000.png
[2463/2953] sample 0: OK 31.6s -> /home/hm/Projects/Tests/2026-09-02/image-generation/realvisxl_full/t2i_compbench/spatial/spatial_0109/0000.png
[2464/2953] sample 0: OK 31.6s -> /home/hm/Projects/Tests/2026-09-02/image-generation/realvisxl_full/t2i_compbench/spatial/spatial_0110/0000.png
[2465/2953] sample 0: OK 31.6s -> /home/hm/Projects/Tests/2026-09-02/image-generation/realvisxl_full/t2i_compbench/spatial/spatial_0111/0000.png
[2466/2953] sample 0: OK 31.6s -> /home/hm/Projects/Tests/2026-09-02/image-generation/realvisxl_full/t2i_compbench/spatial/spatial_0112/0000.png
[2467/2953] sample 0: OK 31.6s -> /home/hm/Projects/Tests/2026-09-02/image-generation/realvisxl_full/t2i_compbench/spatial/spatial_0113/0000.png
[2468/2953] sample 0: OK 31.6s -> /home/hm/Projects/Tests/2026-09-02/image-generation/realvisxl_full/t2i_compbench/spatial/spatial_0114/0000.png
[2469/2953] sample 0: OK 31.6s -> /home/hm/Projects/Tests/2026-09-02/image-generation/realvisxl_full/t2i_compbench/spatial/spatial_0115/0000.png
[2470/2953] sample 0: OK 31.6s -> /home/hm/Projects/Tests/2026-09-02/image-generation/realvisxl_full/t2i_compbench/spatial/spatial_0116/0000.png
[2471/2953] sample 0: OK 31.6s -> /home/hm/Projects/Tests/2026-09-02/image-generation/realvisxl_full/t2i_compbench/spatial/spatial_0117/0000.png
[2472/2953] sample 0: OK 31.6s -> /home/hm/Projects/Tests/2026-09-02/image-generation/realvisxl_full/t2i_compbench/spatial/spatial_0118/0000.png
[2473/2953] sample 0: OK 31.6s -> /home/hm/Projects/Tests/2026-09-02/image-generation/realvisxl_full/t2i_compbench/spatial/spatial_0119/0000.png
[2474/2953] sample 0: OK 31.6s -> /home/hm/Projects/Tests/2026-09-02/image-generation/realvisxl_full/t2i_compbench/spatial/spatial_0120/0000.png
[2475/2953] sample 0: OK 31.6s -> /home/hm/Projects/Tests/2026-09-02/image-generation/realvisxl_full/t2i_compbench/spatial/spatial_0121/0000.png
[2476/2953] sample 0: OK 31.6s -> /home/hm/Projects/Tests/2026-09-02/image-generation/realvisxl_full/t2i_compbench/spatial/spatial_0122/0000.png
[2477/2953] sample 0: OK 31.6s -> /home/hm/Projects/Tests/2026-09-02/image-generation/realvisxl_full/t2i_compbench/spatial/spatial_0123/0000.png
[2478/2953] sample 0: OK 31.6s -> /home/hm/Projects/Tests/2026-09-02/image-generation/realvisxl_full/t2i_compbench/spatial/spatial_0124/0000.png
[2479/2953] sample 0: OK 31.6s -> /home/hm/Projects/Tests/2026-09-02/image-generation/realvisxl_full/t2i_compbench/spatial/spatial_0125/0000.png
[2480/2953] sample 0: OK 31.6s -> /home/hm/Projects/Tests/2026-09-02/image-generation/realvisxl_full/t2i_compbench/spatial/spatial_0126/0000.png
[2481/2953] sample 0: OK 31.6s -> /home/hm/Projects/Tests/2026-09-02/image-generation/realvisxl_full/t2i_compbench/spatial/spatial_0127/0000.png
[2482/2953] sample 0: OK 31.6s -> /home/hm/Projects/Tests/2026-09-02/image-generation/realvisxl_full/t2i_compbench/spatial/spatial_0128/0000.png
[2483/2953] sample 0: OK 31.6s -> /home/hm/Projects/Tests/2026-09-02/image-generation/realvisxl_full/t2i_compbench/spatial/spatial_0129/0000.png
[2484/2953] sample 0: OK 31.6s -> /home/hm/Projects/Tests/2026-09-02/image-generation/realvisxl_full/t2i_compbench/spatial/spatial_0130/0000.png
[2485/2953] sample 0: OK 31.6s -> /home/hm/Projects/Tests/2026-09-02/image-generation/realvisxl_full/t2i_compbench/spatial/spatial_0131/0000.png
[2486/2953] sample 0: OK 31.6s -> /home/hm/Projects/Tests/2026-09-02/image-generation/realvisxl_full/t2i_compbench/spatial/spatial_0132/0000.png
[2487/2953] sample 0: OK 31.6s -> /home/hm/Projects/Tests/2026-09-02/image-generation/realvisxl_full/t2i_compbench/spatial/spatial_0133/0000.png
[2488/2953] sample 0: OK 31.6s -> /home/hm/Projects/Tests/2026-09-02/image-generation/realvisxl_full/t2i_compbench/spatial/spatial_0134/0000.png
[2489/2953] sample 0: OK 31.6s -> /home/hm/Projects/Tests/2026-09-02/image-generation/realvisxl_full/t2i_compbench/spatial/spatial_0135/0000.png
[2490/2953] sample 0: OK 31.6s -> /home/hm/Projects/Tests/2026-09-02/image-generation/realvisxl_full/t2i_compbench/spatial/spatial_0136/0000.png
[2491/2953] sample 0: OK 31.6s -> /home/hm/Projects/Tests/2026-09-02/image-generation/realvisxl_full/t2i_compbench/spatial/spatial_0137/0000.png
[2492/2953] sample 0: OK 31.6s -> /home/hm/Projects/Tests/2026-09-02/image-generation/realvisxl_full/t2i_compbench/spatial/spatial_0138/0000.png
[2493/2953] sample 0: OK 31.6s -> /home/hm/Projects/Tests/2026-09-02/image-generation/realvisxl_full/t2i_compbench/spatial/spatial_0139/0000.png
[2494/2953] sample 0: OK 31.6s -> /home/hm/Projects/Tests/2026-09-02/image-generation/realvisxl_full/t2i_compbench/spatial/spatial_0140/0000.png
[2495/2953] sample 0: OK 31.6s -> /home/hm/Projects/Tests/2026-09-02/image-generation/realvisxl_full/t2i_compbench/spatial/spatial_0141/0000.png
[2496/2953] sample 0: OK 31.6s -> /home/hm/Projects/Tests/2026-09-02/image-generation/realvisxl_full/t2i_compbench/spatial/spatial_0142/0000.png
[2497/2953] sample 0: OK 31.6s -> /home/hm/Projects/Tests/2026-09-02/image-generation/realvisxl_full/t2i_compbench/spatial/spatial_0143/0000.png
[2498/2953] sample 0: OK 31.6s -> /home/hm/Projects/Tests/2026-09-02/image-generation/realvisxl_full/t2i_compbench/spatial/spatial_0144/0000.png
[2499/2953] sample 0: OK 31.6s -> /home/hm/Projects/Tests/2026-09-02/image-generation/realvisxl_full/t2i_compbench/spatial/spatial_0145/0000.png
[2500/2953] sample 0: OK 31.6s -> /home/hm/Projects/Tests/2026-09-02/image-generation/realvisxl_full/t2i_compbench/spatial/spatial_0146/0000.png
[2501/2953] sample 0: OK 31.6s -> /home/hm/Projects/Tests/2026-09-02/image-generation/realvisxl_full/t2i_compbench/spatial/spatial_0147/0000.png
[2502/2953] sample 0: OK 31.6s -> /home/hm/Projects/Tests/2026-09-02/image-generation/realvisxl_full/t2i_compbench/spatial/spatial_0148/0000.png
[2503/2953] sample 0: OK 31.6s -> /home/hm/Projects/Tests/2026-09-02/image-generation/realvisxl_full/t2i_compbench/spatial/spatial_0149/0000.png
[2504/2953] sample 0: OK 31.6s -> /home/hm/Projects/Tests/2026-09-02/image-generation/realvisxl_full/t2i_compbench/spatial/spatial_0150/0000.png
[2505/2953] sample 0: OK 31.6s -> /home/hm/Projects/Tests/2026-09-02/image-generation/realvisxl_full/t2i_compbench/spatial/spatial_0151/0000.png
[2506/2953] sample 0: OK 31.6s -> /home/hm/Projects/Tests/2026-09-02/image-generation/realvisxl_full/t2i_compbench/spatial/spatial_0152/0000.png
[2507/2953] sample 0: OK 31.6s -> /home/hm/Projects/Tests/2026-09-02/image-generation/realvisxl_full/t2i_compbench/spatial/spatial_0153/0000.png
[2508/2953] sample 0: OK 31.6s -> /home/hm/Projects/Tests/2026-09-02/image-generation/realvisxl_full/t2i_compbench/spatial/spatial_0154/0000.png
[2509/2953] sample 0: OK 31.6s -> /home/hm/Projects/Tests/2026-09-02/image-generation/realvisxl_full/t2i_compbench/spatial/spatial_0155/0000.png
[2510/2953] sample 0: OK 31.6s -> /home/hm/Projects/Tests/2026-09-02/image-generation/realvisxl_full/t2i_compbench/spatial/spatial_0156/0000.png
[2511/2953] sample 0: OK 31.6s -> /home/hm/Projects/Tests/2026-09-02/image-generation/realvisxl_full/t2i_compbench/spatial/spatial_0157/0000.png
[2512/2953] sample 0: OK 31.6s -> /home/hm/Projects/Tests/2026-09-02/image-generation/realvisxl_full/t2i_compbench/spatial/spatial_0158/0000.png
[2513/2953] sample 0: OK 31.6s -> /home/hm/Projects/Tests/2026-09-02/image-generation/realvisxl_full/t2i_compbench/spatial/spatial_0159/0000.png
[2514/2953] sample 0: OK 31.6s -> /home/hm/Projects/Tests/2026-09-02/image-generation/realvisxl_full/t2i_compbench/spatial/spatial_0160/0000.png
[2515/2953] sample 0: OK 31.6s -> /home/hm/Projects/Tests/2026-09-02/image-generation/realvisxl_full/t2i_compbench/spatial/spatial_0161/0000.png
[2516/2953] sample 0: OK 31.6s -> /home/hm/Projects/Tests/2026-09-02/image-generation/realvisxl_full/t2i_compbench/spatial/spatial_0162/0000.png
[2517/2953] sample 0: OK 31.6s -> /home/hm/Projects/Tests/2026-09-02/image-generation/realvisxl_full/t2i_compbench/spatial/spatial_0163/0000.png
[2518/2953] sample 0: OK 31.6s -> /home/hm/Projects/Tests/2026-09-02/image-generation/realvisxl_full/t2i_compbench/spatial/spatial_0164/0000.png
[2519/2953] sample 0: OK 31.6s -> /home/hm/Projects/Tests/2026-09-02/image-generation/realvisxl_full/t2i_compbench/spatial/spatial_0165/0000.png
[2520/2953] sample 0: OK 31.6s -> /home/hm/Projects/Tests/2026-09-02/image-generation/realvisxl_full/t2i_compbench/spatial/spatial_0166/0000.png
[2521/2953] sample 0: OK 31.6s -> /home/hm/Projects/Tests/2026-09-02/image-generation/realvisxl_full/t2i_compbench/spatial/spatial_0167/0000.png
[2522/2953] sample 0: OK 31.6s -> /home/hm/Projects/Tests/2026-09-02/image-generation/realvisxl_full/t2i_compbench/spatial/spatial_0168/0000.png
[2523/2953] sample 0: OK 31.6s -> /home/hm/Projects/Tests/2026-09-02/image-generation/realvisxl_full/t2i_compbench/spatial/spatial_0169/0000.png
[2524/2953] sample 0: OK 31.6s -> /home/hm/Projects/Tests/2026-09-02/image-generation/realvisxl_full/t2i_compbench/spatial/spatial_0170/0000.png
[2525/2953] sample 0: OK 31.6s -> /home/hm/Projects/Tests/2026-09-02/image-generation/realvisxl_full/t2i_compbench/spatial/spatial_0171/0000.png
[2526/2953] sample 0: OK 31.6s -> /home/hm/Projects/Tests/2026-09-02/image-generation/realvisxl_full/t2i_compbench/spatial/spatial_0172/0000.png
[2527/2953] sample 0: OK 31.6s -> /home/hm/Projects/Tests/2026-09-02/image-generation/realvisxl_full/t2i_compbench/spatial/spatial_0173/0000.png
[2528/2953] sample 0: OK 31.6s -> /home/hm/Projects/Tests/2026-09-02/image-generation/realvisxl_full/t2i_compbench/spatial/spatial_0174/0000.png
[2529/2953] sample 0: OK 31.6s -> /home/hm/Projects/Tests/2026-09-02/image-generation/realvisxl_full/t2i_compbench/spatial/spatial_0175/0000.png
[2530/2953] sample 0: OK 31.6s -> /home/hm/Projects/Tests/2026-09-02/image-generation/realvisxl_full/t2i_compbench/spatial/spatial_0176/0000.png
[2531/2953] sample 0: OK 31.6s -> /home/hm/Projects/Tests/2026-09-02/image-generation/realvisxl_full/t2i_compbench/spatial/spatial_0177/0000.png
[2532/2953] sample 0: OK 31.6s -> /home/hm/Projects/Tests/2026-09-02/image-generation/realvisxl_full/t2i_compbench/spatial/spatial_0178/0000.png
[2533/2953] sample 0: OK 31.6s -> /home/hm/Projects/Tests/2026-09-02/image-generation/realvisxl_full/t2i_compbench/spatial/spatial_0179/0000.png
[2534/2953] sample 0: OK 31.6s -> /home/hm/Projects/Tests/2026-09-02/image-generation/realvisxl_full/t2i_compbench/spatial/spatial_0180/0000.png
[2535/2953] sample 0: OK 31.6s -> /home/hm/Projects/Tests/2026-09-02/image-generation/realvisxl_full/t2i_compbench/spatial/spatial_0181/0000.png
[2536/2953] sample 0: OK 31.6s -> /home/hm/Projects/Tests/2026-09-02/image-generation/realvisxl_full/t2i_compbench/spatial/spatial_0182/0000.png
[2537/2953] sample 0: OK 31.6s -> /home/hm/Projects/Tests/2026-09-02/image-generation/realvisxl_full/t2i_compbench/spatial/spatial_0183/0000.png
[2538/2953] sample 0: OK 31.6s -> /home/hm/Projects/Tests/2026-09-02/image-generation/realvisxl_full/t2i_compbench/spatial/spatial_0184/0000.png
[2539/2953] sample 0: OK 31.6s -> /home/hm/Projects/Tests/2026-09-02/image-generation/realvisxl_full/t2i_compbench/spatial/spatial_0185/0000.png
[2540/2953] sample 0: OK 31.6s -> /home/hm/Projects/Tests/2026-09-02/image-generation/realvisxl_full/t2i_compbench/spatial/spatial_0186/0000.png
[2541/2953] sample 0: OK 31.6s -> /home/hm/Projects/Tests/2026-09-02/image-generation/realvisxl_full/t2i_compbench/spatial/spatial_0187/0000.png
[2542/2953] sample 0: OK 31.6s -> /home/hm/Projects/Tests/2026-09-02/image-generation/realvisxl_full/t2i_compbench/spatial/spatial_0188/0000.png
[2543/2953] sample 0: OK 31.6s -> /home/hm/Projects/Tests/2026-09-02/image-generation/realvisxl_full/t2i_compbench/spatial/spatial_0189/0000.png
[2544/2953] sample 0: OK 31.6s -> /home/hm/Projects/Tests/2026-09-02/image-generation/realvisxl_full/t2i_compbench/spatial/spatial_0190/0000.png
[2545/2953] sample 0: OK 31.6s -> /home/hm/Projects/Tests/2026-09-02/image-generation/realvisxl_full/t2i_compbench/spatial/spatial_0191/0000.png
[2546/2953] sample 0: OK 31.6s -> /home/hm/Projects/Tests/2026-09-02/image-generation/realvisxl_full/t2i_compbench/spatial/spatial_0192/0000.png
[2547/2953] sample 0: OK 31.6s -> /home/hm/Projects/Tests/2026-09-02/image-generation/realvisxl_full/t2i_compbench/spatial/spatial_0193/0000.png
[2548/2953] sample 0: OK 31.6s -> /home/hm/Projects/Tests/2026-09-02/image-generation/realvisxl_full/t2i_compbench/spatial/spatial_0194/0000.png
[2549/2953] sample 0: OK 31.6s -> /home/hm/Projects/Tests/2026-09-02/image-generation/realvisxl_full/t2i_compbench/spatial/spatial_0195/0000.png
[2550/2953] sample 0: OK 31.6s -> /home/hm/Projects/Tests/2026-09-02/image-generation/realvisxl_full/t2i_compbench/spatial/spatial_0196/0000.png
[2551/2953] sample 0: OK 31.6s -> /home/hm/Projects/Tests/2026-09-02/image-generation/realvisxl_full/t2i_compbench/spatial/spatial_0197/0000.png
[2552/2953] sample 0: OK 31.6s -> /home/hm/Projects/Tests/2026-09-02/image-generation/realvisxl_full/t2i_compbench/spatial/spatial_0198/0000.png
[2553/2953] sample 0: OK 31.6s -> /home/hm/Projects/Tests/2026-09-02/image-generation/realvisxl_full/t2i_compbench/spatial/spatial_0199/0000.png
[2554/2953] sample 0: OK 31.6s -> /home/hm/Projects/Tests/2026-09-02/image-generation/realvisxl_full/t2i_compbench/spatial/spatial_0200/0000.png
[2555/2953] sample 0: OK 31.6s -> /home/hm/Projects/Tests/2026-09-02/image-generation/realvisxl_full/t2i_compbench/spatial/spatial_0201/0000.png
[2556/2953] sample 0: OK 31.6s -> /home/hm/Projects/Tests/2026-09-02/image-generation/realvisxl_full/t2i_compbench/spatial/spatial_0202/0000.png
[2557/2953] sample 0: OK 31.6s -> /home/hm/Projects/Tests/2026-09-02/image-generation/realvisxl_full/t2i_compbench/spatial/spatial_0203/0000.png
[2558/2953] sample 0: OK 31.6s -> /home/hm/Projects/Tests/2026-09-02/image-generation/realvisxl_full/t2i_compbench/spatial/spatial_0204/0000.png
[2559/2953] sample 0: OK 31.6s -> /home/hm/Projects/Tests/2026-09-02/image-generation/realvisxl_full/t2i_compbench/spatial/spatial_0205/0000.png
[2560/2953] sample 0: OK 31.6s -> /home/hm/Projects/Tests/2026-09-02/image-generation/realvisxl_full/t2i_compbench/spatial/spatial_0206/0000.png
[2561/2953] sample 0: OK 31.6s -> /home/hm/Projects/Tests/2026-09-02/image-generation/realvisxl_full/t2i_compbench/spatial/spatial_0207/0000.png
[2562/2953] sample 0: OK 31.6s -> /home/hm/Projects/Tests/2026-09-02/image-generation/realvisxl_full/t2i_compbench/spatial/spatial_0208/0000.png
[2563/2953] sample 0: OK 31.6s -> /home/hm/Projects/Tests/2026-09-02/image-generation/realvisxl_full/t2i_compbench/spatial/spatial_0209/0000.png
[2564/2953] sample 0: OK 31.6s -> /home/hm/Projects/Tests/2026-09-02/image-generation/realvisxl_full/t2i_compbench/spatial/spatial_0210/0000.png
[2565/2953] sample 0: OK 31.6s -> /home/hm/Projects/Tests/2026-09-02/image-generation/realvisxl_full/t2i_compbench/spatial/spatial_0211/0000.png
[2566/2953] sample 0: OK 31.6s -> /home/hm/Projects/Tests/2026-09-02/image-generation/realvisxl_full/t2i_compbench/spatial/spatial_0212/0000.png
[2567/2953] sample 0: OK 31.6s -> /home/hm/Projects/Tests/2026-09-02/image-generation/realvisxl_full/t2i_compbench/spatial/spatial_0213/0000.png
[2568/2953] sample 0: OK 31.6s -> /home/hm/Projects/Tests/2026-09-02/image-generation/realvisxl_full/t2i_compbench/spatial/spatial_0214/0000.png
[2569/2953] sample 0: OK 31.6s -> /home/hm/Projects/Tests/2026-09-02/image-generation/realvisxl_full/t2i_compbench/spatial/spatial_0215/0000.png
[2570/2953] sample 0: OK 31.6s -> /home/hm/Projects/Tests/2026-09-02/image-generation/realvisxl_full/t2i_compbench/spatial/spatial_0216/0000.png
[2571/2953] sample 0: OK 31.6s -> /home/hm/Projects/Tests/2026-09-02/image-generation/realvisxl_full/t2i_compbench/spatial/spatial_0217/0000.png
[2572/2953] sample 0: OK 31.6s -> /home/hm/Projects/Tests/2026-09-02/image-generation/realvisxl_full/t2i_compbench/spatial/spatial_0218/0000.png
[2573/2953] sample 0: OK 31.6s -> /home/hm/Projects/Tests/2026-09-02/image-generation/realvisxl_full/t2i_compbench/spatial/spatial_0219/0000.png
[2574/2953] sample 0: OK 31.6s -> /home/hm/Projects/Tests/2026-09-02/image-generation/realvisxl_full/t2i_compbench/spatial/spatial_0220/0000.png
[2575/2953] sample 0: OK 31.6s -> /home/hm/Projects/Tests/2026-09-02/image-generation/realvisxl_full/t2i_compbench/spatial/spatial_0221/0000.png
[2576/2953] sample 0: OK 31.6s -> /home/hm/Projects/Tests/2026-09-02/image-generation/realvisxl_full/t2i_compbench/spatial/spatial_0222/0000.png
[2577/2953] sample 0: OK 31.6s -> /home/hm/Projects/Tests/2026-09-02/image-generation/realvisxl_full/t2i_compbench/spatial/spatial_0223/0000.png
[2578/2953] sample 0: OK 31.6s -> /home/hm/Projects/Tests/2026-09-02/image-generation/realvisxl_full/t2i_compbench/spatial/spatial_0224/0000.png
[2579/2953] sample 0: OK 31.6s -> /home/hm/Projects/Tests/2026-09-02/image-generation/realvisxl_full/t2i_compbench/spatial/spatial_0225/0000.png
[2580/2953] sample 0: OK 31.6s -> /home/hm/Projects/Tests/2026-09-02/image-generation/realvisxl_full/t2i_compbench/spatial/spatial_0226/0000.png
[2581/2953] sample 0: OK 31.6s -> /home/hm/Projects/Tests/2026-09-02/image-generation/realvisxl_full/t2i_compbench/spatial/spatial_0227/0000.png
[2582/2953] sample 0: OK 31.6s -> /home/hm/Projects/Tests/2026-09-02/image-generation/realvisxl_full/t2i_compbench/spatial/spatial_0228/0000.png
[2583/2953] sample 0: OK 31.6s -> /home/hm/Projects/Tests/2026-09-02/image-generation/realvisxl_full/t2i_compbench/spatial/spatial_0229/0000.png
[2584/2953] sample 0: OK 31.6s -> /home/hm/Projects/Tests/2026-09-02/image-generation/realvisxl_full/t2i_compbench/spatial/spatial_0230/0000.png
[2585/2953] sample 0: OK 31.6s -> /home/hm/Projects/Tests/2026-09-02/image-generation/realvisxl_full/t2i_compbench/spatial/spatial_0231/0000.png
[2586/2953] sample 0: OK 31.6s -> /home/hm/Projects/Tests/2026-09-02/image-generation/realvisxl_full/t2i_compbench/spatial/spatial_0232/0000.png
[2587/2953] sample 0: OK 31.6s -> /home/hm/Projects/Tests/2026-09-02/image-generation/realvisxl_full/t2i_compbench/spatial/spatial_0233/0000.png
[2588/2953] sample 0: OK 31.6s -> /home/hm/Projects/Tests/2026-09-02/image-generation/realvisxl_full/t2i_compbench/spatial/spatial_0234/0000.png
[2589/2953] sample 0: OK 31.6s -> /home/hm/Projects/Tests/2026-09-02/image-generation/realvisxl_full/t2i_compbench/spatial/spatial_0235/0000.png
[2590/2953] sample 0: OK 31.6s -> /home/hm/Projects/Tests/2026-09-02/image-generation/realvisxl_full/t2i_compbench/spatial/spatial_0236/0000.png
[2591/2953] sample 0: OK 31.6s -> /home/hm/Projects/Tests/2026-09-02/image-generation/realvisxl_full/t2i_compbench/spatial/spatial_0237/0000.png
[2592/2953] sample 0: OK 31.8s -> /home/hm/Projects/Tests/2026-09-02/image-generation/realvisxl_full/t2i_compbench/spatial/spatial_0238/0000.png
[2593/2953] sample 0: OK 31.7s -> /home/hm/Projects/Tests/2026-09-02/image-generation/realvisxl_full/t2i_compbench/spatial/spatial_0239/0000.png
[2594/2953] sample 0: OK 31.7s -> /home/hm/Projects/Tests/2026-09-02/image-generation/realvisxl_full/t2i_compbench/spatial/spatial_0240/0000.png
[2595/2953] sample 0: OK 31.6s -> /home/hm/Projects/Tests/2026-09-02/image-generation/realvisxl_full/t2i_compbench/spatial/spatial_0241/0000.png
[2596/2953] sample 0: OK 31.6s -> /home/hm/Projects/Tests/2026-09-02/image-generation/realvisxl_full/t2i_compbench/spatial/spatial_0242/0000.png
[2597/2953] sample 0: OK 31.6s -> /home/hm/Projects/Tests/2026-09-02/image-generation/realvisxl_full/t2i_compbench/spatial/spatial_0243/0000.png
[2598/2953] sample 0: OK 31.6s -> /home/hm/Projects/Tests/2026-09-02/image-generation/realvisxl_full/t2i_compbench/spatial/spatial_0244/0000.png
[2599/2953] sample 0: OK 31.6s -> /home/hm/Projects/Tests/2026-09-02/image-generation/realvisxl_full/t2i_compbench/spatial/spatial_0245/0000.png
[2600/2953] sample 0: OK 31.6s -> /home/hm/Projects/Tests/2026-09-02/image-generation/realvisxl_full/t2i_compbench/spatial/spatial_0246/0000.png
[2601/2953] sample 0: OK 31.6s -> /home/hm/Projects/Tests/2026-09-02/image-generation/realvisxl_full/t2i_compbench/spatial/spatial_0247/0000.png
[2602/2953] sample 0: OK 31.6s -> /home/hm/Projects/Tests/2026-09-02/image-generation/realvisxl_full/t2i_compbench/spatial/spatial_0248/0000.png
[2603/2953] sample 0: OK 31.6s -> /home/hm/Projects/Tests/2026-09-02/image-generation/realvisxl_full/t2i_compbench/spatial/spatial_0249/0000.png
[2604/2953] sample 0: OK 31.6s -> /home/hm/Projects/Tests/2026-09-02/image-generation/realvisxl_full/t2i_compbench/spatial/spatial_0250/0000.png
[2605/2953] sample 0: OK 31.6s -> /home/hm/Projects/Tests/2026-09-02/image-generation/realvisxl_full/t2i_compbench/spatial/spatial_0251/0000.png
[2606/2953] sample 0: OK 31.6s -> /home/hm/Projects/Tests/2026-09-02/image-generation/realvisxl_full/t2i_compbench/spatial/spatial_0252/0000.png
[2607/2953] sample 0: OK 31.6s -> /home/hm/Projects/Tests/2026-09-02/image-generation/realvisxl_full/t2i_compbench/spatial/spatial_0253/0000.png
[2608/2953] sample 0: OK 31.6s -> /home/hm/Projects/Tests/2026-09-02/image-generation/realvisxl_full/t2i_compbench/spatial/spatial_0254/0000.png
[2609/2953] sample 0: OK 31.6s -> /home/hm/Projects/Tests/2026-09-02/image-generation/realvisxl_full/t2i_compbench/spatial/spatial_0255/0000.png
[2610/2953] sample 0: OK 31.6s -> /home/hm/Projects/Tests/2026-09-02/image-generation/realvisxl_full/t2i_compbench/spatial/spatial_0256/0000.png
[2611/2953] sample 0: OK 31.6s -> /home/hm/Projects/Tests/2026-09-02/image-generation/realvisxl_full/t2i_compbench/spatial/spatial_0257/0000.png
[2612/2953] sample 0: OK 31.6s -> /home/hm/Projects/Tests/2026-09-02/image-generation/realvisxl_full/t2i_compbench/spatial/spatial_0258/0000.png
[2613/2953] sample 0: OK 31.6s -> /home/hm/Projects/Tests/2026-09-02/image-generation/realvisxl_full/t2i_compbench/spatial/spatial_0259/0000.png
[2614/2953] sample 0: OK 31.6s -> /home/hm/Projects/Tests/2026-09-02/image-generation/realvisxl_full/t2i_compbench/spatial/spatial_0260/0000.png
[2615/2953] sample 0: OK 31.6s -> /home/hm/Projects/Tests/2026-09-02/image-generation/realvisxl_full/t2i_compbench/spatial/spatial_0261/0000.png
[2616/2953] sample 0: OK 31.6s -> /home/hm/Projects/Tests/2026-09-02/image-generation/realvisxl_full/t2i_compbench/spatial/spatial_0262/0000.png
[2617/2953] sample 0: OK 31.6s -> /home/hm/Projects/Tests/2026-09-02/image-generation/realvisxl_full/t2i_compbench/spatial/spatial_0263/0000.png
[2618/2953] sample 0: OK 31.6s -> /home/hm/Projects/Tests/2026-09-02/image-generation/realvisxl_full/t2i_compbench/spatial/spatial_0264/0000.png
[2619/2953] sample 0: OK 31.6s -> /home/hm/Projects/Tests/2026-09-02/image-generation/realvisxl_full/t2i_compbench/spatial/spatial_0265/0000.png
[2620/2953] sample 0: OK 31.6s -> /home/hm/Projects/Tests/2026-09-02/image-generation/realvisxl_full/t2i_compbench/spatial/spatial_0266/0000.png
[2621/2953] sample 0: OK 31.6s -> /home/hm/Projects/Tests/2026-09-02/image-generation/realvisxl_full/t2i_compbench/spatial/spatial_0267/0000.png
[2622/2953] sample 0: OK 31.6s -> /home/hm/Projects/Tests/2026-09-02/image-generation/realvisxl_full/t2i_compbench/spatial/spatial_0268/0000.png
[2623/2953] sample 0: OK 31.6s -> /home/hm/Projects/Tests/2026-09-02/image-generation/realvisxl_full/t2i_compbench/spatial/spatial_0269/0000.png
[2624/2953] sample 0: OK 31.6s -> /home/hm/Projects/Tests/2026-09-02/image-generation/realvisxl_full/t2i_compbench/spatial/spatial_0270/0000.png
[2625/2953] sample 0: OK 31.6s -> /home/hm/Projects/Tests/2026-09-02/image-generation/realvisxl_full/t2i_compbench/spatial/spatial_0271/0000.png
[2626/2953] sample 0: OK 31.6s -> /home/hm/Projects/Tests/2026-09-02/image-generation/realvisxl_full/t2i_compbench/spatial/spatial_0272/0000.png
[2627/2953] sample 0: OK 31.6s -> /home/hm/Projects/Tests/2026-09-02/image-generation/realvisxl_full/t2i_compbench/spatial/spatial_0273/0000.png
[2628/2953] sample 0: OK 31.6s -> /home/hm/Projects/Tests/2026-09-02/image-generation/realvisxl_full/t2i_compbench/spatial/spatial_0274/0000.png
[2629/2953] sample 0: OK 31.6s -> /home/hm/Projects/Tests/2026-09-02/image-generation/realvisxl_full/t2i_compbench/spatial/spatial_0275/0000.png
[2630/2953] sample 0: OK 31.6s -> /home/hm/Projects/Tests/2026-09-02/image-generation/realvisxl_full/t2i_compbench/spatial/spatial_0276/0000.png
[2631/2953] sample 0: OK 31.6s -> /home/hm/Projects/Tests/2026-09-02/image-generation/realvisxl_full/t2i_compbench/spatial/spatial_0277/0000.png
[2632/2953] sample 0: OK 31.6s -> /home/hm/Projects/Tests/2026-09-02/image-generation/realvisxl_full/t2i_compbench/spatial/spatial_0278/0000.png
[2633/2953] sample 0: OK 31.6s -> /home/hm/Projects/Tests/2026-09-02/image-generation/realvisxl_full/t2i_compbench/spatial/spatial_0279/0000.png
[2634/2953] sample 0: OK 31.6s -> /home/hm/Projects/Tests/2026-09-02/image-generation/realvisxl_full/t2i_compbench/spatial/spatial_0280/0000.png
[2635/2953] sample 0: OK 31.6s -> /home/hm/Projects/Tests/2026-09-02/image-generation/realvisxl_full/t2i_compbench/spatial/spatial_0281/0000.png
[2636/2953] sample 0: OK 31.6s -> /home/hm/Projects/Tests/2026-09-02/image-generation/realvisxl_full/t2i_compbench/spatial/spatial_0282/0000.png
[2637/2953] sample 0: OK 31.6s -> /home/hm/Projects/Tests/2026-09-02/image-generation/realvisxl_full/t2i_compbench/spatial/spatial_0283/0000.png
[2638/2953] sample 0: OK 31.6s -> /home/hm/Projects/Tests/2026-09-02/image-generation/realvisxl_full/t2i_compbench/spatial/spatial_0284/0000.png
[2639/2953] sample 0: OK 31.6s -> /home/hm/Projects/Tests/2026-09-02/image-generation/realvisxl_full/t2i_compbench/spatial/spatial_0285/0000.png
[2640/2953] sample 0: OK 31.6s -> /home/hm/Projects/Tests/2026-09-02/image-generation/realvisxl_full/t2i_compbench/spatial/spatial_0286/0000.png
[2641/2953] sample 0: OK 31.6s -> /home/hm/Projects/Tests/2026-09-02/image-generation/realvisxl_full/t2i_compbench/spatial/spatial_0287/0000.png
[2642/2953] sample 0: OK 31.6s -> /home/hm/Projects/Tests/2026-09-02/image-generation/realvisxl_full/t2i_compbench/spatial/spatial_0288/0000.png
[2643/2953] sample 0: OK 31.6s -> /home/hm/Projects/Tests/2026-09-02/image-generation/realvisxl_full/t2i_compbench/spatial/spatial_0289/0000.png
[2644/2953] sample 0: OK 31.6s -> /home/hm/Projects/Tests/2026-09-02/image-generation/realvisxl_full/t2i_compbench/spatial/spatial_0290/0000.png
[2645/2953] sample 0: OK 31.6s -> /home/hm/Projects/Tests/2026-09-02/image-generation/realvisxl_full/t2i_compbench/spatial/spatial_0291/0000.png
[2646/2953] sample 0: OK 31.6s -> /home/hm/Projects/Tests/2026-09-02/image-generation/realvisxl_full/t2i_compbench/spatial/spatial_0292/0000.png
[2647/2953] sample 0: OK 31.6s -> /home/hm/Projects/Tests/2026-09-02/image-generation/realvisxl_full/t2i_compbench/spatial/spatial_0293/0000.png
[2648/2953] sample 0: OK 31.6s -> /home/hm/Projects/Tests/2026-09-02/image-generation/realvisxl_full/t2i_compbench/spatial/spatial_0294/0000.png
[2649/2953] sample 0: OK 31.6s -> /home/hm/Projects/Tests/2026-09-02/image-generation/realvisxl_full/t2i_compbench/spatial/spatial_0295/0000.png
[2650/2953] sample 0: OK 31.6s -> /home/hm/Projects/Tests/2026-09-02/image-generation/realvisxl_full/t2i_compbench/spatial/spatial_0296/0000.png
[2651/2953] sample 0: OK 31.6s -> /home/hm/Projects/Tests/2026-09-02/image-generation/realvisxl_full/t2i_compbench/spatial/spatial_0297/0000.png
[2652/2953] sample 0: OK 31.6s -> /home/hm/Projects/Tests/2026-09-02/image-generation/realvisxl_full/t2i_compbench/spatial/spatial_0298/0000.png
[2653/2953] sample 0: OK 31.6s -> /home/hm/Projects/Tests/2026-09-02/image-generation/realvisxl_full/t2i_compbench/spatial/spatial_0299/0000.png
[2654/2953] sample 0: OK 31.6s -> /home/hm/Projects/Tests/2026-09-02/image-generation/realvisxl_full/t2i_compbench/texture/texture_0000/0000.png
[2655/2953] sample 0: OK 31.6s -> /home/hm/Projects/Tests/2026-09-02/image-generation/realvisxl_full/t2i_compbench/texture/texture_0001/0000.png
[2656/2953] sample 0: OK 31.6s -> /home/hm/Projects/Tests/2026-09-02/image-generation/realvisxl_full/t2i_compbench/texture/texture_0002/0000.png
[2657/2953] sample 0: OK 31.6s -> /home/hm/Projects/Tests/2026-09-02/image-generation/realvisxl_full/t2i_compbench/texture/texture_0003/0000.png
[2658/2953] sample 0: OK 31.6s -> /home/hm/Projects/Tests/2026-09-02/image-generation/realvisxl_full/t2i_compbench/texture/texture_0004/0000.png
[2659/2953] sample 0: OK 31.6s -> /home/hm/Projects/Tests/2026-09-02/image-generation/realvisxl_full/t2i_compbench/texture/texture_0005/0000.png
[2660/2953] sample 0: OK 31.6s -> /home/hm/Projects/Tests/2026-09-02/image-generation/realvisxl_full/t2i_compbench/texture/texture_0006/0000.png
[2661/2953] sample 0: OK 31.6s -> /home/hm/Projects/Tests/2026-09-02/image-generation/realvisxl_full/t2i_compbench/texture/texture_0007/0000.png
[2662/2953] sample 0: OK 31.6s -> /home/hm/Projects/Tests/2026-09-02/image-generation/realvisxl_full/t2i_compbench/texture/texture_0008/0000.png
[2663/2953] sample 0: OK 31.6s -> /home/hm/Projects/Tests/2026-09-02/image-generation/realvisxl_full/t2i_compbench/texture/texture_0009/0000.png
[2664/2953] sample 0: OK 31.6s -> /home/hm/Projects/Tests/2026-09-02/image-generation/realvisxl_full/t2i_compbench/texture/texture_0010/0000.png
[2665/2953] sample 0: OK 31.6s -> /home/hm/Projects/Tests/2026-09-02/image-generation/realvisxl_full/t2i_compbench/texture/texture_0011/0000.png
[2666/2953] sample 0: OK 31.6s -> /home/hm/Projects/Tests/2026-09-02/image-generation/realvisxl_full/t2i_compbench/texture/texture_0012/0000.png
[2667/2953] sample 0: OK 31.6s -> /home/hm/Projects/Tests/2026-09-02/image-generation/realvisxl_full/t2i_compbench/texture/texture_0013/0000.png
[2668/2953] sample 0: OK 31.6s -> /home/hm/Projects/Tests/2026-09-02/image-generation/realvisxl_full/t2i_compbench/texture/texture_0014/0000.png
[2669/2953] sample 0: OK 31.6s -> /home/hm/Projects/Tests/2026-09-02/image-generation/realvisxl_full/t2i_compbench/texture/texture_0015/0000.png
[2670/2953] sample 0: OK 31.6s -> /home/hm/Projects/Tests/2026-09-02/image-generation/realvisxl_full/t2i_compbench/texture/texture_0016/0000.png
[2671/2953] sample 0: OK 31.6s -> /home/hm/Projects/Tests/2026-09-02/image-generation/realvisxl_full/t2i_compbench/texture/texture_0017/0000.png
[2672/2953] sample 0: OK 31.6s -> /home/hm/Projects/Tests/2026-09-02/image-generation/realvisxl_full/t2i_compbench/texture/texture_0018/0000.png
[2673/2953] sample 0: OK 31.6s -> /home/hm/Projects/Tests/2026-09-02/image-generation/realvisxl_full/t2i_compbench/texture/texture_0019/0000.png
[2674/2953] sample 0: OK 31.6s -> /home/hm/Projects/Tests/2026-09-02/image-generation/realvisxl_full/t2i_compbench/texture/texture_0020/0000.png
[2675/2953] sample 0: OK 31.6s -> /home/hm/Projects/Tests/2026-09-02/image-generation/realvisxl_full/t2i_compbench/texture/texture_0021/0000.png
[2676/2953] sample 0: OK 31.6s -> /home/hm/Projects/Tests/2026-09-02/image-generation/realvisxl_full/t2i_compbench/texture/texture_0022/0000.png
[2677/2953] sample 0: OK 31.6s -> /home/hm/Projects/Tests/2026-09-02/image-generation/realvisxl_full/t2i_compbench/texture/texture_0023/0000.png
[2678/2953] sample 0: OK 31.6s -> /home/hm/Projects/Tests/2026-09-02/image-generation/realvisxl_full/t2i_compbench/texture/texture_0024/0000.png
[2679/2953] sample 0: OK 31.6s -> /home/hm/Projects/Tests/2026-09-02/image-generation/realvisxl_full/t2i_compbench/texture/texture_0025/0000.png
[2680/2953] sample 0: OK 31.6s -> /home/hm/Projects/Tests/2026-09-02/image-generation/realvisxl_full/t2i_compbench/texture/texture_0026/0000.png
[2681/2953] sample 0: OK 31.6s -> /home/hm/Projects/Tests/2026-09-02/image-generation/realvisxl_full/t2i_compbench/texture/texture_0027/0000.png
[2682/2953] sample 0: OK 31.6s -> /home/hm/Projects/Tests/2026-09-02/image-generation/realvisxl_full/t2i_compbench/texture/texture_0028/0000.png
[2683/2953] sample 0: OK 31.6s -> /home/hm/Projects/Tests/2026-09-02/image-generation/realvisxl_full/t2i_compbench/texture/texture_0029/0000.png
[2684/2953] sample 0: OK 31.6s -> /home/hm/Projects/Tests/2026-09-02/image-generation/realvisxl_full/t2i_compbench/texture/texture_0030/0000.png
[2685/2953] sample 0: OK 31.6s -> /home/hm/Projects/Tests/2026-09-02/image-generation/realvisxl_full/t2i_compbench/texture/texture_0031/0000.png
[2686/2953] sample 0: OK 31.6s -> /home/hm/Projects/Tests/2026-09-02/image-generation/realvisxl_full/t2i_compbench/texture/texture_0032/0000.png
[2687/2953] sample 0: OK 31.6s -> /home/hm/Projects/Tests/2026-09-02/image-generation/realvisxl_full/t2i_compbench/texture/texture_0033/0000.png
[2688/2953] sample 0: OK 31.6s -> /home/hm/Projects/Tests/2026-09-02/image-generation/realvisxl_full/t2i_compbench/texture/texture_0034/0000.png
[2689/2953] sample 0: OK 31.6s -> /home/hm/Projects/Tests/2026-09-02/image-generation/realvisxl_full/t2i_compbench/texture/texture_0035/0000.png
[2690/2953] sample 0: OK 31.6s -> /home/hm/Projects/Tests/2026-09-02/image-generation/realvisxl_full/t2i_compbench/texture/texture_0036/0000.png
[2691/2953] sample 0: OK 31.6s -> /home/hm/Projects/Tests/2026-09-02/image-generation/realvisxl_full/t2i_compbench/texture/texture_0037/0000.png
[2692/2953] sample 0: OK 31.6s -> /home/hm/Projects/Tests/2026-09-02/image-generation/realvisxl_full/t2i_compbench/texture/texture_0038/0000.png
[2693/2953] sample 0: OK 31.6s -> /home/hm/Projects/Tests/2026-09-02/image-generation/realvisxl_full/t2i_compbench/texture/texture_0039/0000.png
[2694/2953] sample 0: OK 31.6s -> /home/hm/Projects/Tests/2026-09-02/image-generation/realvisxl_full/t2i_compbench/texture/texture_0040/0000.png
[2695/2953] sample 0: OK 31.6s -> /home/hm/Projects/Tests/2026-09-02/image-generation/realvisxl_full/t2i_compbench/texture/texture_0041/0000.png
[2696/2953] sample 0: OK 31.6s -> /home/hm/Projects/Tests/2026-09-02/image-generation/realvisxl_full/t2i_compbench/texture/texture_0042/0000.png
[2697/2953] sample 0: OK 31.6s -> /home/hm/Projects/Tests/2026-09-02/image-generation/realvisxl_full/t2i_compbench/texture/texture_0043/0000.png
[2698/2953] sample 0: OK 31.6s -> /home/hm/Projects/Tests/2026-09-02/image-generation/realvisxl_full/t2i_compbench/texture/texture_0044/0000.png
[2699/2953] sample 0: OK 31.6s -> /home/hm/Projects/Tests/2026-09-02/image-generation/realvisxl_full/t2i_compbench/texture/texture_0045/0000.png
[2700/2953] sample 0: OK 31.6s -> /home/hm/Projects/Tests/2026-09-02/image-generation/realvisxl_full/t2i_compbench/texture/texture_0046/0000.png
[2701/2953] sample 0: OK 31.6s -> /home/hm/Projects/Tests/2026-09-02/image-generation/realvisxl_full/t2i_compbench/texture/texture_0047/0000.png
[2702/2953] sample 0: OK 31.6s -> /home/hm/Projects/Tests/2026-09-02/image-generation/realvisxl_full/t2i_compbench/texture/texture_0048/0000.png
[2703/2953] sample 0: OK 31.6s -> /home/hm/Projects/Tests/2026-09-02/image-generation/realvisxl_full/t2i_compbench/texture/texture_0049/0000.png
[2704/2953] sample 0: OK 31.6s -> /home/hm/Projects/Tests/2026-09-02/image-generation/realvisxl_full/t2i_compbench/texture/texture_0050/0000.png
[2705/2953] sample 0: OK 31.6s -> /home/hm/Projects/Tests/2026-09-02/image-generation/realvisxl_full/t2i_compbench/texture/texture_0051/0000.png
[2706/2953] sample 0: OK 31.6s -> /home/hm/Projects/Tests/2026-09-02/image-generation/realvisxl_full/t2i_compbench/texture/texture_0052/0000.png
[2707/2953] sample 0: OK 31.6s -> /home/hm/Projects/Tests/2026-09-02/image-generation/realvisxl_full/t2i_compbench/texture/texture_0053/0000.png
[2708/2953] sample 0: OK 31.6s -> /home/hm/Projects/Tests/2026-09-02/image-generation/realvisxl_full/t2i_compbench/texture/texture_0054/0000.png
[2709/2953] sample 0: OK 31.6s -> /home/hm/Projects/Tests/2026-09-02/image-generation/realvisxl_full/t2i_compbench/texture/texture_0055/0000.png
[2710/2953] sample 0: OK 31.6s -> /home/hm/Projects/Tests/2026-09-02/image-generation/realvisxl_full/t2i_compbench/texture/texture_0056/0000.png
[2711/2953] sample 0: OK 31.6s -> /home/hm/Projects/Tests/2026-09-02/image-generation/realvisxl_full/t2i_compbench/texture/texture_0057/0000.png
[2712/2953] sample 0: OK 31.6s -> /home/hm/Projects/Tests/2026-09-02/image-generation/realvisxl_full/t2i_compbench/texture/texture_0058/0000.png
[2713/2953] sample 0: OK 31.6s -> /home/hm/Projects/Tests/2026-09-02/image-generation/realvisxl_full/t2i_compbench/texture/texture_0059/0000.png
[2714/2953] sample 0: OK 31.6s -> /home/hm/Projects/Tests/2026-09-02/image-generation/realvisxl_full/t2i_compbench/texture/texture_0060/0000.png
[2715/2953] sample 0: OK 31.6s -> /home/hm/Projects/Tests/2026-09-02/image-generation/realvisxl_full/t2i_compbench/texture/texture_0061/0000.png
[2716/2953] sample 0: OK 31.6s -> /home/hm/Projects/Tests/2026-09-02/image-generation/realvisxl_full/t2i_compbench/texture/texture_0062/0000.png
[2717/2953] sample 0: OK 31.6s -> /home/hm/Projects/Tests/2026-09-02/image-generation/realvisxl_full/t2i_compbench/texture/texture_0063/0000.png
[2718/2953] sample 0: OK 31.6s -> /home/hm/Projects/Tests/2026-09-02/image-generation/realvisxl_full/t2i_compbench/texture/texture_0064/0000.png
[2719/2953] sample 0: OK 31.6s -> /home/hm/Projects/Tests/2026-09-02/image-generation/realvisxl_full/t2i_compbench/texture/texture_0065/0000.png
[2720/2953] sample 0: OK 31.6s -> /home/hm/Projects/Tests/2026-09-02/image-generation/realvisxl_full/t2i_compbench/texture/texture_0066/0000.png
[2721/2953] sample 0: OK 31.6s -> /home/hm/Projects/Tests/2026-09-02/image-generation/realvisxl_full/t2i_compbench/texture/texture_0067/0000.png
[2722/2953] sample 0: OK 31.6s -> /home/hm/Projects/Tests/2026-09-02/image-generation/realvisxl_full/t2i_compbench/texture/texture_0068/0000.png
[2723/2953] sample 0: OK 31.6s -> /home/hm/Projects/Tests/2026-09-02/image-generation/realvisxl_full/t2i_compbench/texture/texture_0069/0000.png
[2724/2953] sample 0: OK 31.6s -> /home/hm/Projects/Tests/2026-09-02/image-generation/realvisxl_full/t2i_compbench/texture/texture_0070/0000.png
[2725/2953] sample 0: OK 31.6s -> /home/hm/Projects/Tests/2026-09-02/image-generation/realvisxl_full/t2i_compbench/texture/texture_0071/0000.png
[2726/2953] sample 0: OK 31.6s -> /home/hm/Projects/Tests/2026-09-02/image-generation/realvisxl_full/t2i_compbench/texture/texture_0072/0000.png
[2727/2953] sample 0: OK 31.6s -> /home/hm/Projects/Tests/2026-09-02/image-generation/realvisxl_full/t2i_compbench/texture/texture_0073/0000.png
[2728/2953] sample 0: OK 31.6s -> /home/hm/Projects/Tests/2026-09-02/image-generation/realvisxl_full/t2i_compbench/texture/texture_0074/0000.png
[2729/2953] sample 0: OK 31.6s -> /home/hm/Projects/Tests/2026-09-02/image-generation/realvisxl_full/t2i_compbench/texture/texture_0075/0000.png
[2730/2953] sample 0: OK 31.6s -> /home/hm/Projects/Tests/2026-09-02/image-generation/realvisxl_full/t2i_compbench/texture/texture_0076/0000.png
[2731/2953] sample 0: OK 31.6s -> /home/hm/Projects/Tests/2026-09-02/image-generation/realvisxl_full/t2i_compbench/texture/texture_0077/0000.png
[2732/2953] sample 0: OK 31.6s -> /home/hm/Projects/Tests/2026-09-02/image-generation/realvisxl_full/t2i_compbench/texture/texture_0078/0000.png
[2733/2953] sample 0: OK 31.6s -> /home/hm/Projects/Tests/2026-09-02/image-generation/realvisxl_full/t2i_compbench/texture/texture_0079/0000.png
[2734/2953] sample 0: OK 31.6s -> /home/hm/Projects/Tests/2026-09-02/image-generation/realvisxl_full/t2i_compbench/texture/texture_0080/0000.png
[2735/2953] sample 0: OK 31.6s -> /home/hm/Projects/Tests/2026-09-02/image-generation/realvisxl_full/t2i_compbench/texture/texture_0081/0000.png
[2736/2953] sample 0: OK 31.6s -> /home/hm/Projects/Tests/2026-09-02/image-generation/realvisxl_full/t2i_compbench/texture/texture_0082/0000.png
[2737/2953] sample 0: OK 31.6s -> /home/hm/Projects/Tests/2026-09-02/image-generation/realvisxl_full/t2i_compbench/texture/texture_0083/0000.png
[2738/2953] sample 0: OK 31.6s -> /home/hm/Projects/Tests/2026-09-02/image-generation/realvisxl_full/t2i_compbench/texture/texture_0084/0000.png
[2739/2953] sample 0: OK 31.6s -> /home/hm/Projects/Tests/2026-09-02/image-generation/realvisxl_full/t2i_compbench/texture/texture_0085/0000.png
[2740/2953] sample 0: OK 31.6s -> /home/hm/Projects/Tests/2026-09-02/image-generation/realvisxl_full/t2i_compbench/texture/texture_0086/0000.png
[2741/2953] sample 0: OK 31.6s -> /home/hm/Projects/Tests/2026-09-02/image-generation/realvisxl_full/t2i_compbench/texture/texture_0087/0000.png
[2742/2953] sample 0: OK 31.6s -> /home/hm/Projects/Tests/2026-09-02/image-generation/realvisxl_full/t2i_compbench/texture/texture_0088/0000.png
[2743/2953] sample 0: OK 31.6s -> /home/hm/Projects/Tests/2026-09-02/image-generation/realvisxl_full/t2i_compbench/texture/texture_0089/0000.png
[2744/2953] sample 0: OK 31.6s -> /home/hm/Projects/Tests/2026-09-02/image-generation/realvisxl_full/t2i_compbench/texture/texture_0090/0000.png
[2745/2953] sample 0: OK 31.6s -> /home/hm/Projects/Tests/2026-09-02/image-generation/realvisxl_full/t2i_compbench/texture/texture_0091/0000.png
[2746/2953] sample 0: OK 31.6s -> /home/hm/Projects/Tests/2026-09-02/image-generation/realvisxl_full/t2i_compbench/texture/texture_0092/0000.png
[2747/2953] sample 0: OK 31.6s -> /home/hm/Projects/Tests/2026-09-02/image-generation/realvisxl_full/t2i_compbench/texture/texture_0093/0000.png
[2748/2953] sample 0: OK 31.6s -> /home/hm/Projects/Tests/2026-09-02/image-generation/realvisxl_full/t2i_compbench/texture/texture_0094/0000.png
[2749/2953] sample 0: OK 31.6s -> /home/hm/Projects/Tests/2026-09-02/image-generation/realvisxl_full/t2i_compbench/texture/texture_0095/0000.png
[2750/2953] sample 0: OK 31.6s -> /home/hm/Projects/Tests/2026-09-02/image-generation/realvisxl_full/t2i_compbench/texture/texture_0096/0000.png
[2751/2953] sample 0: OK 31.6s -> /home/hm/Projects/Tests/2026-09-02/image-generation/realvisxl_full/t2i_compbench/texture/texture_0097/0000.png
[2752/2953] sample 0: OK 31.6s -> /home/hm/Projects/Tests/2026-09-02/image-generation/realvisxl_full/t2i_compbench/texture/texture_0098/0000.png
[2753/2953] sample 0: OK 31.6s -> /home/hm/Projects/Tests/2026-09-02/image-generation/realvisxl_full/t2i_compbench/texture/texture_0099/0000.png
[2754/2953] sample 0: OK 31.6s -> /home/hm/Projects/Tests/2026-09-02/image-generation/realvisxl_full/t2i_compbench/texture/texture_0100/0000.png
[2755/2953] sample 0: OK 31.6s -> /home/hm/Projects/Tests/2026-09-02/image-generation/realvisxl_full/t2i_compbench/texture/texture_0101/0000.png
[2756/2953] sample 0: OK 31.6s -> /home/hm/Projects/Tests/2026-09-02/image-generation/realvisxl_full/t2i_compbench/texture/texture_0102/0000.png
[2757/2953] sample 0: OK 31.6s -> /home/hm/Projects/Tests/2026-09-02/image-generation/realvisxl_full/t2i_compbench/texture/texture_0103/0000.png
[2758/2953] sample 0: OK 31.6s -> /home/hm/Projects/Tests/2026-09-02/image-generation/realvisxl_full/t2i_compbench/texture/texture_0104/0000.png
[2759/2953] sample 0: OK 31.6s -> /home/hm/Projects/Tests/2026-09-02/image-generation/realvisxl_full/t2i_compbench/texture/texture_0105/0000.png
[2760/2953] sample 0: OK 31.6s -> /home/hm/Projects/Tests/2026-09-02/image-generation/realvisxl_full/t2i_compbench/texture/texture_0106/0000.png
[2761/2953] sample 0: OK 31.6s -> /home/hm/Projects/Tests/2026-09-02/image-generation/realvisxl_full/t2i_compbench/texture/texture_0107/0000.png
[2762/2953] sample 0: OK 31.6s -> /home/hm/Projects/Tests/2026-09-02/image-generation/realvisxl_full/t2i_compbench/texture/texture_0108/0000.png
[2763/2953] sample 0: OK 31.6s -> /home/hm/Projects/Tests/2026-09-02/image-generation/realvisxl_full/t2i_compbench/texture/texture_0109/0000.png
[2764/2953] sample 0: OK 31.6s -> /home/hm/Projects/Tests/2026-09-02/image-generation/realvisxl_full/t2i_compbench/texture/texture_0110/0000.png
[2765/2953] sample 0: OK 31.6s -> /home/hm/Projects/Tests/2026-09-02/image-generation/realvisxl_full/t2i_compbench/texture/texture_0111/0000.png
[2766/2953] sample 0: OK 31.6s -> /home/hm/Projects/Tests/2026-09-02/image-generation/realvisxl_full/t2i_compbench/texture/texture_0112/0000.png
[2767/2953] sample 0: OK 31.6s -> /home/hm/Projects/Tests/2026-09-02/image-generation/realvisxl_full/t2i_compbench/texture/texture_0113/0000.png
[2768/2953] sample 0: OK 31.6s -> /home/hm/Projects/Tests/2026-09-02/image-generation/realvisxl_full/t2i_compbench/texture/texture_0114/0000.png
[2769/2953] sample 0: OK 31.6s -> /home/hm/Projects/Tests/2026-09-02/image-generation/realvisxl_full/t2i_compbench/texture/texture_0115/0000.png
[2770/2953] sample 0: OK 31.6s -> /home/hm/Projects/Tests/2026-09-02/image-generation/realvisxl_full/t2i_compbench/texture/texture_0116/0000.png
[2771/2953] sample 0: OK 31.6s -> /home/hm/Projects/Tests/2026-09-02/image-generation/realvisxl_full/t2i_compbench/texture/texture_0117/0000.png
[2772/2953] sample 0: OK 31.6s -> /home/hm/Projects/Tests/2026-09-02/image-generation/realvisxl_full/t2i_compbench/texture/texture_0118/0000.png
[2773/2953] sample 0: OK 31.6s -> /home/hm/Projects/Tests/2026-09-02/image-generation/realvisxl_full/t2i_compbench/texture/texture_0119/0000.png
[2774/2953] sample 0: OK 31.6s -> /home/hm/Projects/Tests/2026-09-02/image-generation/realvisxl_full/t2i_compbench/texture/texture_0120/0000.png
[2775/2953] sample 0: OK 31.6s -> /home/hm/Projects/Tests/2026-09-02/image-generation/realvisxl_full/t2i_compbench/texture/texture_0121/0000.png
[2776/2953] sample 0: OK 31.6s -> /home/hm/Projects/Tests/2026-09-02/image-generation/realvisxl_full/t2i_compbench/texture/texture_0122/0000.png
[2777/2953] sample 0: OK 31.6s -> /home/hm/Projects/Tests/2026-09-02/image-generation/realvisxl_full/t2i_compbench/texture/texture_0123/0000.png
[2778/2953] sample 0: OK 31.6s -> /home/hm/Projects/Tests/2026-09-02/image-generation/realvisxl_full/t2i_compbench/texture/texture_0124/0000.png
[2779/2953] sample 0: OK 31.6s -> /home/hm/Projects/Tests/2026-09-02/image-generation/realvisxl_full/t2i_compbench/texture/texture_0125/0000.png
[2780/2953] sample 0: OK 31.6s -> /home/hm/Projects/Tests/2026-09-02/image-generation/realvisxl_full/t2i_compbench/texture/texture_0126/0000.png
[2781/2953] sample 0: OK 31.6s -> /home/hm/Projects/Tests/2026-09-02/image-generation/realvisxl_full/t2i_compbench/texture/texture_0127/0000.png
[2782/2953] sample 0: OK 31.6s -> /home/hm/Projects/Tests/2026-09-02/image-generation/realvisxl_full/t2i_compbench/texture/texture_0128/0000.png
[2783/2953] sample 0: OK 31.6s -> /home/hm/Projects/Tests/2026-09-02/image-generation/realvisxl_full/t2i_compbench/texture/texture_0129/0000.png
[2784/2953] sample 0: OK 31.6s -> /home/hm/Projects/Tests/2026-09-02/image-generation/realvisxl_full/t2i_compbench/texture/texture_0130/0000.png
[2785/2953] sample 0: OK 31.6s -> /home/hm/Projects/Tests/2026-09-02/image-generation/realvisxl_full/t2i_compbench/texture/texture_0131/0000.png
[2786/2953] sample 0: OK 31.6s -> /home/hm/Projects/Tests/2026-09-02/image-generation/realvisxl_full/t2i_compbench/texture/texture_0132/0000.png
[2787/2953] sample 0: OK 31.6s -> /home/hm/Projects/Tests/2026-09-02/image-generation/realvisxl_full/t2i_compbench/texture/texture_0133/0000.png
[2788/2953] sample 0: OK 31.6s -> /home/hm/Projects/Tests/2026-09-02/image-generation/realvisxl_full/t2i_compbench/texture/texture_0134/0000.png
[2789/2953] sample 0: OK 31.6s -> /home/hm/Projects/Tests/2026-09-02/image-generation/realvisxl_full/t2i_compbench/texture/texture_0135/0000.png
[2790/2953] sample 0: OK 31.6s -> /home/hm/Projects/Tests/2026-09-02/image-generation/realvisxl_full/t2i_compbench/texture/texture_0136/0000.png
[2791/2953] sample 0: OK 31.6s -> /home/hm/Projects/Tests/2026-09-02/image-generation/realvisxl_full/t2i_compbench/texture/texture_0137/0000.png
[2792/2953] sample 0: OK 31.6s -> /home/hm/Projects/Tests/2026-09-02/image-generation/realvisxl_full/t2i_compbench/texture/texture_0138/0000.png
[2793/2953] sample 0: OK 31.6s -> /home/hm/Projects/Tests/2026-09-02/image-generation/realvisxl_full/t2i_compbench/texture/texture_0139/0000.png
[2794/2953] sample 0: OK 31.6s -> /home/hm/Projects/Tests/2026-09-02/image-generation/realvisxl_full/t2i_compbench/texture/texture_0140/0000.png
[2795/2953] sample 0: OK 31.6s -> /home/hm/Projects/Tests/2026-09-02/image-generation/realvisxl_full/t2i_compbench/texture/texture_0141/0000.png
[2796/2953] sample 0: OK 31.6s -> /home/hm/Projects/Tests/2026-09-02/image-generation/realvisxl_full/t2i_compbench/texture/texture_0142/0000.png
[2797/2953] sample 0: OK 31.6s -> /home/hm/Projects/Tests/2026-09-02/image-generation/realvisxl_full/t2i_compbench/texture/texture_0143/0000.png
[2798/2953] sample 0: OK 31.6s -> /home/hm/Projects/Tests/2026-09-02/image-generation/realvisxl_full/t2i_compbench/texture/texture_0144/0000.png
[2799/2953] sample 0: OK 31.6s -> /home/hm/Projects/Tests/2026-09-02/image-generation/realvisxl_full/t2i_compbench/texture/texture_0145/0000.png
[2800/2953] sample 0: OK 31.6s -> /home/hm/Projects/Tests/2026-09-02/image-generation/realvisxl_full/t2i_compbench/texture/texture_0146/0000.png
[2801/2953] sample 0: OK 31.6s -> /home/hm/Projects/Tests/2026-09-02/image-generation/realvisxl_full/t2i_compbench/texture/texture_0147/0000.png
[2802/2953] sample 0: OK 31.6s -> /home/hm/Projects/Tests/2026-09-02/image-generation/realvisxl_full/t2i_compbench/texture/texture_0148/0000.png
[2803/2953] sample 0: OK 31.6s -> /home/hm/Projects/Tests/2026-09-02/image-generation/realvisxl_full/t2i_compbench/texture/texture_0149/0000.png
[2804/2953] sample 0: OK 31.6s -> /home/hm/Projects/Tests/2026-09-02/image-generation/realvisxl_full/t2i_compbench/texture/texture_0150/0000.png
[2805/2953] sample 0: OK 31.6s -> /home/hm/Projects/Tests/2026-09-02/image-generation/realvisxl_full/t2i_compbench/texture/texture_0151/0000.png
[2806/2953] sample 0: OK 31.6s -> /home/hm/Projects/Tests/2026-09-02/image-generation/realvisxl_full/t2i_compbench/texture/texture_0152/0000.png
[2807/2953] sample 0: OK 31.6s -> /home/hm/Projects/Tests/2026-09-02/image-generation/realvisxl_full/t2i_compbench/texture/texture_0153/0000.png
[2808/2953] sample 0: OK 31.6s -> /home/hm/Projects/Tests/2026-09-02/image-generation/realvisxl_full/t2i_compbench/texture/texture_0154/0000.png
[2809/2953] sample 0: OK 31.6s -> /home/hm/Projects/Tests/2026-09-02/image-generation/realvisxl_full/t2i_compbench/texture/texture_0155/0000.png
[2810/2953] sample 0: OK 31.6s -> /home/hm/Projects/Tests/2026-09-02/image-generation/realvisxl_full/t2i_compbench/texture/texture_0156/0000.png
[2811/2953] sample 0: OK 31.6s -> /home/hm/Projects/Tests/2026-09-02/image-generation/realvisxl_full/t2i_compbench/texture/texture_0157/0000.png
[2812/2953] sample 0: OK 31.6s -> /home/hm/Projects/Tests/2026-09-02/image-generation/realvisxl_full/t2i_compbench/texture/texture_0158/0000.png
[2813/2953] sample 0: OK 31.6s -> /home/hm/Projects/Tests/2026-09-02/image-generation/realvisxl_full/t2i_compbench/texture/texture_0159/0000.png
[2814/2953] sample 0: OK 31.6s -> /home/hm/Projects/Tests/2026-09-02/image-generation/realvisxl_full/t2i_compbench/texture/texture_0160/0000.png
[2815/2953] sample 0: OK 31.6s -> /home/hm/Projects/Tests/2026-09-02/image-generation/realvisxl_full/t2i_compbench/texture/texture_0161/0000.png
[2816/2953] sample 0: OK 31.6s -> /home/hm/Projects/Tests/2026-09-02/image-generation/realvisxl_full/t2i_compbench/texture/texture_0162/0000.png
[2817/2953] sample 0: OK 31.6s -> /home/hm/Projects/Tests/2026-09-02/image-generation/realvisxl_full/t2i_compbench/texture/texture_0163/0000.png
[2818/2953] sample 0: OK 31.6s -> /home/hm/Projects/Tests/2026-09-02/image-generation/realvisxl_full/t2i_compbench/texture/texture_0164/0000.png
[2819/2953] sample 0: OK 31.6s -> /home/hm/Projects/Tests/2026-09-02/image-generation/realvisxl_full/t2i_compbench/texture/texture_0165/0000.png
[2820/2953] sample 0: OK 31.6s -> /home/hm/Projects/Tests/2026-09-02/image-generation/realvisxl_full/t2i_compbench/texture/texture_0166/0000.png
[2821/2953] sample 0: OK 31.6s -> /home/hm/Projects/Tests/2026-09-02/image-generation/realvisxl_full/t2i_compbench/texture/texture_0167/0000.png
[2822/2953] sample 0: OK 31.6s -> /home/hm/Projects/Tests/2026-09-02/image-generation/realvisxl_full/t2i_compbench/texture/texture_0168/0000.png
[2823/2953] sample 0: OK 31.6s -> /home/hm/Projects/Tests/2026-09-02/image-generation/realvisxl_full/t2i_compbench/texture/texture_0169/0000.png
[2824/2953] sample 0: OK 31.6s -> /home/hm/Projects/Tests/2026-09-02/image-generation/realvisxl_full/t2i_compbench/texture/texture_0170/0000.png
[2825/2953] sample 0: OK 31.6s -> /home/hm/Projects/Tests/2026-09-02/image-generation/realvisxl_full/t2i_compbench/texture/texture_0171/0000.png
[2826/2953] sample 0: OK 31.6s -> /home/hm/Projects/Tests/2026-09-02/image-generation/realvisxl_full/t2i_compbench/texture/texture_0172/0000.png
[2827/2953] sample 0: OK 31.6s -> /home/hm/Projects/Tests/2026-09-02/image-generation/realvisxl_full/t2i_compbench/texture/texture_0173/0000.png
[2828/2953] sample 0: OK 31.6s -> /home/hm/Projects/Tests/2026-09-02/image-generation/realvisxl_full/t2i_compbench/texture/texture_0174/0000.png
[2829/2953] sample 0: OK 31.6s -> /home/hm/Projects/Tests/2026-09-02/image-generation/realvisxl_full/t2i_compbench/texture/texture_0175/0000.png
[2830/2953] sample 0: OK 31.6s -> /home/hm/Projects/Tests/2026-09-02/image-generation/realvisxl_full/t2i_compbench/texture/texture_0176/0000.png
[2831/2953] sample 0: OK 31.6s -> /home/hm/Projects/Tests/2026-09-02/image-generation/realvisxl_full/t2i_compbench/texture/texture_0177/0000.png
[2832/2953] sample 0: OK 31.6s -> /home/hm/Projects/Tests/2026-09-02/image-generation/realvisxl_full/t2i_compbench/texture/texture_0178/0000.png
[2833/2953] sample 0: OK 31.6s -> /home/hm/Projects/Tests/2026-09-02/image-generation/realvisxl_full/t2i_compbench/texture/texture_0179/0000.png
[2834/2953] sample 0: OK 31.6s -> /home/hm/Projects/Tests/2026-09-02/image-generation/realvisxl_full/t2i_compbench/texture/texture_0180/0000.png
[2835/2953] sample 0: OK 31.6s -> /home/hm/Projects/Tests/2026-09-02/image-generation/realvisxl_full/t2i_compbench/texture/texture_0181/0000.png
[2836/2953] sample 0: OK 31.6s -> /home/hm/Projects/Tests/2026-09-02/image-generation/realvisxl_full/t2i_compbench/texture/texture_0182/0000.png
[2837/2953] sample 0: OK 31.6s -> /home/hm/Projects/Tests/2026-09-02/image-generation/realvisxl_full/t2i_compbench/texture/texture_0183/0000.png
[2838/2953] sample 0: OK 31.6s -> /home/hm/Projects/Tests/2026-09-02/image-generation/realvisxl_full/t2i_compbench/texture/texture_0184/0000.png
[2839/2953] sample 0: OK 31.6s -> /home/hm/Projects/Tests/2026-09-02/image-generation/realvisxl_full/t2i_compbench/texture/texture_0185/0000.png
[2840/2953] sample 0: OK 31.6s -> /home/hm/Projects/Tests/2026-09-02/image-generation/realvisxl_full/t2i_compbench/texture/texture_0186/0000.png
[2841/2953] sample 0: OK 31.6s -> /home/hm/Projects/Tests/2026-09-02/image-generation/realvisxl_full/t2i_compbench/texture/texture_0187/0000.png
[2842/2953] sample 0: OK 31.6s -> /home/hm/Projects/Tests/2026-09-02/image-generation/realvisxl_full/t2i_compbench/texture/texture_0188/0000.png
[2843/2953] sample 0: OK 31.6s -> /home/hm/Projects/Tests/2026-09-02/image-generation/realvisxl_full/t2i_compbench/texture/texture_0189/0000.png
[2844/2953] sample 0: OK 31.6s -> /home/hm/Projects/Tests/2026-09-02/image-generation/realvisxl_full/t2i_compbench/texture/texture_0190/0000.png
[2845/2953] sample 0: OK 31.6s -> /home/hm/Projects/Tests/2026-09-02/image-generation/realvisxl_full/t2i_compbench/texture/texture_0191/0000.png
[2846/2953] sample 0: OK 31.6s -> /home/hm/Projects/Tests/2026-09-02/image-generation/realvisxl_full/t2i_compbench/texture/texture_0192/0000.png
[2847/2953] sample 0: OK 31.6s -> /home/hm/Projects/Tests/2026-09-02/image-generation/realvisxl_full/t2i_compbench/texture/texture_0193/0000.png
[2848/2953] sample 0: OK 31.6s -> /home/hm/Projects/Tests/2026-09-02/image-generation/realvisxl_full/t2i_compbench/texture/texture_0194/0000.png
[2849/2953] sample 0: OK 31.6s -> /home/hm/Projects/Tests/2026-09-02/image-generation/realvisxl_full/t2i_compbench/texture/texture_0195/0000.png
[2850/2953] sample 0: OK 31.6s -> /home/hm/Projects/Tests/2026-09-02/image-generation/realvisxl_full/t2i_compbench/texture/texture_0196/0000.png
[2851/2953] sample 0: OK 31.6s -> /home/hm/Projects/Tests/2026-09-02/image-generation/realvisxl_full/t2i_compbench/texture/texture_0197/0000.png
[2852/2953] sample 0: OK 31.6s -> /home/hm/Projects/Tests/2026-09-02/image-generation/realvisxl_full/t2i_compbench/texture/texture_0198/0000.png
[2853/2953] sample 0: OK 31.6s -> /home/hm/Projects/Tests/2026-09-02/image-generation/realvisxl_full/t2i_compbench/texture/texture_0199/0000.png
[2854/2953] sample 0: OK 31.6s -> /home/hm/Projects/Tests/2026-09-02/image-generation/realvisxl_full/t2i_compbench/texture/texture_0200/0000.png
[2855/2953] sample 0: OK 31.6s -> /home/hm/Projects/Tests/2026-09-02/image-generation/realvisxl_full/t2i_compbench/texture/texture_0201/0000.png
[2856/2953] sample 0: OK 31.6s -> /home/hm/Projects/Tests/2026-09-02/image-generation/realvisxl_full/t2i_compbench/texture/texture_0202/0000.png
[2857/2953] sample 0: OK 31.6s -> /home/hm/Projects/Tests/2026-09-02/image-generation/realvisxl_full/t2i_compbench/texture/texture_0203/0000.png
[2858/2953] sample 0: OK 31.6s -> /home/hm/Projects/Tests/2026-09-02/image-generation/realvisxl_full/t2i_compbench/texture/texture_0204/0000.png
[2859/2953] sample 0: OK 31.6s -> /home/hm/Projects/Tests/2026-09-02/image-generation/realvisxl_full/t2i_compbench/texture/texture_0205/0000.png
[2860/2953] sample 0: OK 31.7s -> /home/hm/Projects/Tests/2026-09-02/image-generation/realvisxl_full/t2i_compbench/texture/texture_0206/0000.png
[2861/2953] sample 0: OK 31.6s -> /home/hm/Projects/Tests/2026-09-02/image-generation/realvisxl_full/t2i_compbench/texture/texture_0207/0000.png
[2862/2953] sample 0: OK 31.6s -> /home/hm/Projects/Tests/2026-09-02/image-generation/realvisxl_full/t2i_compbench/texture/texture_0208/0000.png
[2863/2953] sample 0: OK 31.6s -> /home/hm/Projects/Tests/2026-09-02/image-generation/realvisxl_full/t2i_compbench/texture/texture_0209/0000.png
[2864/2953] sample 0: OK 31.6s -> /home/hm/Projects/Tests/2026-09-02/image-generation/realvisxl_full/t2i_compbench/texture/texture_0210/0000.png
[2865/2953] sample 0: OK 31.6s -> /home/hm/Projects/Tests/2026-09-02/image-generation/realvisxl_full/t2i_compbench/texture/texture_0211/0000.png
[2866/2953] sample 0: OK 31.6s -> /home/hm/Projects/Tests/2026-09-02/image-generation/realvisxl_full/t2i_compbench/texture/texture_0212/0000.png
[2867/2953] sample 0: OK 31.6s -> /home/hm/Projects/Tests/2026-09-02/image-generation/realvisxl_full/t2i_compbench/texture/texture_0213/0000.png
[2868/2953] sample 0: OK 31.6s -> /home/hm/Projects/Tests/2026-09-02/image-generation/realvisxl_full/t2i_compbench/texture/texture_0214/0000.png
[2869/2953] sample 0: OK 31.6s -> /home/hm/Projects/Tests/2026-09-02/image-generation/realvisxl_full/t2i_compbench/texture/texture_0215/0000.png
[2870/2953] sample 0: OK 31.6s -> /home/hm/Projects/Tests/2026-09-02/image-generation/realvisxl_full/t2i_compbench/texture/texture_0216/0000.png
[2871/2953] sample 0: OK 31.7s -> /home/hm/Projects/Tests/2026-09-02/image-generation/realvisxl_full/t2i_compbench/texture/texture_0217/0000.png
[2872/2953] sample 0: OK 31.7s -> /home/hm/Projects/Tests/2026-09-02/image-generation/realvisxl_full/t2i_compbench/texture/texture_0218/0000.png
[2873/2953] sample 0: OK 31.6s -> /home/hm/Projects/Tests/2026-09-02/image-generation/realvisxl_full/t2i_compbench/texture/texture_0219/0000.png
[2874/2953] sample 0: OK 31.6s -> /home/hm/Projects/Tests/2026-09-02/image-generation/realvisxl_full/t2i_compbench/texture/texture_0220/0000.png
[2875/2953] sample 0: OK 31.6s -> /home/hm/Projects/Tests/2026-09-02/image-generation/realvisxl_full/t2i_compbench/texture/texture_0221/0000.png
[2876/2953] sample 0: OK 31.6s -> /home/hm/Projects/Tests/2026-09-02/image-generation/realvisxl_full/t2i_compbench/texture/texture_0222/0000.png
[2877/2953] sample 0: OK 31.6s -> /home/hm/Projects/Tests/2026-09-02/image-generation/realvisxl_full/t2i_compbench/texture/texture_0223/0000.png
[2878/2953] sample 0: OK 31.6s -> /home/hm/Projects/Tests/2026-09-02/image-generation/realvisxl_full/t2i_compbench/texture/texture_0224/0000.png
[2879/2953] sample 0: OK 31.6s -> /home/hm/Projects/Tests/2026-09-02/image-generation/realvisxl_full/t2i_compbench/texture/texture_0225/0000.png
[2880/2953] sample 0: OK 31.6s -> /home/hm/Projects/Tests/2026-09-02/image-generation/realvisxl_full/t2i_compbench/texture/texture_0226/0000.png
[2881/2953] sample 0: OK 31.6s -> /home/hm/Projects/Tests/2026-09-02/image-generation/realvisxl_full/t2i_compbench/texture/texture_0227/0000.png
[2882/2953] sample 0: OK 31.6s -> /home/hm/Projects/Tests/2026-09-02/image-generation/realvisxl_full/t2i_compbench/texture/texture_0228/0000.png
[2883/2953] sample 0: OK 31.6s -> /home/hm/Projects/Tests/2026-09-02/image-generation/realvisxl_full/t2i_compbench/texture/texture_0229/0000.png
[2884/2953] sample 0: OK 31.6s -> /home/hm/Projects/Tests/2026-09-02/image-generation/realvisxl_full/t2i_compbench/texture/texture_0230/0000.png
[2885/2953] sample 0: OK 31.6s -> /home/hm/Projects/Tests/2026-09-02/image-generation/realvisxl_full/t2i_compbench/texture/texture_0231/0000.png
[2886/2953] sample 0: OK 31.6s -> /home/hm/Projects/Tests/2026-09-02/image-generation/realvisxl_full/t2i_compbench/texture/texture_0232/0000.png
[2887/2953] sample 0: OK 31.6s -> /home/hm/Projects/Tests/2026-09-02/image-generation/realvisxl_full/t2i_compbench/texture/texture_0233/0000.png
[2888/2953] sample 0: OK 31.6s -> /home/hm/Projects/Tests/2026-09-02/image-generation/realvisxl_full/t2i_compbench/texture/texture_0234/0000.png
[2889/2953] sample 0: OK 31.6s -> /home/hm/Projects/Tests/2026-09-02/image-generation/realvisxl_full/t2i_compbench/texture/texture_0235/0000.png
[2890/2953] sample 0: OK 31.6s -> /home/hm/Projects/Tests/2026-09-02/image-generation/realvisxl_full/t2i_compbench/texture/texture_0236/0000.png
[2891/2953] sample 0: OK 31.6s -> /home/hm/Projects/Tests/2026-09-02/image-generation/realvisxl_full/t2i_compbench/texture/texture_0237/0000.png
[2892/2953] sample 0: OK 31.6s -> /home/hm/Projects/Tests/2026-09-02/image-generation/realvisxl_full/t2i_compbench/texture/texture_0238/0000.png
[2893/2953] sample 0: OK 31.6s -> /home/hm/Projects/Tests/2026-09-02/image-generation/realvisxl_full/t2i_compbench/texture/texture_0239/0000.png
[2894/2953] sample 0: OK 31.6s -> /home/hm/Projects/Tests/2026-09-02/image-generation/realvisxl_full/t2i_compbench/texture/texture_0240/0000.png
[2895/2953] sample 0: OK 31.6s -> /home/hm/Projects/Tests/2026-09-02/image-generation/realvisxl_full/t2i_compbench/texture/texture_0241/0000.png
[2896/2953] sample 0: OK 31.6s -> /home/hm/Projects/Tests/2026-09-02/image-generation/realvisxl_full/t2i_compbench/texture/texture_0242/0000.png
[2897/2953] sample 0: OK 31.6s -> /home/hm/Projects/Tests/2026-09-02/image-generation/realvisxl_full/t2i_compbench/texture/texture_0243/0000.png
[2898/2953] sample 0: OK 31.6s -> /home/hm/Projects/Tests/2026-09-02/image-generation/realvisxl_full/t2i_compbench/texture/texture_0244/0000.png
[2899/2953] sample 0: OK 31.6s -> /home/hm/Projects/Tests/2026-09-02/image-generation/realvisxl_full/t2i_compbench/texture/texture_0245/0000.png
[2900/2953] sample 0: OK 31.6s -> /home/hm/Projects/Tests/2026-09-02/image-generation/realvisxl_full/t2i_compbench/texture/texture_0246/0000.png
[2901/2953] sample 0: OK 31.6s -> /home/hm/Projects/Tests/2026-09-02/image-generation/realvisxl_full/t2i_compbench/texture/texture_0247/0000.png
[2902/2953] sample 0: OK 31.6s -> /home/hm/Projects/Tests/2026-09-02/image-generation/realvisxl_full/t2i_compbench/texture/texture_0248/0000.png
[2903/2953] sample 0: OK 31.6s -> /home/hm/Projects/Tests/2026-09-02/image-generation/realvisxl_full/t2i_compbench/texture/texture_0249/0000.png
[2904/2953] sample 0: OK 31.6s -> /home/hm/Projects/Tests/2026-09-02/image-generation/realvisxl_full/t2i_compbench/texture/texture_0250/0000.png
[2905/2953] sample 0: OK 31.6s -> /home/hm/Projects/Tests/2026-09-02/image-generation/realvisxl_full/t2i_compbench/texture/texture_0251/0000.png
[2906/2953] sample 0: OK 31.6s -> /home/hm/Projects/Tests/2026-09-02/image-generation/realvisxl_full/t2i_compbench/texture/texture_0252/0000.png
[2907/2953] sample 0: OK 31.6s -> /home/hm/Projects/Tests/2026-09-02/image-generation/realvisxl_full/t2i_compbench/texture/texture_0253/0000.png
[2908/2953] sample 0: OK 31.6s -> /home/hm/Projects/Tests/2026-09-02/image-generation/realvisxl_full/t2i_compbench/texture/texture_0254/0000.png
[2909/2953] sample 0: OK 31.6s -> /home/hm/Projects/Tests/2026-09-02/image-generation/realvisxl_full/t2i_compbench/texture/texture_0255/0000.png
[2910/2953] sample 0: OK 31.6s -> /home/hm/Projects/Tests/2026-09-02/image-generation/realvisxl_full/t2i_compbench/texture/texture_0256/0000.png
[2911/2953] sample 0: OK 31.6s -> /home/hm/Projects/Tests/2026-09-02/image-generation/realvisxl_full/t2i_compbench/texture/texture_0257/0000.png
[2912/2953] sample 0: OK 31.6s -> /home/hm/Projects/Tests/2026-09-02/image-generation/realvisxl_full/t2i_compbench/texture/texture_0258/0000.png
[2913/2953] sample 0: OK 31.6s -> /home/hm/Projects/Tests/2026-09-02/image-generation/realvisxl_full/t2i_compbench/texture/texture_0259/0000.png
[2914/2953] sample 0: OK 31.6s -> /home/hm/Projects/Tests/2026-09-02/image-generation/realvisxl_full/t2i_compbench/texture/texture_0260/0000.png
[2915/2953] sample 0: OK 31.6s -> /home/hm/Projects/Tests/2026-09-02/image-generation/realvisxl_full/t2i_compbench/texture/texture_0261/0000.png
[2916/2953] sample 0: OK 31.6s -> /home/hm/Projects/Tests/2026-09-02/image-generation/realvisxl_full/t2i_compbench/texture/texture_0262/0000.png
[2917/2953] sample 0: OK 31.6s -> /home/hm/Projects/Tests/2026-09-02/image-generation/realvisxl_full/t2i_compbench/texture/texture_0263/0000.png
[2918/2953] sample 0: OK 31.6s -> /home/hm/Projects/Tests/2026-09-02/image-generation/realvisxl_full/t2i_compbench/texture/texture_0264/0000.png
[2919/2953] sample 0: OK 31.6s -> /home/hm/Projects/Tests/2026-09-02/image-generation/realvisxl_full/t2i_compbench/texture/texture_0265/0000.png
[2920/2953] sample 0: OK 31.6s -> /home/hm/Projects/Tests/2026-09-02/image-generation/realvisxl_full/t2i_compbench/texture/texture_0266/0000.png
[2921/2953] sample 0: OK 31.6s -> /home/hm/Projects/Tests/2026-09-02/image-generation/realvisxl_full/t2i_compbench/texture/texture_0267/0000.png
[2922/2953] sample 0: OK 31.6s -> /home/hm/Projects/Tests/2026-09-02/image-generation/realvisxl_full/t2i_compbench/texture/texture_0268/0000.png
[2923/2953] sample 0: OK 31.6s -> /home/hm/Projects/Tests/2026-09-02/image-generation/realvisxl_full/t2i_compbench/texture/texture_0269/0000.png
[2924/2953] sample 0: OK 31.6s -> /home/hm/Projects/Tests/2026-09-02/image-generation/realvisxl_full/t2i_compbench/texture/texture_0270/0000.png
[2925/2953] sample 0: OK 31.6s -> /home/hm/Projects/Tests/2026-09-02/image-generation/realvisxl_full/t2i_compbench/texture/texture_0271/0000.png
[2926/2953] sample 0: OK 31.6s -> /home/hm/Projects/Tests/2026-09-02/image-generation/realvisxl_full/t2i_compbench/texture/texture_0272/0000.png
[2927/2953] sample 0: OK 31.6s -> /home/hm/Projects/Tests/2026-09-02/image-generation/realvisxl_full/t2i_compbench/texture/texture_0273/0000.png
[2928/2953] sample 0: OK 31.6s -> /home/hm/Projects/Tests/2026-09-02/image-generation/realvisxl_full/t2i_compbench/texture/texture_0274/0000.png
[2929/2953] sample 0: OK 31.6s -> /home/hm/Projects/Tests/2026-09-02/image-generation/realvisxl_full/t2i_compbench/texture/texture_0275/0000.png
[2930/2953] sample 0: OK 31.6s -> /home/hm/Projects/Tests/2026-09-02/image-generation/realvisxl_full/t2i_compbench/texture/texture_0276/0000.png
[2931/2953] sample 0: OK 31.6s -> /home/hm/Projects/Tests/2026-09-02/image-generation/realvisxl_full/t2i_compbench/texture/texture_0277/0000.png
[2932/2953] sample 0: OK 31.6s -> /home/hm/Projects/Tests/2026-09-02/image-generation/realvisxl_full/t2i_compbench/texture/texture_0278/0000.png
[2933/2953] sample 0: OK 31.6s -> /home/hm/Projects/Tests/2026-09-02/image-generation/realvisxl_full/t2i_compbench/texture/texture_0279/0000.png
[2934/2953] sample 0: OK 31.6s -> /home/hm/Projects/Tests/2026-09-02/image-generation/realvisxl_full/t2i_compbench/texture/texture_0280/0000.png
[2935/2953] sample 0: OK 31.6s -> /home/hm/Projects/Tests/2026-09-02/image-generation/realvisxl_full/t2i_compbench/texture/texture_0281/0000.png
[2936/2953] sample 0: OK 31.6s -> /home/hm/Projects/Tests/2026-09-02/image-generation/realvisxl_full/t2i_compbench/texture/texture_0282/0000.png
[2937/2953] sample 0: OK 31.6s -> /home/hm/Projects/Tests/2026-09-02/image-generation/realvisxl_full/t2i_compbench/texture/texture_0283/0000.png
[2938/2953] sample 0: OK 31.6s -> /home/hm/Projects/Tests/2026-09-02/image-generation/realvisxl_full/t2i_compbench/texture/texture_0284/0000.png
[2939/2953] sample 0: OK 31.6s -> /home/hm/Projects/Tests/2026-09-02/image-generation/realvisxl_full/t2i_compbench/texture/texture_0285/0000.png
[2940/2953] sample 0: OK 31.6s -> /home/hm/Projects/Tests/2026-09-02/image-generation/realvisxl_full/t2i_compbench/texture/texture_0286/0000.png
[2941/2953] sample 0: OK 31.6s -> /home/hm/Projects/Tests/2026-09-02/image-generation/realvisxl_full/t2i_compbench/texture/texture_0287/0000.png
[2942/2953] sample 0: OK 31.6s -> /home/hm/Projects/Tests/2026-09-02/image-generation/realvisxl_full/t2i_compbench/texture/texture_0288/0000.png
[2943/2953] sample 0: OK 31.6s -> /home/hm/Projects/Tests/2026-09-02/image-generation/realvisxl_full/t2i_compbench/texture/texture_0289/0000.png
[2944/2953] sample 0: OK 31.6s -> /home/hm/Projects/Tests/2026-09-02/image-generation/realvisxl_full/t2i_compbench/texture/texture_0290/0000.png
[2945/2953] sample 0: OK 31.6s -> /home/hm/Projects/Tests/2026-09-02/image-generation/realvisxl_full/t2i_compbench/texture/texture_0291/0000.png
[2946/2953] sample 0: OK 31.6s -> /home/hm/Projects/Tests/2026-09-02/image-generation/realvisxl_full/t2i_compbench/texture/texture_0292/0000.png
[2947/2953] sample 0: OK 31.6s -> /home/hm/Projects/Tests/2026-09-02/image-generation/realvisxl_full/t2i_compbench/texture/texture_0293/0000.png
[2948/2953] sample 0: OK 31.6s -> /home/hm/Projects/Tests/2026-09-02/image-generation/realvisxl_full/t2i_compbench/texture/texture_0294/0000.png
[2949/2953] sample 0: OK 31.6s -> /home/hm/Projects/Tests/2026-09-02/image-generation/realvisxl_full/t2i_compbench/texture/texture_0295/0000.png
[2950/2953] sample 0: OK 31.6s -> /home/hm/Projects/Tests/2026-09-02/image-generation/realvisxl_full/t2i_compbench/texture/texture_0296/0000.png
[2951/2953] sample 0: OK 31.6s -> /home/hm/Projects/Tests/2026-09-02/image-generation/realvisxl_full/t2i_compbench/texture/texture_0297/0000.png
[2952/2953] sample 0: OK 31.6s -> /home/hm/Projects/Tests/2026-09-02/image-generation/realvisxl_full/t2i_compbench/texture/texture_0298/0000.png
[2953/2953] sample 0: OK 31.6s -> /home/hm/Projects/Tests/2026-09-02/image-generation/realvisxl_full/t2i_compbench/texture/texture_0299/0000.png
Generation run finished; use manifest.jsonl for outputs and timings.
